Material compositions 1,Material compositions 2,Site2_MeltingT,Site1_MendeleevNumber,Site1_MiracleRadius,GSestFCClatcnt_max_value,Site2_BCCenergy_pa,Site1_BCCfermi,CovalentRadius_max_value,Site2_Density,n_ws^third_min_value,Site1_HHIr,IonicRadii_max_value,BoilingT_max_value,valence_arithmetic_average,Site2_NdUnfilled,Site1_IonicRadii,BCCenergy_pa_composition_average,MiracleRadius_min_value,MeltingT_min_value,NUnfilled_max_value,Site2_Group,Site1_CovalentRadii,Site2_NUnfilled,SpecificHeatCapacity_difference,Site1_Electronegativity,BCCenergy_pa_arithmetic_average,E_raw (eV)
0.10000000000000001,0.10000000000000001,0.33130945356487507,0.72702702701788369,0.29999999999999999,0.24364790355584892,0.73997785573851593,0.23727638646019791,0.32325581391054686,0.46109725673588958,0.58135593221542192,0.18372093021071689,0.56476190485997235,0.29032401244719508,0.17272727269646648,0.10000000000000003,0.85076923078813949,0.77571552221503559,0.43939393937638238,0.33130945361949993,0.13636363629263762,0.63333333340300957,0.35762711864164914,0.1363636364661362,0.10000000000000001,0.58311688310452359,0.77571552221503559,0.258242027117012
0.10000000000000001,0.22631578947368422,0.45453841429566788,0.72702702701788369,0.29999999999999999,0.24364790355584892,0.47369970924220184,0.23727638646019791,0.32325581391054686,0.40342326002309037,0.58135593221542192,0.18372093021071689,0.56476190485997235,0.42614292061853054,0.24545454539293299,0.3666666667617956,0.85076923078813949,0.63514169195659742,0.28585858580298851,0.33130945361949993,0.20909090907315941,0.52666666659699046,0.35762711864164914,0.20909090917290896,0.15807962529782074,0.58311688310452359,0.63514169195659742,0.24461605218295235
0.10000000000000001,0.24035087719298245,0.54977981204191473,0.72702702701788369,0.29999999999999999,0.24364790355584892,0.31589194331709969,0.23727638646019791,0.32325581391054686,0.33958286105621061,0.58135593221542192,0.18372093021071689,0.56476190485997235,0.3806924102605137,0.46363636365176675,0.54444444431760597,0.85076923078813949,0.55183165555840064,0.32626262628310954,0.33130945361949993,0.31818181814631885,0.36666666659699049,0.35762711864164914,0.31818181823306813,0.16682279471522157,0.58311688310452359,0.55183165555840064,0.29741386706585793
0.10000000000000001,0.25438596491228072,0.35970618490099637,0.72702702701788369,0.29999999999999999,0.24364790355584892,0.68229145545460235,0.23727638646019791,0.32325581391054686,0.40414871896220395,0.58135593221542192,0.18372093021071689,0.56476190485997235,0.42614292061853054,0.17272727269646648,0.10000000000000003,0.85076923078813949,0.74526165905707553,0.29393939395695107,0.33130945361949993,0.13636363629263762,0.63333333340300957,0.35762711864164914,0.1363636364661362,0.14683840753743271,0.58311688310452359,0.74526165905707553,0.2548861746913707
0.10000000000000001,0.28245614035087718,0.46447865727537269,0.72702702701788369,0.29999999999999999,0.24364790355584892,0.39210577950243108,0.23727638646019791,0.32325581391054686,0.36620720918857602,0.58135593221542192,0.18372093021071689,0.56476190485997235,0.41442521079572936,0.46363636365176675,0.45555555539700737,0.85076923078813949,0.59206654147867677,0.28585858580298851,0.33130945361949993,0.24545454546342033,0.47333333340300954,0.35762711864164914,0.24545454552629536,0.16682279471522157,0.58311688310452359,0.59206654147867677,0.30626193919086853
0.10000000000000001,0.4508771929824561,0.39697747264964656,0.72702702701788369,0.29999999999999999,0.24364790355584892,0.35554493647920721,0.23727638646019791,0.32325581391054686,0.35155293580136521,0.58135593221542192,0.18372093021071689,0.56476190485997235,0.29032401244719508,0.53636363634823325,0.54444444431760597,0.85076923078813949,0.57276530403599568,0.34242424239790686,0.33130945361949993,0.28181818175605794,0.41999999999999998,0.35762711864164914,0.28181818187968177,0.17650273229378444,0.58311688310452359,0.57276530403599568,0.28880478078591748
0.10000000000000001,0.52105263157894743,0.44529167672669889,0.72702702701788369,0.29999999999999999,0.24364790355584892,0.5700166829679213,0.23727638646019791,0.32325581391054686,0.40371344355960914,0.58135593221542192,0.18372093021071689,0.56476190485997235,0.42365734587991299,0.24545454539293299,0.27777777784119706,0.85076923078813949,0.68598944670962747,0.29393939395695107,0.33130945361949993,0.17272727268289853,0.58000000000000007,0.35762711864164914,0.1727272728195226,0.16526151444661819,0.58311688310452359,0.68598944670962747,0.29611885423988787
0.10000000000000001,0.68947368421052635,0.46517216268610845,0.72702702701788369,0.29999999999999999,0.35339056680810288,0.52420348762341018,0.23727638646019791,0.55581395343567108,0.18886873715930902,0.52033898315245153,0.18372093021071689,0.56476190485997235,0.40892143821701032,0.24545454539293299,0.90000000000000002,0.85076923078813949,0.66180369812743378,0.43939393937638238,0.33130945361949993,0.42727272721947818,0.20666666659699046,0.35762711864164914,0.42727272729322729,0.20398126467409139,0.58311688310452359,0.66180369812743378,0.25802566368835567
0.10000000000000001,0.81578947368421051,0.49453055468473223,0.72702702701788369,0.29999999999999999,0.2510355908296843,0.43112243561043151,0.23727638646019791,0.46279069762562142,0.24407617312698252,0.58135593221542192,0.18372093021071689,0.56476190485997235,0.49005770094614537,0.31818181808939949,0.81111111107940159,0.85076923078813949,0.61266425437161665,0.42323232316502124,0.33130945361949993,0.39090909092684067,0.25999999999999995,0.35762711864164914,0.39090909093984094,0.18992974243021724,0.58311688310452359,0.61266425437161665,0.28317889009733321
0.10000000000000001,0.84385964912280698,0.5504733172458437,0.72702702701788369,0.29999999999999999,0.24364790355584892,0.35124146930961531,0.23727638646019791,0.39767441865930409,0.30222171835562028,0.58135593221542192,0.18372093021071689,0.56476190485997235,0.51136262758950424,0.39090909095530024,0.72222222215880305,0.85076923078813949,0.57049341337763115,0.35858585860926806,0.33130945361949993,0.35454545453657971,0.31333333340300951,0.35762711864164914,0.35454545458645453,0.17931303669049234,0.58311688310452359,0.57049341337763115,0.2957548189169264
0.10000000000000001,0.88596491228070173,0.20595836644681245,0.72702702701788369,0.29999999999999999,0.24364790355584892,0.83766619868968695,0.23727638646019791,0.32325581391054686,0.33958286105621061,0.55423728822249141,0.18372093021071689,0.56476190485997235,0.29032401244719508,0.17272727269646648,0.10000000000000003,0.85076923078813949,0.827287251667299,0.40707070705022391,0.20595836647521493,0.13636363629263762,0.68666666659699049,0.35762711864164914,0.10000000000000001,0.14777517569859475,0.58311688310452359,0.827287251667299,0.23602484017719388
0.15714285714285714,0.10000000000000001,0.33130945356487507,0.81351351356532575,0.26842105255275245,0.24673917112992513,0.73997785573851593,0.67749048268594381,0.32325581391054686,0.46109725673588958,0.58135593221542192,0.14651162783521265,0.56476190485997235,0.35370616967332591,0.24545454539293299,0.10000000000000003,0.099999999999999978,0.74502078058857102,0.41515151510762255,0.26162141538601658,0.28181818175605794,0.63333333340300957,0.14067796604122851,0.1363636364661362,0.3076502732076839,0.41688311689547647,0.74502078058857102,0.15494125546914983
0.15714285714285714,0.11403508771929825,0.26162141532230454,0.81351351356532575,0.26842105255275245,0.24673917112992513,0.68183517803702698,0.67749048268594381,0.10000000000000003,0.17853094527170132,0.60169491528899655,0.14651162783521265,0.099999999999999978,0.35370616967332591,0.31818181808939949,0.10000000000000003,0.099999999999999978,0.71432603896210645,0.41515151510762255,0.26162141538601658,0.28181818175605794,0.7400000000000001,0.14067796604122851,0.28181818187968177,0.10000000000000001,0.41688311689547647,0.71432603896210645,0.17384101107171357
0.15714285714285714,0.1280701754385965,0.29780621152965092,0.81351351356532575,0.26842105255275245,0.35238004558477193,0.64653378280826823,0.67749048268594381,0.10000000000000003,0.28832917702076688,0.60169491528899655,0.14651162783521265,0.13047619056966114,0.35370616967332591,0.46363636365176675,0.10000000000000003,0.099999999999999978,0.69568969046465057,0.20505050503587419,0.26162141538601658,0.28181818175605794,0.84666666659699052,0.14067796604122851,0.20909090917290896,0.27798594845133218,0.41688311689547647,0.69568969046465057,0.15231104074080781
0.15714285714285714,0.14210526315789473,0.35498110189860899,0.81351351356532575,0.26842105255275245,0.25123928100358683,0.71094591587707701,0.67749048268594381,0.23953488371507461,0.78066198133329479,0.60169491528899655,0.14651162783521265,0.33619047615063619,0.41353750556033297,0.31818181808939949,0.10000000000000003,0.099999999999999978,0.72969420928273898,0.41515151510762255,0.26162141538601658,0.28181818175605794,0.63333333340300957,0.14067796604122851,0.1363636364661362,0.34106167060868375,0.41688311689547647,0.72969420928273898,0.13987345063460171
0.15714285714285714,0.17017543859649123,0.17168071017069114,0.81351351356532575,0.26842105255275245,0.51063343677355277,0.66650915636390418,0.67749048268594381,0.3511627907542792,0.43534345940871366,0.44576271193526229,0.14651162783521265,0.47333333331188099,0.35370616967332591,0.46363636365176675,0.10000000000000003,0.099999999999999978,0.70623510993394856,0.41515151510762255,0.17168071013486189,0.28181818175605794,0.84666666659699052,0.14067796604122851,0.20909090917290896,0.34293520684422962,0.41688311689547647,0.70623510993394856,0.1203252110559123
0.15714285714285714,0.18421052631578949,0.3035854224585548,0.81351351356532575,0.26842105255275245,0.57021441580065768,0.78952684177131283,0.67749048268594381,0.61162790695527347,0.13681704815389717,0.27627118642730902,0.14651162783521265,0.45047619050530424,0.35370616967332591,0.24545454539293299,0.10000000000000003,0.099999999999999978,0.77117873169661511,0.41515151510762255,0.26162141538601658,0.28181818175605794,0.15333333340300948,0.14067796604122851,0.10000000000000001,0.17900078063677166,0.41688311689547647,0.77117873169661511,0.144719696852455
0.15714285714285714,0.19824561403508772,0.18319752187343646,0.81351351356532575,0.26842105255275245,0.30524975057239828,0.86371532421967911,0.67749048268594381,0.31395348829596936,0.39435502142565626,0.50000000007887691,0.14651162783521265,0.41238095249434303,0.35370616967332591,0.24545454539293299,0.10000000000000003,0.099999999999999978,0.81034439089347532,0.41515151510762255,0.18319752184427859,0.28181818175605794,0.68666666659699049,0.14067796604122851,0.10000000000000001,0.30858704136884596,0.41688311689547647,0.81034439089347532,0.15795239784780352
0.15714285714285714,0.21228070175438596,0.29341401100860481,0.81351351356532575,0.26842105255275245,0.56392058695074565,0.61901797479698095,0.67749048268594381,0.87209302315626758,0.32322375878059828,0.46610169500883697,0.14651162783521265,0.55714285709688793,0.5030181979394861,0.39090909095530024,0.90000000000000002,0.099999999999999978,0.68116351700388278,0.41515151510762255,0.26162141538601658,0.90000000000000002,0.20666666659699046,0.14067796604122851,0.90000000000000013,0.32170179545155808,0.41688311689547647,0.68116351700388278,0.12356611931888094
0.15714285714285714,0.22631578947368422,0.45453841429566788,0.81351351356532575,0.26842105255275245,0.24673917112992513,0.47369970924220184,0.67749048268594381,0.14651162790502489,0.40342326002309037,0.60169491528899655,0.14651162783521265,0.18380952378500687,0.42614292061853054,0.31818181808939949,0.3666666667617956,0.099999999999999978,0.60444695033013285,0.28585858580298851,0.26162141538601658,0.28181818175605794,0.52666666659699046,0.14067796604122851,0.20909090917290896,0.24957064790986316,0.41688311689547647,0.60444695033013285,0.28635071350303537
0.15714285714285714,0.24035087719298245,0.54977981204191473,0.81351351356532575,0.26842105255275245,0.24673917112992513,0.31589194331709969,0.67749048268594381,0.26744186039094453,0.33958286105621061,0.60169491528899655,0.14651162783521265,0.16095238097843012,0.3806924102605137,0.53636363634823325,0.54444444431760597,0.099999999999999978,0.52113691393193606,0.32626262628310954,0.26162141538601658,0.31818181814631885,0.36666666659699049,0.14067796604122851,0.31818181823306813,0.24082747857924056,0.41688311689547647,0.52113691393193606,0.31141333430528334
0.15714285714285714,0.25438596491228072,0.35970618490099637,0.81351351356532575,0.26842105255275245,0.24673917112992513,0.68229145545460235,0.67749048268594381,0.2023255814246272,0.40414871896220395,0.60169491528899655,0.14651162783521265,0.24476190476343701,0.42614292061853054,0.24545454539293299,0.10000000000000003,0.099999999999999978,0.71456691743061096,0.29393939395695107,0.26162141538601658,0.28181818175605794,0.63333333340300957,0.14067796604122851,0.1363636364661362,0.26081186575702942,0.41688311689547647,0.71456691743061096,0.16325666421662671
0.15714285714285714,0.26842105263157895,0.45500075123615841,0.81351351356532575,0.26842105255275245,0.47925376216371807,0.63360062676374618,0.67749048268594381,0.73255813944119308,0.40944457041109489,0.49322033900176737,0.14651162783521265,0.45047619050530424,0.41566799816503819,0.31818181808939949,0.10000000000000003,0.099999999999999978,0.68886200553466814,0.41515151510762255,0.26162141538601658,0.28181818175605794,0.20666666659699046,0.14067796604122851,0.1727272728195226,0.32857142854663479,0.41688311689547647,0.68886200553466814,0.15821541932063771
0.15714285714285714,0.28245614035087718,0.46447865727537269,0.81351351356532575,0.26842105255275245,0.24673917112992513,0.39210577950243108,0.67749048268594381,0.2023255814246272,0.36620720918857602,0.60169491528899655,0.14651162783521265,0.10761904760219221,0.41442521079572936,0.53636363634823325,0.45555555539700737,0.099999999999999978,0.56137179985221219,0.28585858580298851,0.26162141538601658,0.28181818175605794,0.47333333340300954,0.14067796604122851,0.24545454552629536,0.24082747857924056,0.41688311689547647,0.56137179985221219,0.30651569308699123
0.15714285714285714,0.29649122807017547,0.11585584322126258,0.81351351356532575,0.26842105255275245,0.29340967598835338,0.72382583135337863,0.67749048268594381,0.10930232561457753,0.29474948989375549,0.54745762714538193,0.14651162783521265,0.16095238097843012,0.35370616967332591,0.31818181808939949,0.10000000000000003,0.099999999999999978,0.73649378744021576,0.35858585860926806,0.11585584336724039,0.28181818175605794,0.7400000000000001,0.14067796604122851,0.28181818187968177,0.26518345042234071,0.41688311689547647,0.73649378744021576,0.16210934641271196
0.15714285714285714,0.32456140350877194,0.32587006017762404,0.81351351356532575,0.26842105255275245,0.36620049717395403,0.6425709074774375,0.67749048268594381,0.10000000000000003,0.27367490363355607,0.5881355932925314,0.14651162783521265,0.099999999999999978,0.40714602754744844,0.39090909095530024,0.10000000000000003,0.099999999999999978,0.69359760532755166,0.19696969697847555,0.26162141538601658,0.28181818175605794,0.7933333334030096,0.14067796604122851,0.24545454552629536,0.28110850898853895,0.41688311689547647,0.69359760532755166,0.15705600857544327
0.15714285714285714,0.33859649122807017,0.62514072382875208,0.81351351356532575,0.26842105255275245,0.35280131725226044,0.29902547444736671,0.67749048268594381,0.60232558134069603,0.56338698710547963,0.60169491528899655,0.14651162783521265,0.32095238094625167,0.72370173094788293,0.39090909095530024,0.81111111107940159,0.099999999999999978,0.51223275051067874,0.41515151510762255,0.26162141538601658,0.39090909092684067,0.25999999999999995,0.14067796604122851,0.39090909093984094,0.33731459796403562,0.41688311689547647,0.51223275051067874,0.29433054312999968
0.15714285714285714,0.35263157894736841,0.099999999999999978,0.81351351356532575,0.26842105255275245,0.40179705923654846,0.89999999999999991,0.67749048268594381,0.2023255814246272,0.57151212867123657,0.50000000007887691,0.14651162783521265,0.46571428570968876,0.35370616967332591,0.24545454539293299,0.10000000000000003,0.099999999999999978,0.82949983379773795,0.41515151510762255,0.10000000000000001,0.28181818175605794,0.68666666659699049,0.14067796604122851,0.10000000000000001,0.33731459796403562,0.41688311689547647,0.82949983379773795,0.14659561436847368
0.15714285714285714,0.3666666666666667,0.14517724823155809,0.81351351356532575,0.26842105255275245,0.38647989940453886,0.7441078164537277,0.67749048268594381,0.29534883723467692,0.34574926311465803,0.45254237285461796,0.14651162783521265,0.29809523813967492,0.35370616967332591,0.31818181808939949,0.10000000000000003,0.099999999999999978,0.74720107359614785,0.41515151510762255,0.14517724834763862,0.28181818175605794,0.7400000000000001,0.14067796604122851,0.28181818187968177,0.30827478531512525,0.41688311689547647,0.74720107359614785,0.14893862174142208
0.15714285714285714,0.38070175438596487,0.67900297036446311,0.81351351356532575,0.26842105255275245,0.24673917112992513,0.39575162236586603,0.67749048268594381,0.28604651162009942,0.89891181129787989,0.60169491528899655,0.14651162783521265,0.16857142858062235,0.69263204611885643,0.31818181808939949,0.3666666667617956,0.099999999999999978,0.56329651692494753,0.37474747472406539,0.26162141538601658,0.28181818175605794,0.52666666659699046,0.14067796604122851,0.20909090917290896,0.34043715850124245,0.41688311689547647,0.56329651692494753,0.31882026083912024
0.15714285714285714,0.40877192982456145,0.32161656086280921,0.81351351356532575,0.26842105255275245,0.55982152194851664,0.6102245769468162,0.67749048268594381,0.90000000000000002,0.3035275447590377,0.45932203393172744,0.14651162783521265,0.57238095246216458,0.52148246790908426,0.31818181808939949,0.90000000000000002,0.099999999999999978,0.67652129752081192,0.41515151510762255,0.26162141538601658,0.42727272721947818,0.20666666659699046,0.14067796604122851,0.42727272729322729,0.32170179545155808,0.41688311689547647,0.67652129752081192,0.10000000000000001
0.15714285714285714,0.43684210526315792,0.25920108175525125,0.81351351356532575,0.26842105255275245,0.36430567160661209,0.81537819645801068,0.67749048268594381,0.28604651162009942,0.14363636351186987,0.45254237285461796,0.14651162783521265,0.23714285716124478,0.35370616967332591,0.24545454539293299,0.10000000000000003,0.099999999999999978,0.78482620516436874,0.41515151510762255,0.25920108176802636,0.28181818175605794,0.15333333340300948,0.14067796604122851,0.10000000000000001,0.13747072601259053,0.41688311689547647,0.78482620516436874,0.17090998442903815
0.15714285714285714,0.4508771929824561,0.39697747264964656,0.81351351356532575,0.26842105255275245,0.24673917112992513,0.35554493647920721,0.67749048268594381,0.26744186039094453,0.35155293580136521,0.60169491528899655,0.14651162783521265,0.19904761915028354,0.35370616967332591,0.60909090904469976,0.54444444431760597,0.099999999999999978,0.54207056240953111,0.34242424239790686,0.26162141538601658,0.28181818175605794,0.41999999999999998,0.14067796604122851,0.28181818187968177,0.23114754100067769,0.41688311689547647,0.54207056240953111,0.27288220015273207
0.15714285714285714,0.46491228070175439,0.71529641564321711,0.81351351356532575,0.26842105255275245,0.24673917112992513,0.23205393286420745,0.67749048268594381,0.40697674410601908,0.45347993640794881,0.60169491528899655,0.14651162783521265,0.13809523817185337,0.73009320896076746,0.53636363634823325,0.54444444431760597,0.099999999999999978,0.47687706610300373,0.39898989899282522,0.26162141538601658,0.31818181814631885,0.36666666659699049,0.14067796604122851,0.31818181823306813,0.3029664324886519,0.41688311689547647,0.47687706610300373,0.43990083540245328
0.15714285714285714,0.47894736842105268,0.13156605058959603,0.81351351356532575,0.26842105255275245,0.46072719471160734,0.83157863365586471,0.67749048268594381,0.51860465114522369,0.11570618897608703,0.21525423736433863,0.14651162783521265,0.46571428570968876,0.35370616967332591,0.17272727269646648,0.10000000000000003,0.099999999999999978,0.79337875651419854,0.41515151510762255,0.13156605060783907,0.28181818175605794,0.099999999999999978,0.14067796604122851,0.1363636364661362,0.20304449651292936,0.41688311689547647,0.79337875651419854,0.16337608201176407
0.15714285714285714,0.49298245614035086,0.68154582333035407,0.81351351356532575,0.26842105255275245,0.28053045526454623,0.27910686046634098,0.67749048268594381,0.4999999999160688,0.39145318508230265,0.60169491528899655,0.14651162783521265,0.17619047618281461,0.74873501989793723,0.46363636365176675,0.63333333323820451,0.099999999999999978,0.50171729545839394,0.41515151510762255,0.26162141538601658,0.35454545453657971,0.31333333340300951,0.14067796604122851,0.35454545458645453,0.29828259176961991,0.41688311689547647,0.50171729545839394,0.38560352905644923
0.15714285714285714,0.50701754385964914,0.34496457346228382,0.81351351356532575,0.26842105255275245,0.53427298182808169,0.62054492138984996,0.67749048268594381,0.84418604648039763,0.33486737687599033,0.47288135592819269,0.14651162783521265,0.67142857145155599,0.4568575233136446,0.31818181808939949,0.10000000000000003,0.099999999999999978,0.68196962434646646,0.41515151510762255,0.26162141538601658,0.46363636360973914,0.20666666659699046,0.14067796604122851,0.46363636364661365,0.32170179545155808,0.41688311689547647,0.68196962434646646,0.12315647093302996
0.15714285714285714,0.52105263157894743,0.44529167672669889,0.81351351356532575,0.26842105255275245,0.24673917112992513,0.5700166829679213,0.67749048268594381,0.12790697667586998,0.40371344355960914,0.60169491528899655,0.14651162783521265,0.21428571435466803,0.42365734587991299,0.31818181808939949,0.27777777784119706,0.099999999999999978,0.65529470523905786,0.29393939395695107,0.26162141538601658,0.28181818175605794,0.58000000000000007,0.14067796604122851,0.1727272728195226,0.24238875876106575,0.41688311689547647,0.65529470523905786,0.22425194841394319
0.15714285714285714,0.53508771929824561,0.81007547644897349,0.81351351356532575,0.26842105255275245,0.24673917112992513,0.26416539965324087,0.67749048268594381,0.31395348829596936,0.89999999999999991,0.60169491528899655,0.14651162783521265,0.16857142858062235,0.79631602305942828,0.68181818174116626,0.45555555539700737,0.099999999999999978,0.49382938424541106,0.36666666666666675,0.26162141538601658,0.28181818175605794,0.47333333340300954,0.14067796604122851,0.24545454552629536,0.34043715850124245,0.41688311689547647,0.49382938424541106,0.4066301307065861
0.15714285714285714,0.5491228070175439,0.1191823571751327,0.81351351356532575,0.26842105255275245,0.35900345615198953,0.61727691466819024,0.67749048268594381,0.10000000000000003,0.14671956463891017,0.60169491528899655,0.14651162783521265,0.099999999999999978,0.35370616967332591,0.46363636365176675,0.10000000000000003,0.099999999999999978,0.68024437473677357,0.10000000000000003,0.11918235720543705,0.28181818175605794,0.84666666659699052,0.14067796604122851,0.20909090917290896,0.14090554260351801,0.41688311689547647,0.68024437473677357,0.13950763916088982
0.15714285714285714,0.56315789473684208,0.18467468806534465,0.81351351356532575,0.26842105255275245,0.44463070757615503,0.6860488022326825,0.67749048268594381,0.33255813952512431,0.49192926761502598,0.43898305085815276,0.14651162783521265,0.59523809526874127,0.35370616967332591,0.39090909095530024,0.10000000000000003,0.099999999999999978,0.71655049982186159,0.41515151510762255,0.18467468817253024,0.28181818175605794,0.7933333334030096,0.14067796604122851,0.24545454552629536,0.3407494145549631,0.41688311689547647,0.71655049982186159,0.12538459536382085
0.15714285714285714,0.57719298245614037,0.46842007928978086,0.81351351356532575,0.26842105255275245,0.24673917112992513,0.59177631816491594,0.67749048268594381,0.26744186039094453,0.51670369518854709,0.60169491528899655,0.14651162783521265,0.17619047618281461,0.43253439863141507,0.39090909095530024,0.10000000000000003,0.099999999999999978,0.6667820739424426,0.41515151510762255,0.26162141538601658,0.28181818175605794,0.58000000000000007,0.14067796604122851,0.10000000000000001,0.30483996881097597,0.41688311689547647,0.6667820739424426,0.21261551566751952
0.15714285714285714,0.60526315789473684,0.51773986607797562,0.81351351356532575,0.26842105255275245,0.24673917112992513,0.53963930330246579,0.67749048268594381,0.23953488371507461,0.84559056900229446,0.60169491528899655,0.14651162783521265,0.16857142858062235,0.58557478920427075,0.39090909095530024,0.18888888892059855,0.099999999999999978,0.6392578480598492,0.39898989899282522,0.26162141538601658,0.28181818175605794,0.58000000000000007,0.14067796604122851,0.1727272728195226,0.34043715850124245,0.41688311689547647,0.6392578480598492,0.22490194400772889
0.15714285714285714,0.61929824561403513,0.84544424784674654,0.81351351356532575,0.26842105255275245,0.24673917112992513,0.1535682227144648,0.67749048268594381,0.37906976743014914,0.84305146222631422,0.60169491528899655,0.14651162783521265,0.099999999999999978,0.90000000000000013,0.60909090904469976,0.54444444431760597,0.099999999999999978,0.43544281015267966,0.38282828278146408,0.26162141538601658,0.28181818175605794,0.41999999999999998,0.14067796604122851,0.28181818187968177,0.33825136612519768,0.41688311689547647,0.43544281015267966,0.46450997090671126
0.15714285714285714,0.6333333333333333,0.56295641319143941,0.81351351356532575,0.26842105255275245,0.24673917112992513,0.47808147823587771,0.67749048268594381,0.29534883723467692,0.53219224665896991,0.60169491528899655,0.14651162783521265,0.19904761915028354,0.56249445189134994,0.53636363634823325,0.27777777784119706,0.099999999999999978,0.60676017825563699,0.34242424239790686,0.26162141538601658,0.28181818175605794,0.52666666659699046,0.14067796604122851,0.20909090917290896,0.30546448091841738,0.41688311689547647,0.60676017825563699,0.29513321210744192
0.15714285714285714,0.64736842105263159,0.64848873622141989,0.81351351356532575,0.26842105255275245,0.24673917112992513,0.37426384189366413,0.67749048268594381,0.33255813952512431,0.5292904103156163,0.60169491528899655,0.14651162783521265,0.16095238097843012,0.6432756324865726,0.68181818174116626,0.3666666667617956,0.099999999999999978,0.55195266606978433,0.35858585860926806,0.26162141538601658,0.28181818175605794,0.47333333340300954,0.14067796604122851,0.24545454552629536,0.30671350504652184,0.41688311689547647,0.55195266606978433,0.37491639220048462
0.15714285714285714,0.66140350877192977,0.1356091866151003,0.81351351356532575,0.26842105255275245,0.41023051547482281,0.72230080919419293,0.67749048268594381,0.10000000000000003,0.15168895943803845,0.60169491528899655,0.14651162783521265,0.099999999999999978,0.35370616967332591,0.53636363634823325,0.10000000000000003,0.099999999999999978,0.73568869606517606,0.1080808080573987,0.13560918654196308,0.28181818175605794,0.90000000000000013,0.14067796604122851,0.1727272728195226,0.15932864951270348,0.41688311689547647,0.73568869606517606,0.15045326263670872
0.15714285714285714,0.67543859649122806,0.25475802433206052,0.81351351356532575,0.26842105255275245,0.49237983365795479,0.6668509720225384,0.67749048268594381,0.26744186039094453,0.32351394231711716,0.51355932207534205,0.14651162783521265,0.26761904773090595,0.35370616967332591,0.46363636365176675,0.10000000000000003,0.099999999999999978,0.70641556163988062,0.41515151510762255,0.25475802438474981,0.28181818175605794,0.84666666659699052,0.14067796604122851,0.20909090917290896,0.31639344262508473,0.41688311689547647,0.70641556163988062,0.13750474576143396
0.15714285714285714,0.68947368421052635,0.46517216268610845,0.81351351356532575,0.26842105255275245,0.35339056680810288,0.52420348762341018,0.67749048268594381,0.55581395343567108,0.18886873715930902,0.52033898315245153,0.14651162783521265,0.25999999996782153,0.40892143821701032,0.31818181808939949,0.90000000000000002,0.099999999999999978,0.6311089565009691,0.41515151510762255,0.26162141538601658,0.42727272721947818,0.20666666659699046,0.14067796604122851,0.42727272729322729,0.20366900862037071,0.41688311689547647,0.6311089565009691,0.21942988807864938
0.15714285714285714,0.70350877192982453,0.16002982063525562,0.81351351356532575,0.26842105255275245,0.41225637389335523,0.72867932503044819,0.67749048268594381,0.10000000000000003,0.255393334768245,0.60169491528899655,0.14651162783521265,0.099999999999999978,0.35370616967332591,0.53636363634823325,0.10000000000000003,0.099999999999999978,0.73905604870030228,0.22929292930463405,0.16002982069732494,0.28181818175605794,0.90000000000000013,0.14067796604122851,0.1727272728195226,0.28110850898853895,0.41688311689547647,0.73905604870030228,0.10693832505924718
0.15714285714285714,0.71754385964912282,0.43581377068748461,0.81351351356532575,0.26842105255275245,0.32233503478014075,0.6035899260542622,0.67749048268594381,0.10000000000000003,0.16510995225705338,0.60169491528899655,0.14651162783521265,0.099999999999999978,0.42134931210886706,0.39090909095530024,0.10000000000000003,0.099999999999999978,0.67301872579460287,0.16464646465231703,0.26162141538601658,0.28181818175605794,0.7933333334030096,0.14067796604122851,0.24545454552629536,0.16245121004991026,0.41688311689547647,0.67301872579460287,0.1506029127850454
0.15714285714285714,0.731578947368421,0.16259116688850389,0.81351351356532575,0.26842105255275245,0.51495561814787449,0.66653780247253192,0.67749048268594381,0.26744186039094453,0.34574926311465803,0.50000000007887691,0.14651162783521265,0.22952380955905252,0.36844207733622858,0.39090909095530024,0.10000000000000003,0.099999999999999978,0.70625023283766897,0.41515151510762255,0.16259116697154058,0.28181818175605794,0.7933333334030096,0.14067796604122851,0.24545454552629536,0.30983606558372867,0.41688311689547647,0.70625023283766897,0.14428888581936444
0.15714285714285714,0.75964912280701757,0.80637678133866308,0.81351351356532575,0.26842105255275245,0.27937453413205882,0.16921813934733237,0.67749048268594381,0.55581395343567108,0.68453865321778529,0.60169491528899655,0.14651162783521265,0.17619047618281461,0.87549933415142978,0.46363636365176675,0.72222222215880305,0.099999999999999978,0.44370472993260146,0.41515151510762255,0.26162141538601658,0.35454545453657971,0.31333333340300951,0.14067796604122851,0.35454545458645453,0.33731459796403562,0.41688311689547647,0.44370472993260146,0.40298713214606635
0.15714285714285714,0.77368421052631575,0.60757192215818145,0.81351351356532575,0.26842105255275245,0.24673917112992513,0.27920437768840578,0.67749048268594381,0.34186046513970175,0.49773294030173321,0.60169491528899655,0.14651162783521265,0.11523809520438444,0.66369285389453514,0.60909090904469976,0.54444444431760597,0.099999999999999978,0.50176877696737154,0.37474747472406539,0.26162141538601658,0.28181818175605794,0.41999999999999998,0.14067796604122851,0.28181818187968177,0.30608899293908054,0.41688311689547647,0.50176877696737154,0.43207065592382571
0.15714285714285714,0.78771929824561404,0.21288879635340158,0.81351351356532575,0.26842105255275245,0.53369030722537925,0.73284357849543302,0.67749048268594381,0.25813953494422948,0.30693720234020749,0.60169491528899655,0.14651162783521265,0.42761904769872749,0.35370616967332591,0.53636363634823325,0.10000000000000003,0.099999999999999978,0.74125444563528797,0.40707070705022391,0.21288879640992159,0.28181818175605794,0.90000000000000013,0.14067796604122851,0.1727272728195226,0.31795472289368809,0.41688311689547647,0.74125444563528797,0.11922324178179659
0.15714285714285714,0.81578947368421051,0.49453055468473223,0.81351351356532575,0.26842105255275245,0.2510355908296843,0.43112243561043151,0.67749048268594381,0.46279069762562142,0.24407617312698252,0.60169491528899655,0.14651162783521265,0.15333333337623786,0.49005770094614537,0.39090909095530024,0.81111111107940159,0.099999999999999978,0.58196951274515207,0.41515151510762255,0.26162141538601658,0.39090909092684067,0.25999999999999995,0.14067796604122851,0.39090909093984094,0.21772053086424489,0.41688311689547647,0.58196951274515207,0.31612806978671948
0.15714285714285714,0.8298245614035088,0.17921680118392941,0.81351351356532575,0.26842105255275245,0.42710857606527858,0.76917279599270993,0.67749048268594381,0.32325581391054686,0.51042847418163451,0.41864406778457808,0.14651162783521265,0.89999999999999991,0.35370616967332591,0.31818181808939949,0.10000000000000003,0.099999999999999978,0.76043340311381402,0.41515151510762255,0.1792168012344186,0.28181818175605794,0.7400000000000001,0.14067796604122851,0.28181818187968177,0.3407494145549631,0.41688311689547647,0.76043340311381402,0.13200548071447504
0.15714285714285714,0.84385964912280698,0.5504733172458437,0.81351351356532575,0.26842105255275245,0.24673917112992513,0.35124146930961531,0.67749048268594381,0.39767441865930409,0.30222171835562028,0.60169491528899655,0.14651162783521265,0.099999999999999978,0.51136262758950424,0.46363636365176675,0.72222222215880305,0.099999999999999978,0.53979867175116658,0.35858585860926806,0.26162141538601658,0.35454545453657971,0.31333333340300951,0.14067796604122851,0.35454545458645453,0.22833723651719157,0.41688311689547647,0.53979867175116658,0.37657917162644805
0.15714285714285714,0.85789473684210527,0.90000000000000013,0.81351351356532575,0.26842105255275245,0.24673917112992513,0.099999999999999978,0.67749048268594381,0.48139534885477631,0.77884833369206119,0.60169491528899655,0.14651162783521265,0.14571428577404563,0.89272081655294999,0.53636363634823325,0.63333333323820451,0.099999999999999978,0.40716301948105321,0.36666666666666675,0.26162141538601658,0.31818181814631885,0.36666666659699049,0.14067796604122851,0.31818181823306813,0.34043715850124245,0.41688311689547647,0.40716301948105321,0.46652042239446689
0.15714285714285714,0.87192982456140355,0.46170463604604334,0.81351351356532575,0.26842105255275245,0.50301495939172303,0.5136897437814063,0.67749048268594381,0.74186046505577052,0.24280661983680893,0.47966101700530217,0.14651162783521265,0.46571428570968876,0.50035508223329694,0.31818181808939949,0.90000000000000002,0.099999999999999978,0.62555853015961893,0.41515151510762255,0.26162141538601658,0.42727272721947818,0.20666666659699046,0.14067796604122851,0.42727272729322729,0.28735362997617436,0.41688311689547647,0.62555853015961893,0.15116976940753291
0.15714285714285714,0.88596491228070173,0.20595836644681245,0.81351351356532575,0.26842105255275245,0.24673917112992513,0.83766619868968695,0.67749048268594381,0.10930232561457753,0.33958286105621061,0.55423728822249141,0.14651162783521265,0.2523809523656293,0.35370616967332591,0.24545454539293299,0.10000000000000003,0.099999999999999978,0.79659251004083442,0.40707070705022391,0.20595836647521493,0.28181818175605794,0.68666666659699049,0.14067796604122851,0.10000000000000001,0.25987509759586735,0.41688311689547647,0.79659251004083442,0.16100586552093626
0.15714285714285714,0.90000000000000002,0.5377590530368096,0.81351351356532575,0.26842105255275245,0.36931729147099546,0.3807429579882719,0.67749048268594381,0.60232558134069603,0.31676717298999901,0.60169491528899655,0.14651162783521265,0.3285714285484439,0.68925876614484249,0.39090909095530024,0.81111111107940159,0.099999999999999978,0.55537312760151925,0.41515151510762255,0.26162141538601658,0.39090909092684067,0.25999999999999995,0.14067796604122851,0.39090909093984094,0.29422326307125113,0.41688311689547647,0.55537312760151925,0.27302278059510898
0.2142857142857143,0.10000000000000001,0.33130945356487507,0.73783783789269786,0.28947368423417424,0.25123928100358683,0.73997785573851593,0.46881066055501497,0.32325581391054686,0.46109725673588958,0.58135593221542192,0.14651162783521265,0.56476190485997235,0.41353750556033297,0.24545454539293299,0.10000000000000003,0.48153846143581391,0.76038895090920355,0.43131313131898374,0.33130945361949993,0.13636363629263762,0.63333333340300957,0.35762711864164914,0.1363636364661362,0.13341139740099989,0.90000000000000013,0.76038895090920355,0.25749118667195342
0.2142857142857143,0.14210526315789473,0.35498110189860899,0.73783783789269786,0.28947368423417424,0.25123928100358683,0.71094591587707701,0.46881066055501497,0.23953488371507461,0.78066198133329479,0.72372881357269103,0.14651162783521265,0.33619047615063619,0.41353750556033297,0.31818181808939949,0.10000000000000003,0.48153846143581391,0.74506237944747655,0.43131313131898374,0.35498110194105892,0.13636363629263762,0.63333333340300957,0.35762711864164914,0.1363636364661362,0.10000000000000001,0.90000000000000013,0.74506237944747655,0.25223075721526933
0.2142857142857143,0.19824561403508772,0.18319752187343646,0.73783783789269786,0.28947368423417424,0.30524975057239828,0.86371532421967911,0.46881066055501497,0.31395348829596936,0.39435502142565626,0.50000000007887691,0.14651162783521265,0.41238095249434303,0.41353750556033297,0.24545454539293299,0.10000000000000003,0.48153846143581391,0.82571256121410785,0.43131313131898374,0.18319752184427859,0.13636363629263762,0.68666666659699049,0.35762711864164914,0.10000000000000001,0.13247462923983785,0.90000000000000013,0.82571256121410785,0.24388662773225311
0.2142857142857143,0.46491228070175439,0.71529641564321711,0.73783783789269786,0.28947368423417424,0.25123928100358683,0.23205393286420745,0.46881066055501497,0.40697674410601908,0.45347993640794881,0.72372881357269103,0.14651162783521265,0.33619047615063619,0.73009320896076746,0.53636363634823325,0.54444444431760597,0.48153846143581391,0.49224523642363627,0.39898989899282522,0.35498110194105892,0.31818181814631885,0.36666666659699049,0.35762711864164914,0.31818181823306813,0.13809523812003188,0.90000000000000013,0.49224523642363627,0.40759482030664723
0.2142857142857143,0.49298245614035086,0.68154582333035407,0.73783783789269786,0.28947368423417424,0.28053045526454623,0.27910686046634098,0.46881066055501497,0.4999999999160688,0.39145318508230265,0.72372881357269103,0.14651162783521265,0.33619047615063619,0.74873501989793723,0.46363636365176675,0.63333333323820451,0.48153846143581391,0.51708546577902648,0.43131313131898374,0.35498110194105892,0.35454545453657971,0.31333333340300951,0.35762711864164914,0.35454545458645453,0.14277907883906388,0.90000000000000013,0.51708546577902648,0.40006696436001304
0.2142857142857143,0.57719298245614037,0.46842007928978086,0.73783783789269786,0.28947368423417424,0.25123928100358683,0.59177631816491594,0.46881066055501497,0.26744186039094453,0.51670369518854709,0.72372881357269103,0.14651162783521265,0.33619047615063619,0.43253439863141507,0.39090909095530024,0.10000000000000003,0.48153846143581391,0.68215024426307513,0.42323232316502124,0.35498110194105892,0.13636363629263762,0.58000000000000007,0.35762711864164914,0.10000000000000001,0.13622170179770782,0.90000000000000013,0.68215024426307513,0.31562800187427292
0.2142857142857143,0.6333333333333333,0.56295641319143941,0.73783783789269786,0.28947368423417424,0.25123928100358683,0.47808147823587771,0.46881066055501497,0.29534883723467692,0.53219224665896991,0.72372881357269103,0.14651162783521265,0.33619047615063619,0.56249445189134994,0.53636363634823325,0.27777777784119706,0.48153846143581391,0.62212834857626953,0.34242424239790686,0.35498110194105892,0.20909090907315941,0.52666666659699046,0.35762711864164914,0.20909090917290896,0.13559718969026643,0.90000000000000013,0.62212834857626953,0.36675091113434688
0.2142857142857143,0.64736842105263159,0.64848873622141989,0.73783783789269786,0.28947368423417424,0.25123928100358683,0.37426384189366413,0.46881066055501497,0.33255813952512431,0.5292904103156163,0.72372881357269103,0.14651162783521265,0.33619047615063619,0.6432756324865726,0.68181818174116626,0.3666666667617956,0.48153846143581391,0.56732083639041686,0.35858585860926806,0.35498110194105892,0.24545454546342033,0.47333333340300954,0.35762711864164914,0.24545454552629536,0.13434816547538372,0.90000000000000013,0.56732083639041686,0.39320422018376416
0.2142857142857143,0.77368421052631575,0.60757192215818145,0.73783783789269786,0.28947368423417424,0.25123928100358683,0.27920437768840578,0.46881066055501497,0.34186046513970175,0.49773294030173321,0.72372881357269103,0.14651162783521265,0.33619047615063619,0.66369285389453514,0.60909090904469976,0.54444444431760597,0.48153846143581391,0.51713694713210911,0.37474747472406539,0.35498110194105892,0.28181818175605794,0.41999999999999998,0.35762711864164914,0.28181818187968177,0.13497267758282508,0.90000000000000013,0.51713694713210911,0.40417856439512245
0.2142857142857143,0.87192982456140355,0.46170463604604334,0.73783783789269786,0.28947368423417424,0.50301495939172303,0.5136897437814063,0.46881066055501497,0.74186046505577052,0.24280661983680893,0.47966101700530217,0.14651162783521265,0.46571428570968876,0.50035508223329694,0.31818181808939949,0.90000000000000002,0.48153846143581391,0.64092670048025158,0.43131313131898374,0.35498110194105892,0.42727272721947818,0.20666666659699046,0.35762711864164914,0.42727272729322729,0.15370804063250945,0.90000000000000013,0.64092670048025158,0.26287254554143491
0.2142857142857143,0.90000000000000002,0.5377590530368096,0.73783783789269786,0.28947368423417424,0.36931729147099546,0.3807429579882719,0.46881066055501497,0.60232558134069603,0.31676717298999901,0.6152542372854618,0.14651162783521265,0.33619047615063619,0.68925876614484249,0.39090909095530024,0.81111111107940159,0.48153846143581391,0.57074129776625682,0.43131313131898374,0.35498110194105892,0.39090909092684067,0.25999999999999995,0.35762711864164914,0.39090909093984094,0.14683840753743271,0.90000000000000013,0.57074129776625682,0.3576056242915483
0.27142857142857146,0.10000000000000001,0.33130945356487507,0.099999999999999978,0.90000000000000002,0.57021441580065768,0.73997785573851593,0.099999999999999978,0.61162790695527347,0.46109725673588958,0.27627118642730902,0.19302325567042539,0.56476190485997235,0.29032401244719508,0.17272727269646648,0.10000000000000003,0.66615384619976736,0.80187347332307968,0.43939393937638238,0.30358542242298436,0.13636363629263762,0.63333333340300957,0.90000000000000002,0.1363636364661362,0.22864949257091224,0.10000000000000003,0.80187347332307968,0.21798402094971475
0.27142857142857146,0.18421052631578949,0.3035854224585548,0.099999999999999978,0.90000000000000002,0.57021441580065768,0.78952684177131283,0.099999999999999978,0.61162790695527347,0.13681704815389717,0.27627118642730902,0.19302325567042539,0.45047619050530424,0.16995117620658706,0.17272727269646648,0.10000000000000003,0.66615384619976736,0.82803142443112376,0.90000000000000013,0.30358542242298436,0.10000000000000003,0.15333333340300948,0.90000000000000002,0.10000000000000001,0.10000000000000001,0.10000000000000003,0.82803142443112376,0.23472669815150599
0.27142857142857146,0.19824561403508772,0.18319752187343646,0.099999999999999978,0.90000000000000002,0.57021441580065768,0.86371532421967911,0.099999999999999978,0.61162790695527347,0.39435502142565626,0.27627118642730902,0.19302325567042539,0.45047619050530424,0.16995117620658706,0.17272727269646648,0.10000000000000003,0.66615384619976736,0.86719708362798409,0.54444444441225659,0.18319752184427859,0.10000000000000003,0.68666666659699049,0.90000000000000002,0.10000000000000001,0.22958626073207428,0.10000000000000003,0.86719708362798409,0.22989707972791235
0.27142857142857146,0.49298245614035086,0.68154582333035407,0.099999999999999978,0.90000000000000002,0.57021441580065768,0.27910686046634098,0.099999999999999978,0.61162790695527347,0.39145318508230265,0.27627118642730902,0.19302325567042539,0.45047619050530424,0.74873501989793723,0.39090909095530024,0.63333333323820451,0.66615384619976736,0.5585699881929026,0.43131313131898374,0.30358542242298436,0.35454545453657971,0.31333333340300951,0.90000000000000002,0.35454545458645453,0.21928181113284828,0.10000000000000003,0.5585699881929026,0.36291187571668254
0.27142857142857146,0.87192982456140355,0.46170463604604334,0.099999999999999978,0.90000000000000002,0.57021441580065768,0.5136897437814063,0.099999999999999978,0.74186046505577052,0.24280661983680893,0.27627118642730902,0.19302325567042539,0.46571428570968876,0.50035508223329694,0.24545454539293299,0.90000000000000002,0.66615384619976736,0.6824112228941277,0.72222222225441035,0.30358542242298436,0.42727272721947818,0.20666666659699046,0.90000000000000002,0.42727272729322729,0.20835284933940271,0.10000000000000003,0.6824112228941277,0.27979557868341326
0.27142857142857146,0.90000000000000002,0.5377590530368096,0.099999999999999978,0.90000000000000002,0.57021441580065768,0.3807429579882719,0.099999999999999978,0.61162790695527347,0.31676717298999901,0.27627118642730902,0.19302325567042539,0.45047619050530424,0.68925876614484249,0.31818181808939949,0.81111111107940159,0.66615384619976736,0.61222582033602801,0.55252525246965523,0.30358542242298436,0.39090909092684067,0.25999999999999995,0.90000000000000002,0.39090909093984094,0.21522248243447945,0.10000000000000003,0.61222582033602801,0.33089430206092779
0.32857142857142863,0.10000000000000001,0.33130945356487507,0.71621621625583731,0.11052631576582572,0.24364790355584892,0.73997785573851593,0.27594219636406059,0.32325581391054686,0.46109725673588958,0.58135593221542192,0.19302325567042539,0.56476190485997235,0.42614292061853054,0.17272727269646648,0.10000000000000003,0.33384615380023253,0.74526165905707553,0.29393939395695107,0.33130945361949993,0.13636363629263762,0.63333333340300957,0.12711864407505258,0.1363636364661362,0.14683840753743271,0.56753246758190579,0.74526165905707553,0.2768275220940834
0.32857142857142863,0.11403508771929825,0.26162141532230454,0.71621621625583731,0.11052631576582572,0.24673917112992513,0.68183517803702698,0.27594219636406059,0.2023255814246272,0.17853094527170132,0.60169491528899655,0.19302325567042539,0.24476190476343701,0.42614292061853054,0.24545454539293299,0.10000000000000003,0.33384615380023253,0.71456691743061096,0.29393939395695107,0.26162141538601658,0.28181818175605794,0.7400000000000001,0.12711864407505258,0.28181818187968177,0.26081186575702942,0.56753246758190579,0.71456691743061096,0.28880104557867964
0.32857142857142863,0.14210526315789473,0.35498110189860899,0.71621621625583731,0.11052631576582572,0.25123928100358683,0.71094591587707701,0.27594219636406059,0.23953488371507461,0.78066198133329479,0.65593220343261116,0.19302325567042539,0.33619047615063619,0.42614292061853054,0.24545454539293299,0.10000000000000003,0.33384615380023253,0.72993508759534853,0.29393939395695107,0.35498110194105892,0.13636363629263762,0.63333333340300957,0.12711864407505258,0.1363636364661362,0.18024980485165437,0.56753246758190579,0.72993508759534853,0.28055668286122126
0.32857142857142863,0.17017543859649123,0.17168071017069114,0.71621621625583731,0.11052631576582572,0.51063343677355277,0.66650915636390418,0.27594219636406059,0.3511627907542792,0.43534345940871366,0.44576271193526229,0.19302325567042539,0.47333333331188099,0.42614292061853054,0.39090909095530024,0.10000000000000003,0.33384615380023253,0.70647598840245318,0.29393939395695107,0.17168071013486189,0.20909090907315941,0.84666666659699052,0.12711864407505258,0.20909090917290896,0.18212334117397846,0.56753246758190579,0.70647598840245318,0.23008074595961303
0.32857142857142863,0.19824561403508772,0.18319752187343646,0.71621621625583731,0.11052631576582572,0.30524975057239828,0.86371532421967911,0.27594219636406059,0.31395348829596936,0.39435502142565626,0.50000000007887691,0.19302325567042539,0.41238095249434303,0.42614292061853054,0.17272727269646648,0.10000000000000003,0.33384615380023253,0.81058526936197994,0.29393939395695107,0.18319752184427859,0.13636363629263762,0.68666666659699049,0.12711864407505258,0.10000000000000001,0.14777517569859475,0.56753246758190579,0.81058526936197994,0.26968664026840067
0.32857142857142863,0.22631578947368422,0.45453841429566788,0.71621621625583731,0.11052631576582572,0.12056210056533373,0.47369970924220184,0.27594219636406059,0.2023255814246272,0.40342326002309037,0.65593220343261116,0.19302325567042539,0.24476190476343701,0.42614292061853054,0.24545454539293299,0.3666666667617956,0.33384615380023253,0.60468782879863736,0.28585858580298851,0.3597061849143055,0.20909090907315941,0.52666666659699046,0.12711864407505258,0.20909090917290896,0.11124121784716627,0.56753246758190579,0.60468782879863736,0.35610431027103723
0.32857142857142863,0.24035087719298245,0.54977981204191473,0.71621621625583731,0.11052631576582572,0.12376503445320611,0.31589194331709969,0.27594219636406059,0.26744186039094453,0.33958286105621061,0.65593220343261116,0.19302325567042539,0.24476190476343701,0.42614292061853054,0.46363636365176675,0.54444444431760597,0.33384615380023253,0.52137779240044058,0.29393939395695107,0.3597061849143055,0.31818181814631885,0.36666666659699049,0.12711864407505258,0.31818181823306813,0.11998438717778888,0.56753246758190579,0.52137779240044058,0.30767812691634389
0.32857142857142863,0.25438596491228072,0.35970618490099637,0.71621621625583731,0.11052631576582572,0.12056210056533373,0.68229145545460235,0.27594219636406059,0.2023255814246272,0.40414871896220395,0.65593220343261116,0.19302325567042539,0.24476190476343701,0.42614292061853054,0.17272727269646648,0.10000000000000003,0.33384615380023253,0.71480779574322062,0.29393939395695107,0.3597061849143055,0.13636363629263762,0.63333333340300957,0.12711864407505258,0.1363636364661362,0.10000000000000001,0.56753246758190579,0.71480779574322062,0.29690180461844123
0.32857142857142863,0.28245614035087718,0.46447865727537269,0.71621621625583731,0.11052631576582572,0.12056210056533373,0.39210577950243108,0.27594219636406059,0.2023255814246272,0.36620720918857602,0.65593220343261116,0.19302325567042539,0.24476190476343701,0.42614292061853054,0.46363636365176675,0.45555555539700737,0.33384615380023253,0.56161267832071671,0.28585858580298851,0.3597061849143055,0.24545454546342033,0.47333333340300954,0.12711864407505258,0.24545454552629536,0.11998438717778888,0.56753246758190579,0.56161267832071671,0.35693116513103901
0.32857142857142863,0.29649122807017547,0.11585584322126258,0.71621621625583731,0.11052631576582572,0.29340967598835338,0.72382583135337863,0.27594219636406059,0.2023255814246272,0.29474948989375549,0.54745762714538193,0.19302325567042539,0.24476190476343701,0.42614292061853054,0.24545454539293299,0.10000000000000003,0.33384615380023253,0.73673466575282531,0.29393939395695107,0.11585584336724039,0.28181818175605794,0.7400000000000001,0.12711864407505258,0.28181818187968177,0.10437158475208953,0.56753246758190579,0.73673466575282531,0.28089377359939383
0.32857142857142863,0.32456140350877194,0.32587006017762404,0.71621621625583731,0.11052631576582572,0.36620049717395403,0.6425709074774375,0.27594219636406059,0.2023255814246272,0.27367490363355607,0.5881355932925314,0.19302325567042539,0.24476190476343701,0.42614292061853054,0.31818181808939949,0.10000000000000003,0.33384615380023253,0.69383848364016132,0.19696969697847555,0.32587006014677455,0.24545454546342033,0.7933333334030096,0.12711864407505258,0.24545454552629536,0.12029664323150956,0.56753246758190579,0.69383848364016132,0.2706389593941797
0.32857142857142863,0.33859649122807017,0.62514072382875208,0.71621621625583731,0.11052631576582572,0.35280131725226044,0.29902547444736671,0.27594219636406059,0.60232558134069603,0.56338698710547963,0.64237288143614601,0.19302325567042539,0.32095238094625167,0.72370173094788293,0.31818181808939949,0.81111111107940159,0.33384615380023253,0.51247362897918336,0.29393939395695107,0.3597061849143055,0.39090909092684067,0.25999999999999995,0.12711864407505258,0.39090909093984094,0.17650273229378444,0.56753246758190579,0.51247362897918336,0.2733538247114799
0.32857142857142863,0.35263157894736841,0.099999999999999978,0.71621621625583731,0.11052631576582572,0.40179705923654846,0.89999999999999991,0.27594219636406059,0.2023255814246272,0.57151212867123657,0.50000000007887691,0.19302325567042539,0.46571428570968876,0.42614292061853054,0.17272727269646648,0.10000000000000003,0.33384615380023253,0.82974071226624246,0.29393939395695107,0.10000000000000001,0.13636363629263762,0.68666666659699049,0.12711864407505258,0.10000000000000001,0.17650273229378444,0.56753246758190579,0.82974071226624246,0.26222831873412494
0.32857142857142863,0.3666666666666667,0.14517724823155809,0.71621621625583731,0.11052631576582572,0.38647989940453886,0.7441078164537277,0.27594219636406059,0.29534883723467692,0.34574926311465803,0.45254237285461796,0.19302325567042539,0.29809523813967492,0.42614292061853054,0.24545454539293299,0.10000000000000003,0.33384615380023253,0.74744195206465247,0.29393939395695107,0.14517724834763862,0.28181818175605794,0.7400000000000001,0.12711864407505258,0.28181818187968177,0.14746291964487407,0.56753246758190579,0.74744195206465247,0.26593027038338346
0.32857142857142863,0.38070175438596487,0.67900297036446311,0.71621621625583731,0.11052631576582572,0.19777819900496102,0.39575162236586603,0.27594219636406059,0.28604651162009942,0.89891181129787989,0.65593220343261116,0.19302325567042539,0.24476190476343701,0.69263204611885643,0.24545454539293299,0.3666666667617956,0.33384615380023253,0.56353739539345205,0.29393939395695107,0.3597061849143055,0.20909090907315941,0.52666666659699046,0.12711864407505258,0.20909090917290896,0.17962529274421302,0.56753246758190579,0.56353739539345205,0.38694131053435804
0.32857142857142863,0.43684210526315792,0.25920108175525125,0.71621621625583731,0.11052631576582572,0.36430567160661209,0.81537819645801068,0.27594219636406059,0.28604651162009942,0.14363636351186987,0.45254237285461796,0.19302325567042539,0.24476190476343701,0.42614292061853054,0.17272727269646648,0.10000000000000003,0.33384615380023253,0.78506708363287325,0.29393939395695107,0.25920108176802636,0.13636363629263762,0.15333333340300948,0.12711864407505258,0.10000000000000001,0.29828259176961991,0.56753246758190579,0.78506708363287325,0.28300852670568727
0.32857142857142863,0.4508771929824561,0.39697747264964656,0.71621621625583731,0.11052631576582572,0.12056210056533373,0.35554493647920721,0.27594219636406059,0.26744186039094453,0.35155293580136521,0.65593220343261116,0.19302325567042539,0.24476190476343701,0.42614292061853054,0.53636363634823325,0.54444444431760597,0.33384615380023253,0.54231144087803573,0.29393939395695107,0.3597061849143055,0.28181818175605794,0.41999999999999998,0.12711864407505258,0.28181818187968177,0.12966432475635173,0.56753246758190579,0.54231144087803573,0.29002696750091267
0.32857142857142863,0.46491228070175439,0.71529641564321711,0.71621621625583731,0.11052631576582572,0.23024149753284795,0.23205393286420745,0.27594219636406059,0.40697674410601908,0.45347993640794881,0.65593220343261116,0.19302325567042539,0.24476190476343701,0.73009320896076746,0.46363636365176675,0.54444444431760597,0.33384615380023253,0.47711794457150825,0.29393939395695107,0.3597061849143055,0.31818181814631885,0.36666666659699049,0.12711864407505258,0.31818181823306813,0.14215456673162249,0.56753246758190579,0.47711794457150825,0.31962292966540073
0.32857142857142863,0.49298245614035086,0.68154582333035407,0.71621621625583731,0.11052631576582572,0.28053045526454623,0.27910686046634098,0.27594219636406059,0.4999999999160688,0.39145318508230265,0.65593220343261116,0.19302325567042539,0.24476190476343701,0.74873501989793723,0.39090909095530024,0.63333333323820451,0.33384615380023253,0.50195817392689845,0.29393939395695107,0.3597061849143055,0.35454545453657971,0.31333333340300951,0.12711864407505258,0.35454545458645453,0.13747072601259053,0.56753246758190579,0.50195817392689845,0.28397142715508605
0.32857142857142863,0.52105263157894743,0.44529167672669889,0.71621621625583731,0.11052631576582572,0.12056210056533373,0.5700166829679213,0.27594219636406059,0.2023255814246272,0.40371344355960914,0.65593220343261116,0.19302325567042539,0.24476190476343701,0.42614292061853054,0.24545454539293299,0.27777777784119706,0.33384615380023253,0.65553558355166741,0.29393939395695107,0.3597061849143055,0.17272727268289853,0.58000000000000007,0.12711864407505258,0.1727272728195226,0.11842310699596369,0.56753246758190579,0.65553558355166741,0.33906384439023257
0.32857142857142863,0.53508771929824561,0.81007547644897349,0.71621621625583731,0.11052631576582572,0.19504897278907096,0.26416539965324087,0.27594219636406059,0.31395348829596936,0.89999999999999991,0.65593220343261116,0.19302325567042539,0.24476190476343701,0.79631602305942828,0.60909090904469976,0.45555555539700737,0.33384615380023253,0.49407026271391563,0.29393939395695107,0.3597061849143055,0.24545454546342033,0.47333333340300954,0.12711864407505258,0.24545454552629536,0.17962529274421302,0.56753246758190579,0.49407026271391563,0.39498765133836083
0.32857142857142863,0.56315789473684208,0.18467468806534465,0.71621621625583731,0.11052631576582572,0.44463070757615503,0.6860488022326825,0.27594219636406059,0.33255813952512431,0.49192926761502598,0.43898305085815276,0.19302325567042539,0.59523809526874127,0.42614292061853054,0.31818181808939949,0.10000000000000003,0.33384615380023253,0.71679137813447125,0.29393939395695107,0.18467468817253024,0.24545454546342033,0.7933333334030096,0.12711864407505258,0.24545454552629536,0.17993754879793369,0.56753246758190579,0.71679137813447125,0.23816487720511498
0.32857142857142863,0.57719298245614037,0.46842007928978086,0.71621621625583731,0.11052631576582572,0.20229296578564493,0.59177631816491594,0.27594219636406059,0.26744186039094453,0.51670369518854709,0.65593220343261116,0.19302325567042539,0.24476190476343701,0.43253439863141507,0.31818181808939949,0.10000000000000003,0.33384615380023253,0.66702295241094722,0.29393939395695107,0.3597061849143055,0.13636363629263762,0.58000000000000007,0.12711864407505258,0.10000000000000001,0.14402810305394659,0.56753246758190579,0.66702295241094722,0.31680225111190291
0.32857142857142863,0.60526315789473684,0.51773986607797562,0.71621621625583731,0.11052631576582572,0.21581012320448847,0.53963930330246579,0.27594219636406059,0.23953488371507461,0.84559056900229446,0.65593220343261116,0.19302325567042539,0.24476190476343701,0.58557478920427075,0.31818181808939949,0.18888888892059855,0.33384615380023253,0.63949872637245875,0.29393939395695107,0.3597061849143055,0.17272727268289853,0.58000000000000007,0.12711864407505258,0.1727272728195226,0.17962529274421302,0.56753246758190579,0.63949872637245875,0.34918563624136961
0.32857142857142863,0.61929824561403513,0.84544424784674654,0.71621621625583731,0.11052631576582572,0.20776698194472804,0.1535682227144648,0.27594219636406059,0.37906976743014914,0.84305146222631422,0.65593220343261116,0.19302325567042539,0.24476190476343701,0.90000000000000013,0.53636363634823325,0.54444444431760597,0.33384615380023253,0.43568368846528926,0.29393939395695107,0.3597061849143055,0.28181818175605794,0.41999999999999998,0.12711864407505258,0.28181818187968177,0.17743950036816825,0.56753246758190579,0.43568368846528926,0.38077542209935383
0.32857142857142863,0.6333333333333333,0.56295641319143941,0.71621621625583731,0.11052631576582572,0.18467412817347778,0.47808147823587771,0.27594219636406059,0.29534883723467692,0.53219224665896991,0.65593220343261116,0.19302325567042539,0.24476190476343701,0.56249445189134994,0.46363636365176675,0.27777777784119706,0.33384615380023253,0.60700105672414151,0.29393939395695107,0.3597061849143055,0.20909090907315941,0.52666666659699046,0.12711864407505258,0.20909090917290896,0.14465261516138794,0.56753246758190579,0.60700105672414151,0.35574152203264525
0.32857142857142863,0.64736842105263159,0.64848873622141989,0.71621621625583731,0.11052631576582572,0.18163455137982223,0.37426384189366413,0.27594219636406059,0.33255813952512431,0.5292904103156163,0.65593220343261116,0.19302325567042539,0.24476190476343701,0.6432756324865726,0.60909090904469976,0.3666666667617956,0.33384615380023253,0.55219354453828884,0.29393939395695107,0.3597061849143055,0.24545454546342033,0.47333333340300954,0.12711864407505258,0.24545454552629536,0.14590163937627065,0.56753246758190579,0.55219354453828884,0.36156880811181685
0.32857142857142863,0.66140350877192977,0.1356091866151003,0.71621621625583731,0.11052631576582572,0.41023051547482281,0.72230080919419293,0.27594219636406059,0.2023255814246272,0.15168895943803845,0.65593220343261116,0.19302325567042539,0.24476190476343701,0.42614292061853054,0.46363636365176675,0.10000000000000003,0.33384615380023253,0.73592957453368069,0.1080808080573987,0.13560918654196308,0.17272727268289853,0.90000000000000013,0.12711864407505258,0.1727272728195226,0.20148321624432597,0.56753246758190579,0.73592957453368069,0.24829725037987183
0.32857142857142863,0.67543859649122806,0.25475802433206052,0.71621621625583731,0.11052631576582572,0.49237983365795479,0.6668509720225384,0.27594219636406059,0.26744186039094453,0.32351394231711716,0.51355932207534205,0.19302325567042539,0.26761904773090595,0.42614292061853054,0.39090909095530024,0.10000000000000003,0.33384615380023253,0.70665644010838513,0.29393939395695107,0.25475802438474981,0.20909090907315941,0.84666666659699052,0.12711864407505258,0.20909090917290896,0.15558157686805529,0.56753246758190579,0.70665644010838513,0.25276559218273337
0.32857142857142863,0.68947368421052635,0.46517216268610845,0.71621621625583731,0.11052631576582572,0.35339056680810288,0.52420348762341018,0.27594219636406059,0.55581395343567108,0.18886873715930902,0.52033898315245153,0.19302325567042539,0.25999999996782153,0.42614292061853054,0.24545454539293299,0.90000000000000002,0.33384615380023253,0.63134983496947372,0.29393939395695107,0.3597061849143055,0.42727272721947818,0.20666666659699046,0.12711864407505258,0.42727272729322729,0.15714285713665871,0.56753246758190579,0.63134983496947372,0.26928908482382946
0.32857142857142863,0.71754385964912282,0.43581377068748461,0.71621621625583731,0.11052631576582572,0.32233503478014075,0.6035899260542622,0.27594219636406059,0.2023255814246272,0.16510995225705338,0.65593220343261116,0.19302325567042539,0.24476190476343701,0.42614292061853054,0.31818181808939949,0.10000000000000003,0.33384615380023253,0.67325960426310749,0.16464646465231703,0.3597061849143055,0.24545454546342033,0.7933333334030096,0.12711864407505258,0.24545454552629536,0.19836065579389739,0.56753246758190579,0.67325960426310749,0.27181197469831386
0.32857142857142863,0.731578947368421,0.16259116688850389,0.71621621625583731,0.11052631576582572,0.51495561814787449,0.66653780247253192,0.27594219636406059,0.26744186039094453,0.34574926311465803,0.50000000007887691,0.19302325567042539,0.24476190476343701,0.42614292061853054,0.31818181808939949,0.10000000000000003,0.33384615380023253,0.70649111130617359,0.29393939395695107,0.16259116697154058,0.24545454546342033,0.7933333334030096,0.12711864407505258,0.24545454552629536,0.14902419982669923,0.56753246758190579,0.70649111130617359,0.26156169534607965
0.32857142857142863,0.75964912280701757,0.80637678133866308,0.71621621625583731,0.11052631576582572,0.27937453413205882,0.16921813934733237,0.27594219636406059,0.55581395343567108,0.68453865321778529,0.65593220343261116,0.19302325567042539,0.24476190476343701,0.87549933415142978,0.39090909095530024,0.72222222215880305,0.33384615380023253,0.44394560840110603,0.29393939395695107,0.3597061849143055,0.35454545453657971,0.31333333340300951,0.12711864407505258,0.35454545458645453,0.17650273229378444,0.56753246758190579,0.44394560840110603,0.29813226139365417
0.32857142857142863,0.77368421052631575,0.60757192215818145,0.71621621625583731,0.11052631576582572,0.19947617109690835,0.27920437768840578,0.27594219636406059,0.34186046513970175,0.49773294030173321,0.65593220343261116,0.19302325567042539,0.24476190476343701,0.66369285389453514,0.53636363634823325,0.54444444431760597,0.33384615380023253,0.5020096552799812,0.29393939395695107,0.3597061849143055,0.28181818175605794,0.41999999999999998,0.12711864407505258,0.28181818187968177,0.1452771272688293,0.56753246758190579,0.5020096552799812,0.34922947315350866
0.32857142857142863,0.81578947368421051,0.49453055468473223,0.71621621625583731,0.11052631576582572,0.2510355908296843,0.43112243561043151,0.27594219636406059,0.46279069762562142,0.24407617312698252,0.65593220343261116,0.19302325567042539,0.24476190476343701,0.49005770094614537,0.31818181808939949,0.81111111107940159,0.33384615380023253,0.5822103912136567,0.29393939395695107,0.3597061849143055,0.39090909092684067,0.25999999999999995,0.12711864407505258,0.39090909093984094,0.14309133489278456,0.56753246758190579,0.5822103912136567,0.28946162249608515
0.32857142857142863,0.8298245614035088,0.17921680118392941,0.71621621625583731,0.11052631576582572,0.42710857606527858,0.76917279599270993,0.27594219636406059,0.32325581391054686,0.51042847418163451,0.41864406778457808,0.19302325567042539,0.89999999999999991,0.42614292061853054,0.24545454539293299,0.10000000000000003,0.33384615380023253,0.76067428142642357,0.29393939395695107,0.1792168012344186,0.28181818175605794,0.7400000000000001,0.12711864407505258,0.28181818187968177,0.17993754879793369,0.56753246758190579,0.76067428142642357,0.24938712671270785
0.32857142857142863,0.84385964912280698,0.5504733172458437,0.71621621625583731,0.11052631576582572,0.16975871890127692,0.35124146930961531,0.27594219636406059,0.39767441865930409,0.30222171835562028,0.65593220343261116,0.19302325567042539,0.24476190476343701,0.51136262758950424,0.39090909095530024,0.72222222215880305,0.33384615380023253,0.54003955021967109,0.29393939395695107,0.3597061849143055,0.35454545453657971,0.31333333340300951,0.12711864407505258,0.35454545458645453,0.13247462923983785,0.56753246758190579,0.54003955021967109,0.30834021545140933
0.32857142857142863,0.85789473684210527,0.90000000000000013,0.71621621625583731,0.11052631576582572,0.23782650556543727,0.099999999999999978,0.27594219636406059,0.48139534885477631,0.77884833369206119,0.65593220343261116,0.19302325567042539,0.24476190476343701,0.89272081655294999,0.46363636365176675,0.63333333323820451,0.33384615380023253,0.40740389794955778,0.29393939395695107,0.3597061849143055,0.31818181814631885,0.36666666659699049,0.12711864407505258,0.31818181823306813,0.17962529274421302,0.56753246758190579,0.40740389794955778,0.35094818243289078
0.32857142857142863,0.88596491228070173,0.20595836644681245,0.71621621625583731,0.11052631576582572,0.19207476707969054,0.83766619868968695,0.27594219636406059,0.2023255814246272,0.33958286105621061,0.55423728822249141,0.19302325567042539,0.2523809523656293,0.42614292061853054,0.17272727269646648,0.10000000000000003,0.33384615380023253,0.79683338835344397,0.29393939395695107,0.20595836647521493,0.13636363629263762,0.68666666659699049,0.12711864407505258,0.10000000000000001,0.10093676816116205,0.56753246758190579,0.79683338835344397,0.28456851613077289
0.32857142857142863,0.90000000000000002,0.5377590530368096,0.71621621625583731,0.11052631576582572,0.36931729147099546,0.3807429579882719,0.27594219636406059,0.60232558134069603,0.31676717298999901,0.6152542372854618,0.19302325567042539,0.3285714285484439,0.68925876614484249,0.31818181808939949,0.81111111107940159,0.33384615380023253,0.55561400591412891,0.29393939395695107,0.3597061849143055,0.39090909092684067,0.25999999999999995,0.12711864407505258,0.39090909093984094,0.13341139740099989,0.56753246758190579,0.55561400591412891,0.26381702889474995
0.38571428571428579,0.10000000000000001,0.33130945356487507,0.61891891894634887,0.10000000000000001,0.24364790355584892,0.73997785573851593,0.52179999865475302,0.32325581391054686,0.46109725673588958,0.58135593221542192,0.18372093021071689,0.56476190485997235,0.41442521079572936,0.46363636365176675,0.10000000000000003,0.11230769225906978,0.59206654147867677,0.28585858580298851,0.33130945361949993,0.24545454546342033,0.63333333340300957,0.12711864407505258,0.1363636364661362,0.16682279471522157,0.53116883123557279,0.59206654147867677,0.33325814118800995
0.38571428571428579,0.11403508771929825,0.26162141532230454,0.61891891894634887,0.10000000000000001,0.24673917112992513,0.68183517803702698,0.52179999865475302,0.2023255814246272,0.17853094527170132,0.60169491528899655,0.18372093021071689,0.10761904760219221,0.41442521079572936,0.53636363634823325,0.10000000000000003,0.11230769225906978,0.56137179985221219,0.28585858580298851,0.26162141538601658,0.28181818175605794,0.7400000000000001,0.12711864407505258,0.28181818187968177,0.24082747857924056,0.53116883123557279,0.56137179985221219,0.35311475076933257
0.38571428571428579,0.1280701754385965,0.29780621152965092,0.61891891894634887,0.10000000000000001,0.35238004558477193,0.64653378280826823,0.52179999865475302,0.2023255814246272,0.28832917702076688,0.63559322035903654,0.18372093021071689,0.13047619056966114,0.41442521079572936,0.68181818174116626,0.10000000000000003,0.11230769225906978,0.54273545135475632,0.20505050503587419,0.29780621150644115,0.24545454546342033,0.84666666659699052,0.12711864407505258,0.20909090917290896,0.13715846995886985,0.53116883123557279,0.54273545135475632,0.3426800540625824
0.38571428571428579,0.14210526315789473,0.35498110189860899,0.61891891894634887,0.10000000000000001,0.25123928100358683,0.71094591587707701,0.52179999865475302,0.23953488371507461,0.78066198133329479,0.72372881357269103,0.18372093021071689,0.33619047615063619,0.41442521079572936,0.53636363634823325,0.10000000000000003,0.11230769225906978,0.57673997017284473,0.28585858580298851,0.35498110194105892,0.24545454546342033,0.63333333340300957,0.12711864407505258,0.1363636364661362,0.20023419202944323,0.53116883123557279,0.57673997017284473,0.33707346416176592
0.38571428571428579,0.17017543859649123,0.17168071017069114,0.61891891894634887,0.10000000000000001,0.51063343677355277,0.66650915636390418,0.52179999865475302,0.3511627907542792,0.43534345940871366,0.44576271193526229,0.18372093021071689,0.47333333331188099,0.41442521079572936,0.68181818174116626,0.10000000000000003,0.11230769225906978,0.5532808708240543,0.28585858580298851,0.17168071013486189,0.24545454546342033,0.84666666659699052,0.12711864407505258,0.20909090917290896,0.20210772835176732,0.53116883123557279,0.5532808708240543,0.31934823548099628
0.38571428571428579,0.19824561403508772,0.18319752187343646,0.61891891894634887,0.10000000000000001,0.30524975057239828,0.86371532421967911,0.52179999865475302,0.31395348829596936,0.39435502142565626,0.50000000007887691,0.18372093021071689,0.41238095249434303,0.41442521079572936,0.46363636365176675,0.10000000000000003,0.11230769225906978,0.65739015178358107,0.28585858580298851,0.18319752184427859,0.24545454546342033,0.68666666659699049,0.12711864407505258,0.10000000000000001,0.16775956287638361,0.53116883123557279,0.65739015178358107,0.3252511024431663
0.38571428571428579,0.22631578947368422,0.45453841429566788,0.61891891894634887,0.10000000000000001,0.11135954116922978,0.47369970924220184,0.52179999865475302,0.2023255814246272,0.40342326002309037,0.84576271185638541,0.18372093021071689,0.18380952378500687,0.42614292061853054,0.53636363634823325,0.3666666667617956,0.11230769225906978,0.4514927112202386,0.28585858580298851,0.45453841446594284,0.24545454546342033,0.52666666659699046,0.12711864407505258,0.20909090917290896,0.10874316941740084,0.53116883123557279,0.4514927112202386,0.3815800229241656
0.38571428571428579,0.24035087719298245,0.54977981204191473,0.61891891894634887,0.10000000000000001,0.12376503445320611,0.31589194331709969,0.52179999865475302,0.26744186039094453,0.33958286105621061,0.83220338985992015,0.18372093021071689,0.16095238097843012,0.41442521079572936,0.75454545460706712,0.54444444431760597,0.11230769225906978,0.36818267482204181,0.28585858580298851,0.46447865731455207,0.31818181814631885,0.36666666659699049,0.12711864407505258,0.31818181823306813,0.10000000000000001,0.53116883123557279,0.36818267482204181,0.36088748877688132
0.38571428571428579,0.25438596491228072,0.35970618490099637,0.61891891894634887,0.10000000000000001,0.12056210056533373,0.68229145545460235,0.52179999865475302,0.2023255814246272,0.40414871896220395,0.65593220343261116,0.18372093021071689,0.24476190476343701,0.42614292061853054,0.46363636365176675,0.10000000000000003,0.11230769225906978,0.56161267832071671,0.28585858580298851,0.3597061849143055,0.24545454546342033,0.63333333340300957,0.12711864407505258,0.1363636364661362,0.11998438717778888,0.53116883123557279,0.56161267832071671,0.34506992158298977
0.38571428571428579,0.28245614035087718,0.46447865727537269,0.61891891894634887,0.10000000000000001,0.11135954116922978,0.39210577950243108,0.52179999865475302,0.2023255814246272,0.36620720918857602,0.85932203401060436,0.18372093021071689,0.10761904760219221,0.41442521079572936,0.75454545460706712,0.45555555539700737,0.11230769225906978,0.40841756074231794,0.28585858580298851,0.46447865731455207,0.24545454546342033,0.47333333340300954,0.12711864407505258,0.24545454552629536,0.10000000000000001,0.53116883123557279,0.40841756074231794,0.37499692801501061
0.38571428571428579,0.29649122807017547,0.11585584322126258,0.61891891894634887,0.10000000000000001,0.29340967598835338,0.72382583135337863,0.52179999865475302,0.2023255814246272,0.29474948989375549,0.54745762714538193,0.18372093021071689,0.16095238097843012,0.41442521079572936,0.53636363634823325,0.10000000000000003,0.11230769225906978,0.58353954833032151,0.28585858580298851,0.11585584336724039,0.28181818175605794,0.7400000000000001,0.12711864407505258,0.28181818187968177,0.12435597192987839,0.53116883123557279,0.58353954833032151,0.35098185825111955
0.38571428571428579,0.32456140350877194,0.32587006017762404,0.61891891894634887,0.10000000000000001,0.36620049717395403,0.6425709074774375,0.52179999865475302,0.2023255814246272,0.27367490363355607,0.5881355932925314,0.18372093021071689,0.10761904760219221,0.41442521079572936,0.60909090904469976,0.10000000000000003,0.11230769225906978,0.54064336621765752,0.19696969697847555,0.32587006014677455,0.24545454546342033,0.7933333334030096,0.12711864407505258,0.24545454552629536,0.14028103049607665,0.53116883123557279,0.54064336621765752,0.34876582676160833
0.38571428571428579,0.33859649122807017,0.62514072382875208,0.61891891894634887,0.10000000000000001,0.35280131725226044,0.29902547444736671,0.52179999865475302,0.60232558134069603,0.56338698710547963,0.64237288143614601,0.18372093021071689,0.32095238094625167,0.72370173094788293,0.60909090904469976,0.81111111107940159,0.11230769225906978,0.35927851140078454,0.28585858580298851,0.46447865731455207,0.39090909092684067,0.25999999999999995,0.12711864407505258,0.39090909093984094,0.1964871194715733,0.53116883123557279,0.35927851140078454,0.33338814030676706
0.38571428571428579,0.35263157894736841,0.099999999999999978,0.61891891894634887,0.10000000000000001,0.40179705923654846,0.89999999999999991,0.52179999865475302,0.2023255814246272,0.57151212867123657,0.50000000007887691,0.18372093021071689,0.46571428570968876,0.41442521079572936,0.46363636365176675,0.10000000000000003,0.11230769225906978,0.6765455946878437,0.28585858580298851,0.10000000000000001,0.24545454546342033,0.68666666659699049,0.12711864407505258,0.10000000000000001,0.1964871194715733,0.53116883123557279,0.6765455946878437,0.32275239845124132
0.38571428571428579,0.3666666666666667,0.14517724823155809,0.61891891894634887,0.10000000000000001,0.38647989940453886,0.7441078164537277,0.52179999865475302,0.29534883723467692,0.34574926311465803,0.45254237285461796,0.18372093021071689,0.29809523813967492,0.41442521079572936,0.53636363634823325,0.10000000000000003,0.11230769225906978,0.59424683448625371,0.28585858580298851,0.14517724834763862,0.28181818175605794,0.7400000000000001,0.12711864407505258,0.28181818187968177,0.16744730682266293,0.53116883123557279,0.59424683448625371,0.32604772494996875
0.38571428571428579,0.38070175438596487,0.67900297036446311,0.61891891894634887,0.10000000000000001,0.19777819900496102,0.39575162236586603,0.52179999865475302,0.28604651162009942,0.89891181129787989,0.85932203401060436,0.18372093021071689,0.16857142858062235,0.69263204611885643,0.53636363634823325,0.3666666667617956,0.11230769225906978,0.41034227781505328,0.28585858580298851,0.46447865731455207,0.24545454546342033,0.52666666659699046,0.12711864407505258,0.20909090917290896,0.19960967992200188,0.53116883123557279,0.41034227781505328,0.39064821726630583
0.38571428571428579,0.4508771929824561,0.39697747264964656,0.61891891894634887,0.10000000000000001,0.11135954116922978,0.35554493647920721,0.52179999865475302,0.26744186039094453,0.35155293580136521,0.75084745772337513,0.18372093021071689,0.19904761915028354,0.41442521079572936,0.82727272730353352,0.54444444431760597,0.11230769225906978,0.38911632329963691,0.28585858580298851,0.39697747257714255,0.28181818175605794,0.41999999999999998,0.12711864407505258,0.28181818187968177,0.10967993757856287,0.53116883123557279,0.38911632329963691,0.34972872721100712
0.38571428571428579,0.46491228070175439,0.71529641564321711,0.61891891894634887,0.10000000000000001,0.23024149753284795,0.23205393286420745,0.52179999865475302,0.40697674410601908,0.45347993640794881,0.85932203401060436,0.18372093021071689,0.13809523817185337,0.73009320896076746,0.75454545460706712,0.54444444431760597,0.11230769225906978,0.32392282699310948,0.28585858580298851,0.46447865731455207,0.31818181814631885,0.36666666659699049,0.12711864407505258,0.31818181823306813,0.16213895399618958,0.53116883123557279,0.32392282699310948,0.35429532416176657
0.38571428571428579,0.49298245614035086,0.68154582333035407,0.61891891894634887,0.10000000000000001,0.28053045526454623,0.27910686046634098,0.52179999865475302,0.4999999999160688,0.39145318508230265,0.77118644079694987,0.18372093021071689,0.17619047618281461,0.74873501989793723,0.68181818174116626,0.63333333323820451,0.11230769225906978,0.34876305634849969,0.28585858580298851,0.46447865731455207,0.35454545453657971,0.31333333340300951,0.12711864407505258,0.35454545458645453,0.15745511319037939,0.53116883123557279,0.34876305634849969,0.34771222925261153
0.38571428571428579,0.52105263157894743,0.44529167672669889,0.61891891894634887,0.10000000000000001,0.11135954116922978,0.5700166829679213,0.52179999865475302,0.2023255814246272,0.40371344355960914,0.84576271185638541,0.18372093021071689,0.21428571435466803,0.42365734587991299,0.53636363634823325,0.27777777784119706,0.11230769225906978,0.50234046597326865,0.28585858580298851,0.4452916767774584,0.24545454546342033,0.58000000000000007,0.12711864407505258,0.1727272728195226,0.10156128026860341,0.53116883123557279,0.50234046597326865,0.36296445144167561
0.38571428571428579,0.53508771929824561,0.81007547644897349,0.61891891894634887,0.10000000000000001,0.19504897278907096,0.26416539965324087,0.52179999865475302,0.31395348829596936,0.89999999999999991,0.85932203401060436,0.18372093021071689,0.16857142858062235,0.79631602305942828,0.90000000000000002,0.45555555539700737,0.11230769225906978,0.34087514513551687,0.28585858580298851,0.46447865731455207,0.24545454546342033,0.47333333340300954,0.12711864407505258,0.24545454552629536,0.19960967992200188,0.53116883123557279,0.34087514513551687,0.39404028729527113
0.38571428571428579,0.5491228070175439,0.1191823571751327,0.61891891894634887,0.10000000000000001,0.35900345615198953,0.61727691466819024,0.52179999865475302,0.2023255814246272,0.14671956463891017,0.77796610171630565,0.18372093021071689,0.10761904760219221,0.41442521079572936,0.68181818174116626,0.10000000000000003,0.11230769225906978,0.52729013562687932,0.10000000000000003,0.11918235720543705,0.24545454546342033,0.84666666659699052,0.12711864407505258,0.20909090917290896,0.19992193597572255,0.53116883123557279,0.52729013562687932,0.3273749252554195
0.38571428571428579,0.56315789473684208,0.18467468806534465,0.61891891894634887,0.10000000000000001,0.44463070757615503,0.6860488022326825,0.52179999865475302,0.33255813952512431,0.49192926761502598,0.43898305085815276,0.18372093021071689,0.59523809526874127,0.41442521079572936,0.60909090904469976,0.10000000000000003,0.11230769225906978,0.56359626071196733,0.28585858580298851,0.18467468817253024,0.24545454546342033,0.7933333334030096,0.12711864407505258,0.24545454552629536,0.19992193597572255,0.53116883123557279,0.56359626071196733,0.31782603649740987
0.38571428571428579,0.57719298245614037,0.46842007928978086,0.61891891894634887,0.10000000000000001,0.20229296578564493,0.59177631816491594,0.52179999865475302,0.26744186039094453,0.51670369518854709,0.79152542371277079,0.18372093021071689,0.17619047618281461,0.43253439863141507,0.60909090904469976,0.10000000000000003,0.11230769225906978,0.51382783483254846,0.28585858580298851,0.46447865731455207,0.24545454546342033,0.58000000000000007,0.12711864407505258,0.10000000000000001,0.16401249023173545,0.53116883123557279,0.51382783483254846,0.35315858768147163
0.38571428571428579,0.60526315789473684,0.51773986607797562,0.61891891894634887,0.10000000000000001,0.21581012320448847,0.53963930330246579,0.52179999865475302,0.23953488371507461,0.84559056900229446,0.85932203401060436,0.18372093021071689,0.16857142858062235,0.58557478920427075,0.60909090904469976,0.18888888892059855,0.11230769225906978,0.48630360894995495,0.28585858580298851,0.46447865731455207,0.24545454546342033,0.58000000000000007,0.12711864407505258,0.1727272728195226,0.19960967992200188,0.53116883123557279,0.48630360894995495,0.37454041948170064
0.38571428571428579,0.61929824561403513,0.84544424784674654,0.61891891894634887,0.10000000000000001,0.20776698194472804,0.1535682227144648,0.52179999865475302,0.37906976743014914,0.84305146222631422,0.85932203401060436,0.18372093021071689,0.10761904760219221,0.90000000000000013,0.82727272730353352,0.54444444431760597,0.11230769225906978,0.28248857135457539,0.28585858580298851,0.46447865731455207,0.28181818175605794,0.41999999999999998,0.12711864407505258,0.28181818187968177,0.19742388763273533,0.53116883123557279,0.28248857135457539,0.38524116089660493
0.38571428571428579,0.6333333333333333,0.56295641319143941,0.61891891894634887,0.10000000000000001,0.18467412817347778,0.47808147823587771,0.52179999865475302,0.29534883723467692,0.53219224665896991,0.85254237293349489,0.18372093021071689,0.19904761915028354,0.56249445189134994,0.75454545460706712,0.27777777784119706,0.11230769225906978,0.45380593914574274,0.28585858580298851,0.46447865731455207,0.24545454546342033,0.52666666659699046,0.12711864407505258,0.20909090917290896,0.1646370023391768,0.53116883123557279,0.45380593914574274,0.36949312811507184
0.38571428571428579,0.64736842105263159,0.64848873622141989,0.61891891894634887,0.10000000000000001,0.18163455137982223,0.37426384189366413,0.52179999865475302,0.33255813952512431,0.5292904103156163,0.85932203401060436,0.18372093021071689,0.16095238097843012,0.6432756324865726,0.90000000000000002,0.3666666667617956,0.11230769225906978,0.39899842695989007,0.28585858580298851,0.46447865731455207,0.24545454546342033,0.47333333340300954,0.12711864407505258,0.24545454552629536,0.16588602655405954,0.53116883123557279,0.39899842695989007,0.37177718239928154
0.38571428571428579,0.67543859649122806,0.25475802433206052,0.61891891894634887,0.10000000000000001,0.49237983365795479,0.6668509720225384,0.52179999865475302,0.26744186039094453,0.32351394231711716,0.51355932207534205,0.18372093021071689,0.26761904773090595,0.41442521079572936,0.68181818174116626,0.10000000000000003,0.11230769225906978,0.55346132252998637,0.28585858580298851,0.25475802438474981,0.24545454546342033,0.84666666659699052,0.12711864407505258,0.20909090917290896,0.1755659641326224,0.53116883123557279,0.55346132252998637,0.33721253298648285
0.38571428571428579,0.68947368421052635,0.46517216268610845,0.61891891894634887,0.10000000000000001,0.35339056680810288,0.52420348762341018,0.52179999865475302,0.55581395343567108,0.18886873715930902,0.52033898315245153,0.18372093021071689,0.25999999996782153,0.41442521079572936,0.53636363634823325,0.90000000000000002,0.11230769225906978,0.47815471739107496,0.28585858580298851,0.46447865731455207,0.42727272721947818,0.20666666659699046,0.12711864407505258,0.42727272729322729,0.13715846995886985,0.53116883123557279,0.47815471739107496,0.33184477867594109
0.38571428571428579,0.71754385964912282,0.43581377068748461,0.61891891894634887,0.10000000000000001,0.32233503478014075,0.6035899260542622,0.52179999865475302,0.2023255814246272,0.16510995225705338,0.6762711865061859,0.18372093021071689,0.10761904760219221,0.42134931210886706,0.60909090904469976,0.10000000000000003,0.11230769225906978,0.52006448668470862,0.16464646465231703,0.43581377070226568,0.24545454546342033,0.7933333334030096,0.12711864407505258,0.24545454552629536,0.17837626852933031,0.53116883123557279,0.52006448668470862,0.34439574010664459
0.38571428571428579,0.731578947368421,0.16259116688850389,0.61891891894634887,0.10000000000000001,0.51495561814787449,0.66653780247253192,0.52179999865475302,0.26744186039094453,0.34574926311465803,0.50000000007887691,0.18372093021071689,0.22952380955905252,0.41442521079572936,0.60909090904469976,0.10000000000000003,0.11230769225906978,0.55329599372777472,0.28585858580298851,0.16259116697154058,0.24545454546342033,0.7933333334030096,0.12711864407505258,0.24545454552629536,0.16900858709126632,0.53116883123557279,0.55329599372777472,0.33067176337180687
0.38571428571428579,0.75964912280701757,0.80637678133866308,0.61891891894634887,0.10000000000000001,0.27937453413205882,0.16921813934733237,0.52179999865475302,0.55581395343567108,0.68453865321778529,0.76440677971984039,0.18372093021071689,0.17619047618281461,0.87549933415142978,0.68181818174116626,0.72222222215880305,0.11230769225906978,0.29075049082270721,0.28585858580298851,0.46447865731455207,0.35454545453657971,0.31333333340300951,0.12711864407505258,0.35454545458645453,0.1964871194715733,0.53116883123557279,0.29075049082270721,0.34488248099315388
0.38571428571428579,0.77368421052631575,0.60757192215818145,0.61891891894634887,0.10000000000000001,0.19947617109690835,0.27920437768840578,0.52179999865475302,0.34186046513970175,0.49773294030173321,0.85932203401060436,0.18372093021071689,0.11523809520438444,0.66369285389453514,0.82727272730353352,0.54444444431760597,0.11230769225906978,0.34881453785747729,0.28585858580298851,0.46447865731455207,0.28181818175605794,0.41999999999999998,0.12711864407505258,0.28181818187968177,0.16526151444661819,0.53116883123557279,0.34881453785747729,0.36152085657640742
0.38571428571428579,0.81578947368421051,0.49453055468473223,0.61891891894634887,0.10000000000000001,0.2510355908296843,0.43112243561043151,0.52179999865475302,0.46279069762562142,0.24407617312698252,0.68983050850265104,0.18372093021071689,0.15333333337623786,0.49005770094614537,0.60909090904469976,0.81111111107940159,0.11230769225906978,0.42901527363525782,0.28585858580298851,0.46447865731455207,0.39090909092684067,0.25999999999999995,0.12711864407505258,0.39090909093984094,0.12310694771499568,0.53116883123557279,0.42901527363525782,0.3538932338642154
0.38571428571428579,0.8298245614035088,0.17921680118392941,0.61891891894634887,0.10000000000000001,0.42710857606527858,0.76917279599270993,0.52179999865475302,0.32325581391054686,0.51042847418163451,0.41864406778457808,0.18372093021071689,0.89999999999999991,0.41442521079572936,0.53636363634823325,0.10000000000000003,0.11230769225906978,0.60747916400391977,0.28585858580298851,0.1792168012344186,0.28181818175605794,0.7400000000000001,0.12711864407505258,0.28181818187968177,0.19992193597572255,0.53116883123557279,0.60747916400391977,0.31880858797638822
0.38571428571428579,0.84385964912280698,0.5504733172458437,0.61891891894634887,0.10000000000000001,0.16975871890127692,0.35124146930961531,0.52179999865475302,0.39767441865930409,0.30222171835562028,0.77118644079694987,0.18372093021071689,0.10761904760219221,0.51136262758950424,0.68181818174116626,0.72222222215880305,0.11230769225906978,0.38684443264127233,0.28585858580298851,0.46447865731455207,0.35454545453657971,0.31333333340300951,0.12711864407505258,0.35454545458645453,0.11249024197527077,0.53116883123557279,0.38684443264127233,0.36245957114324673
0.38571428571428579,0.85789473684210527,0.90000000000000013,0.61891891894634887,0.10000000000000001,0.23782650556543727,0.099999999999999978,0.52179999865475302,0.48139534885477631,0.77884833369206119,0.85932203401060436,0.18372093021071689,0.14571428577404563,0.89272081655294999,0.75454545460706712,0.63333333323820451,0.11230769225906978,0.25420878037115896,0.28585858580298851,0.46447865731455207,0.31818181814631885,0.36666666659699049,0.12711864407505258,0.31818181823306813,0.19960967992200188,0.53116883123557279,0.25420878037115896,0.3603765620078126
0.38571428571428579,0.88596491228070173,0.20595836644681245,0.61891891894634887,0.10000000000000001,0.19207476707969054,0.83766619868968695,0.52179999865475302,0.2023255814246272,0.33958286105621061,0.55423728822249141,0.18372093021071689,0.2523809523656293,0.41442521079572936,0.46363636365176675,0.10000000000000003,0.11230769225906978,0.64363827093094017,0.28585858580298851,0.20595836647521493,0.24545454546342033,0.68666666659699049,0.12711864407505258,0.10000000000000001,0.11904761910340506,0.53116883123557279,0.64363827093094017,0.35088964957386154
0.38571428571428579,0.90000000000000002,0.5377590530368096,0.61891891894634887,0.10000000000000001,0.36931729147099546,0.3807429579882719,0.52179999865475302,0.60232558134069603,0.31676717298999901,0.6152542372854618,0.18372093021071689,0.3285714285484439,0.68925876614484249,0.60909090904469976,0.81111111107940159,0.11230769225906978,0.40241888849162505,0.28585858580298851,0.46447865731455207,0.39090909092684067,0.25999999999999995,0.12711864407505258,0.39090909093984094,0.15339578457878877,0.53116883123557279,0.40241888849162505,0.32887596159176646
0.44285714285714284,0.10000000000000001,0.33130945356487507,0.67297297298211634,0.21578947357385345,0.24364790355584892,0.73997785573851593,0.90000000000000002,0.32325581391054686,0.46109725673588958,0.58135593221542192,0.90000000000000002,0.56476190485997235,0.69263204611885643,0.24545454539293299,0.10000000000000003,0.21076923068279071,0.5939912585514121,0.37474747472406539,0.33130945361949993,0.20909090907315941,0.63333333340300957,0.26271186430761473,0.1363636364661362,0.13278688529355853,0.72337662337909525,0.5939912585514121,0.65501898859337249
0.44285714285714284,0.19824561403508772,0.18319752187343646,0.67297297298211634,0.21578947357385345,0.30524975057239828,0.86371532421967911,0.90000000000000002,0.31395348829596936,0.39435502142565626,0.50000000007887691,0.90000000000000002,0.41238095249434303,0.69263204611885643,0.24545454539293299,0.10000000000000003,0.21076923068279071,0.65931486885631641,0.37474747472406539,0.18319752184427859,0.20909090907315941,0.68666666659699049,0.26271186430761473,0.10000000000000001,0.1318501171323965,0.72337662337909525,0.65931486885631641,0.65079099399844564
0.44285714285714284,0.38070175438596487,0.67900297036446311,0.67297297298211634,0.21578947357385345,0.19777819900496102,0.39575162236586603,0.90000000000000002,0.28604651162009942,0.89891181129787989,0.90000000000000002,0.90000000000000002,0.16857142858062235,0.69263204611885643,0.31818181808939949,0.3666666667617956,0.21076923068279071,0.41226699488778862,0.37474747472406539,0.67900297054956227,0.20909090907315941,0.52666666659699046,0.26271186430761473,0.20909090917290896,0.10000000000000001,0.72337662337909525,0.41226699488778862,0.66980260930784685
0.44285714285714284,0.46491228070175439,0.71529641564321711,0.67297297298211634,0.21578947357385345,0.23024149753284795,0.23205393286420745,0.90000000000000002,0.40697674410601908,0.45347993640794881,0.85932203401060436,0.90000000000000002,0.16857142858062235,0.73009320896076746,0.53636363634823325,0.54444444431760597,0.21076923068279071,0.32584754406584482,0.37474747472406539,0.67900297054956227,0.31818181814631885,0.36666666659699049,0.26271186430761473,0.31818181823306813,0.13747072601259053,0.72337662337909525,0.32584754406584482,0.72852593216223338
0.44285714285714284,0.49298245614035086,0.68154582333035407,0.67297297298211634,0.21578947357385345,0.28053045526454623,0.27910686046634098,0.90000000000000002,0.4999999999160688,0.39145318508230265,0.77118644079694987,0.90000000000000002,0.17619047618281461,0.74873501989793723,0.46363636365176675,0.63333333323820451,0.21076923068279071,0.35068777342123503,0.37474747472406539,0.67900297054956227,0.35454545453657971,0.31333333340300951,0.26271186430761473,0.35454545458645453,0.14215456673162249,0.72337662337909525,0.35068777342123503,0.6945462787838419
0.44285714285714284,0.57719298245614037,0.46842007928978086,0.67297297298211634,0.21578947357385345,0.20229296578564493,0.59177631816491594,0.90000000000000002,0.28604651162009942,0.51670369518854709,0.79152542371277079,0.90000000000000002,0.17619047618281461,0.69263204611885643,0.39090909095530024,0.10000000000000003,0.21076923068279071,0.5157525519052838,0.37474747472406539,0.46842007925843138,0.20909090907315941,0.58000000000000007,0.26271186430761473,0.10000000000000001,0.13559718969026643,0.72337662337909525,0.5157525519052838,0.65820850185590218
0.44285714285714284,0.6333333333333333,0.56295641319143941,0.67297297298211634,0.21578947357385345,0.19777819900496102,0.47808147823587771,0.90000000000000002,0.29534883723467692,0.53219224665896991,0.85254237293349489,0.90000000000000002,0.19904761915028354,0.69263204611885643,0.53636363634823325,0.27777777784119706,0.21076923068279071,0.45573065621847808,0.34242424239790686,0.56295641322512868,0.20909090907315941,0.52666666659699046,0.26271186430761473,0.20909090917290896,0.13497267758282508,0.72337662337909525,0.45573065621847808,0.65906861230442326
0.44285714285714284,0.64736842105263159,0.64848873622141989,0.67297297298211634,0.21578947357385345,0.19777819900496102,0.37426384189366413,0.90000000000000002,0.33255813952512431,0.5292904103156163,0.90000000000000002,0.90000000000000002,0.16857142858062235,0.69263204611885643,0.68181818174116626,0.3666666667617956,0.21076923068279071,0.40092314403262541,0.35858585860926806,0.6484887362885714,0.24545454546342033,0.47333333340300954,0.26271186430761473,0.24545454552629536,0.13372365345472059,0.72337662337909525,0.40092314403262541,0.6991279919112009
0.44285714285714284,0.77368421052631575,0.60757192215818145,0.67297297298211634,0.21578947357385345,0.19947617109690835,0.27920437768840578,0.90000000000000002,0.34186046513970175,0.49773294030173321,0.88644067800353477,0.90000000000000002,0.16857142858062235,0.69263204611885643,0.60909090904469976,0.54444444431760597,0.21076923068279071,0.35073925493021263,0.37474747472406539,0.60757192226679502,0.28181818175605794,0.41999999999999998,0.26271186430761473,0.28181818187968177,0.13434816547538372,0.72337662337909525,0.35073925493021263,0.74838556497887598
0.44285714285714284,0.87192982456140355,0.46170463604604334,0.67297297298211634,0.21578947357385345,0.50301495939172303,0.5136897437814063,0.90000000000000002,0.74186046505577052,0.24280661983680893,0.47966101700530217,0.90000000000000002,0.46571428570968876,0.69263204611885643,0.31818181808939949,0.90000000000000002,0.21076923068279071,0.47452900812246013,0.37474747472406539,0.46170463611901447,0.42727272721947818,0.20666666659699046,0.26271186430761473,0.42727272729322729,0.15308352852506807,0.72337662337909525,0.47452900812246013,0.63343611164436786
0.44285714285714284,0.90000000000000002,0.5377590530368096,0.67297297298211634,0.21578947357385345,0.36931729147099546,0.3807429579882719,0.90000000000000002,0.60232558134069603,0.31676717298999901,0.6152542372854618,0.90000000000000002,0.3285714285484439,0.69263204611885643,0.39090909095530024,0.81111111107940159,0.21076923068279071,0.40434360556436039,0.37474747472406539,0.53775905310726435,0.39090909092684067,0.25999999999999995,0.26271186430761473,0.39090909093984094,0.14621389542999136,0.72337662337909525,0.40434360556436039,0.67297247154079698
0.5,0.10000000000000001,0.33130945356487507,0.75945945952955829,0.46842105255275246,0.36430567160661209,0.73997785573851593,0.2412731594378329,0.32325581391054686,0.46109725673588958,0.45254237285461796,0.099999999999999978,0.56476190485997235,0.29032401244719508,0.17272727269646648,0.10000000000000003,0.32153846154116278,0.81552094679083331,0.43939393937638238,0.25920108176802636,0.13636363629263762,0.63333333340300957,0.38474576271670174,0.1363636364661362,0.34512099922027439,0.26103896109828695,0.81552094679083331,0.20412887691799225
0.5,0.11403508771929825,0.26162141532230454,0.75945945952955829,0.46842105255275246,0.36430567160661209,0.68183517803702698,0.2412731594378329,0.28604651162009942,0.17853094527170132,0.45254237285461796,0.099999999999999978,0.23714285716124478,0.35370616967332591,0.24545454539293299,0.10000000000000003,0.32153846154116278,0.78482620516436874,0.41515151510762255,0.25920108176802636,0.28181818175605794,0.7400000000000001,0.38474576271670174,0.28181818187968177,0.13747072601259053,0.26103896109828695,0.78482620516436874,0.20579619119693554
0.5,0.14210526315789473,0.35498110189860899,0.75945945952955829,0.46842105255275246,0.36430567160661209,0.71094591587707701,0.2412731594378329,0.28604651162009942,0.78066198133329479,0.45254237285461796,0.099999999999999978,0.33619047615063619,0.41353750556033297,0.24545454539293299,0.10000000000000003,0.32153846154116278,0.80019437548500127,0.43131313131898374,0.25920108176802636,0.13636363629263762,0.63333333340300957,0.38474576271670174,0.1363636364661362,0.37853239653449611,0.26103896109828695,0.80019437548500127,0.2151515928944695
0.5,0.156140350877193,0.40645537868886078,0.75945945952955829,0.46842105255275246,0.36430567160661209,0.68151735373552547,0.2412731594378329,0.28604651162009942,0.14762638855734345,0.45254237285461796,0.099999999999999978,0.23714285716124478,0.34500665788939544,0.17272727269646648,0.10000000000000003,0.32153846154116278,0.78465841898968558,0.18080808076711435,0.25920108176802636,0.10000000000000003,0.15333333340300948,0.38474576271670174,0.10000000000000001,0.3513661202079098,0.26103896109828695,0.78465841898968558,0.19268895446736423
0.5,0.17017543859649123,0.17168071017069114,0.75945945952955829,0.46842105255275246,0.51063343677355277,0.66650915636390418,0.2412731594378329,0.3511627907542792,0.43534345940871366,0.44576271193526229,0.099999999999999978,0.47333333331188099,0.18415446076800579,0.39090909095530024,0.10000000000000003,0.32153846154116278,0.77673527613621085,0.56868686868101648,0.17168071013486189,0.20909090907315941,0.84666666659699052,0.38474576271670174,0.20909090917290896,0.38040593285682017,0.26103896109828695,0.77673527613621085,0.17049236074841317
0.5,0.18421052631578949,0.3035854224585548,0.75945945952955829,0.46842105255275246,0.57021441580065768,0.78952684177131283,0.2412731594378329,0.61162790695527347,0.13681704815389717,0.27627118642730902,0.099999999999999978,0.45047619050530424,0.16995117620658706,0.17272727269646648,0.10000000000000003,0.32153846154116278,0.8416788978988774,0.56868686868101648,0.25920108176802636,0.10000000000000003,0.15333333340300948,0.38474576271670174,0.10000000000000001,0.21647150664936216,0.26103896109828695,0.8416788978988774,0.16793470366774949
0.5,0.19824561403508772,0.18319752187343646,0.75945945952955829,0.46842105255275246,0.36430567160661209,0.86371532421967911,0.2412731594378329,0.31395348829596936,0.39435502142565626,0.45254237285461796,0.099999999999999978,0.41238095249434303,0.099999999999999978,0.17272727269646648,0.10000000000000003,0.32153846154116278,0.88084455709573761,0.54444444441225659,0.18319752184427859,0.10000000000000003,0.68666666659699049,0.38474576271670174,0.10000000000000001,0.34605776738143645,0.26103896109828695,0.88084455709573761,0.18191565540478155
0.5,0.21228070175438596,0.29341401100860481,0.75945945952955829,0.46842105255275246,0.56392058695074565,0.61901797479698095,0.2412731594378329,0.87209302315626758,0.32322375878059828,0.45254237285461796,0.099999999999999978,0.55714285709688793,0.5030181979394861,0.31818181808939949,0.90000000000000002,0.32153846154116278,0.75166368320614507,0.56868686868101648,0.25920108176802636,0.90000000000000002,0.20666666659699046,0.38474576271670174,0.90000000000000013,0.35917252146414858,0.26103896109828695,0.75166368320614507,0.16572925350185808
0.5,0.22631578947368422,0.45453841429566788,0.75945945952955829,0.46842105255275246,0.36430567160661209,0.47369970924220184,0.2412731594378329,0.28604651162009942,0.40342326002309037,0.45254237285461796,0.099999999999999978,0.23714285716124478,0.42614292061853054,0.24545454539293299,0.3666666667617956,0.32153846154116278,0.67494711653239503,0.28585858580298851,0.25920108176802636,0.20909090907315941,0.52666666659699046,0.38474576271670174,0.20909090917290896,0.28704137392245366,0.26103896109828695,0.67494711653239503,0.28243067170426761
0.5,0.24035087719298245,0.54977981204191473,0.75945945952955829,0.46842105255275246,0.36430567160661209,0.31589194331709969,0.2412731594378329,0.28604651162009942,0.33958286105621061,0.45254237285461796,0.099999999999999978,0.23714285716124478,0.3806924102605137,0.46363636365176675,0.54444444431760597,0.32153846154116278,0.59163708013419836,0.32626262628310954,0.25920108176802636,0.31818181814631885,0.36666666659699049,0.38474576271670174,0.31818181823306813,0.27829820450505283,0.26103896109828695,0.59163708013419836,0.24740649052283903
0.5,0.25438596491228072,0.35970618490099637,0.75945945952955829,0.46842105255275246,0.36430567160661209,0.68229145545460235,0.2412731594378329,0.28604651162009942,0.40414871896220395,0.45254237285461796,0.099999999999999978,0.24476190476343701,0.42614292061853054,0.17272727269646648,0.10000000000000003,0.32153846154116278,0.78506708363287325,0.29393939395695107,0.25920108176802636,0.13636363629263762,0.63333333340300957,0.38474576271670174,0.1363636364661362,0.29828259176961991,0.26103896109828695,0.78506708363287325,0.20760257430059575
0.5,0.28245614035087718,0.46447865727537269,0.75945945952955829,0.46842105255275246,0.36430567160661209,0.39210577950243108,0.2412731594378329,0.28604651162009942,0.36620720918857602,0.45254237285461796,0.099999999999999978,0.23714285716124478,0.41442521079572936,0.46363636365176675,0.45555555539700737,0.32153846154116278,0.63187196605447449,0.28585858580298851,0.25920108176802636,0.24545454546342033,0.47333333340300954,0.38474576271670174,0.24545454552629536,0.27829820450505283,0.26103896109828695,0.63187196605447449,0.26762135348957378
0.5,0.29649122807017547,0.11585584322126258,0.75945945952955829,0.46842105255275246,0.36430567160661209,0.72382583135337863,0.2412731594378329,0.28604651162009942,0.29474948989375549,0.45254237285461796,0.099999999999999978,0.23714285716124478,0.29778073686181677,0.24545454539293299,0.10000000000000003,0.32153846154116278,0.80699395348658298,0.35858585860926806,0.11585584336724039,0.28181818175605794,0.7400000000000001,0.38474576271670174,0.28181818187968177,0.30265417643493125,0.26103896109828695,0.80699395348658298,0.18722596824424459
0.5,0.31052631578947371,0.41246575808801,0.75945945952955829,0.46842105255275246,0.49887462305150337,0.62804960420010492,0.2412731594378329,0.7976744185753728,0.36718657894223078,0.45254237285461796,0.099999999999999978,0.48857142867715764,0.48348868176692006,0.24545454539293299,0.90000000000000002,0.32153846154116278,0.75643167033572423,0.56868686868101648,0.25920108176802636,0.68181818185368126,0.20666666659699046,0.38474576271670174,0.6818181818796818,0.34480874316655374,0.26103896109828695,0.75643167033572423,0.1817085637853661
0.5,0.33859649122807017,0.62514072382875208,0.75945945952955829,0.46842105255275246,0.36430567160661209,0.29902547444736671,0.2412731594378329,0.60232558134069603,0.56338698710547963,0.45254237285461796,0.099999999999999978,0.32095238094625167,0.72370173094788293,0.31818181808939949,0.81111111107940159,0.32153846154116278,0.58273291671294103,0.55252525246965523,0.25920108176802636,0.39090909092684067,0.25999999999999995,0.38474576271670174,0.39090909093984094,0.37478532397662612,0.26103896109828695,0.58273291671294103,0.29201281605079654
0.5,0.35263157894736841,0.099999999999999978,0.75945945952955829,0.46842105255275246,0.40179705923654846,0.89999999999999991,0.2412731594378329,0.28604651162009942,0.57151212867123657,0.45254237285461796,0.099999999999999978,0.46571428570968876,0.099999999999999978,0.17272727269646648,0.10000000000000003,0.32153846154116278,0.90000000000000013,0.50404040402869943,0.10000000000000001,0.10000000000000003,0.68666666659699049,0.38474576271670174,0.10000000000000001,0.37478532397662612,0.26103896109828695,0.90000000000000013,0.17291548385733979
0.5,0.3666666666666667,0.14517724823155809,0.75945945952955829,0.46842105255275246,0.38647989940453886,0.7441078164537277,0.2412731594378329,0.29534883723467692,0.34574926311465803,0.45254237285461796,0.099999999999999978,0.29809523813967492,0.27434531741498369,0.24545454539293299,0.10000000000000003,0.32153846154116278,0.81770123979841025,0.52828282829745921,0.14517724834763862,0.28181818175605794,0.7400000000000001,0.38474576271670174,0.28181818187968177,0.3457455113277158,0.26103896109828695,0.81770123979841025,0.18229053658445332
0.5,0.38070175438596487,0.67900297036446311,0.75945945952955829,0.46842105255275246,0.36430567160661209,0.39575162236586603,0.2412731594378329,0.28604651162009942,0.89891181129787989,0.45254237285461796,0.099999999999999978,0.23714285716124478,0.69263204611885643,0.24545454539293299,0.3666666667617956,0.32153846154116278,0.63379668312720983,0.37474747472406539,0.25920108176802636,0.20909090907315941,0.52666666659699046,0.38474576271670174,0.20909090917290896,0.3779078844270547,0.26103896109828695,0.63379668312720983,0.3261164220773054
0.5,0.39473684210526316,0.123627726285094,0.75945945952955829,0.46842105255275246,0.90000000000000002,0.8414524721574419,0.2412731594378329,0.86279069770955252,0.11164361809539203,0.099999999999999978,0.099999999999999978,0.83904761902156977,0.099999999999999978,0.10000000000000003,0.10000000000000003,0.32153846154116278,0.86909152948239776,0.56868686868101648,0.12362772632392169,0.13636363629263762,0.099999999999999978,0.38474576271670174,0.1363636364661362,0.18212334117397846,0.26103896109828695,0.86909152948239776,0.14617043259954887
0.5,0.40877192982456145,0.32161656086280921,0.75945945952955829,0.46842105255275246,0.55982152194851664,0.6102245769468162,0.2412731594378329,0.90000000000000002,0.3035275447590377,0.45254237285461796,0.099999999999999978,0.57238095246216458,0.52148246790908426,0.24545454539293299,0.90000000000000002,0.32153846154116278,0.74702146372307421,0.56868686868101648,0.25920108176802636,0.42727272721947818,0.20666666659699046,0.38474576271670174,0.42727272729322729,0.35917252146414858,0.26103896109828695,0.74702146372307421,0.16155114228971013
0.5,0.42280701754385963,0.15071142077640043,0.75945945952955829,0.46842105255275246,0.36430567160661209,0.79338492930797089,0.2412731594378329,0.28604651162009942,0.10000000000000003,0.32372881365156786,0.099999999999999978,0.26761904773090595,0.14474034628896121,0.10000000000000003,0.10000000000000003,0.32153846154116278,0.8437156633927444,0.50404040402869943,0.15071142088250353,0.13636363629263762,0.099999999999999978,0.38474576271670174,0.1363636364661362,0.90000000000000002,0.26103896109828695,0.8437156633927444,0.18477110116445866
0.5,0.43684210526315792,0.25920108175525125,0.75945945952955829,0.46842105255275246,0.36430567160661209,0.81537819645801068,0.2412731594378329,0.28604651162009942,0.14363636351186987,0.45254237285461796,0.099999999999999978,0.23714285716124478,0.099999999999999978,0.17272727269646648,0.10000000000000003,0.32153846154116278,0.85532637136663103,0.56868686868101648,0.25920108176802636,0.10000000000000003,0.15333333340300948,0.38474576271670174,0.10000000000000001,0.10000000000000001,0.26103896109828695,0.85532637136663103,0.19596160670119217
0.5,0.4508771929824561,0.39697747264964656,0.75945945952955829,0.46842105255275246,0.36430567160661209,0.35554493647920721,0.2412731594378329,0.28604651162009942,0.35155293580136521,0.45254237285461796,0.099999999999999978,0.23714285716124478,0.27239236577785014,0.53636363634823325,0.54444444431760597,0.32153846154116278,0.6125707286117934,0.34242424239790686,0.25920108176802636,0.28181818175605794,0.41999999999999998,0.38474576271670174,0.28181818187968177,0.26861826701326819,0.26103896109828695,0.6125707286117934,0.2397078217806286
0.5,0.46491228070175439,0.71529641564321711,0.75945945952955829,0.46842105255275246,0.36430567160661209,0.23205393286420745,0.2412731594378329,0.40697674410601908,0.45347993640794881,0.45254237285461796,0.099999999999999978,0.23714285716124478,0.73009320896076746,0.46363636365176675,0.54444444431760597,0.32153846154116278,0.54737723230526603,0.39898989899282522,0.25920108176802636,0.31818181814631885,0.36666666659699049,0.38474576271670174,0.31818181823306813,0.34043715850124245,0.26103896109828695,0.54737723230526603,0.38769216745604906
0.5,0.47894736842105268,0.13156605058959603,0.75945945952955829,0.46842105255275246,0.46072719471160734,0.83157863365586471,0.2412731594378329,0.51860465114522369,0.11570618897608703,0.21525423736433863,0.099999999999999978,0.46571428570968876,0.099999999999999978,0.10000000000000003,0.10000000000000003,0.32153846154116278,0.86387892271646083,0.56868686868101648,0.13156605060783907,0.13636363629263762,0.099999999999999978,0.38474576271670174,0.1363636364661362,0.16557377050033886,0.26103896109828695,0.86387892271646083,0.17414140577957277
0.5,0.49298245614035086,0.68154582333035407,0.75945945952955829,0.46842105255275246,0.36430567160661209,0.27910686046634098,0.2412731594378329,0.4999999999160688,0.39145318508230265,0.45254237285461796,0.099999999999999978,0.23714285716124478,0.74873501989793723,0.39090909095530024,0.63333333323820451,0.32153846154116278,0.57221746166065612,0.43131313131898374,0.25920108176802636,0.35454545453657971,0.31333333340300951,0.38474576271670174,0.35454545458645453,0.33575331769543226,0.26103896109828695,0.57221746166065612,0.35412972055180836
0.5,0.50701754385964914,0.34496457346228382,0.75945945952955829,0.46842105255275246,0.53427298182808169,0.62054492138984996,0.2412731594378329,0.84418604648039763,0.33486737687599033,0.45254237285461796,0.099999999999999978,0.67142857145155599,0.4568575233136446,0.24545454539293299,0.10000000000000003,0.32153846154116278,0.75246979054872876,0.56868686868101648,0.25920108176802636,0.46363636360973914,0.20666666659699046,0.38474576271670174,0.46363636364661365,0.35917252146414858,0.26103896109828695,0.75246979054872876,0.17044096574797429
0.5,0.52105263157894743,0.44529167672669889,0.75945945952955829,0.46842105255275246,0.36430567160661209,0.5700166829679213,0.2412731594378329,0.28604651162009942,0.40371344355960914,0.45254237285461796,0.099999999999999978,0.23714285716124478,0.42365734587991299,0.24545454539293299,0.27777777784119706,0.32153846154116278,0.72579487128542519,0.29393939395695107,0.25920108176802636,0.17272727268289853,0.58000000000000007,0.38474576271670174,0.1727272728195226,0.27985948477365624,0.26103896109828695,0.72579487128542519,0.25132762673279269
0.5,0.53508771929824561,0.81007547644897349,0.75945945952955829,0.46842105255275246,0.36430567160661209,0.26416539965324087,0.2412731594378329,0.31395348829596936,0.89999999999999991,0.45254237285461796,0.099999999999999978,0.23714285716124478,0.79631602305942828,0.60909090904469976,0.45555555539700737,0.32153846154116278,0.56432955044767341,0.36666666666666675,0.25920108176802636,0.24545454546342033,0.47333333340300954,0.38474576271670174,0.24545454552629536,0.3779078844270547,0.26103896109828695,0.56432955044767341,0.37023902995407354
0.5,0.57719298245614037,0.46842007928978086,0.75945945952955829,0.46842105255275246,0.36430567160661209,0.59177631816491594,0.2412731594378329,0.28604651162009942,0.51670369518854709,0.45254237285461796,0.099999999999999978,0.23714285716124478,0.43253439863141507,0.31818181808939949,0.10000000000000003,0.32153846154116278,0.73728224014470489,0.42323232316502124,0.25920108176802636,0.10000000000000003,0.58000000000000007,0.38474576271670174,0.10000000000000001,0.34231069473678832,0.26103896109828695,0.73728224014470489,0.25073204937476579
0.5,0.59122807017543866,0.32415941362189327,0.75945945952955829,0.46842105255275246,0.54498023877399082,0.61943311060305317,0.2412731594378329,0.86279069770955252,0.32144638405697545,0.45254237285461796,0.099999999999999978,0.5495238094946957,0.49059032404762937,0.24545454539293299,0.10000000000000003,0.32153846154116278,0.75188284223100921,0.56868686868101648,0.25920108176802636,0.5,0.20666666659699046,0.38474576271670174,0.50000000000000011,0.35823575330298651,0.26103896109828695,0.75188284223100921,0.1676157523414965
0.5,0.60526315789473684,0.51773986607797562,0.75945945952955829,0.46842105255275246,0.36430567160661209,0.53963930330246579,0.2412731594378329,0.28604651162009942,0.84559056900229446,0.45254237285461796,0.099999999999999978,0.23714285716124478,0.58557478920427075,0.31818181808939949,0.18888888892059855,0.32153846154116278,0.70975801410621653,0.39898989899282522,0.25920108176802636,0.17272727268289853,0.58000000000000007,0.38474576271670174,0.1727272728195226,0.3779078844270547,0.26103896109828695,0.70975801410621653,0.26637275730244125
0.5,0.61929824561403513,0.84544424784674654,0.75945945952955829,0.46842105255275246,0.36430567160661209,0.1535682227144648,0.2412731594378329,0.37906976743014914,0.84305146222631422,0.45254237285461796,0.099999999999999978,0.23714285716124478,0.90000000000000013,0.53636363634823325,0.54444444431760597,0.32153846154116278,0.50594297619904693,0.38282828278146408,0.25920108176802636,0.28181818175605794,0.41999999999999998,0.38474576271670174,0.28181818187968177,0.37572209213778818,0.26103896109828695,0.50594297619904693,0.40513170039908497
0.5,0.6333333333333333,0.56295641319143941,0.75945945952955829,0.46842105255275246,0.36430567160661209,0.47808147823587771,0.2412731594378329,0.29534883723467692,0.53219224665896991,0.45254237285461796,0.099999999999999978,0.23714285716124478,0.56249445189134994,0.46363636365176675,0.27777777784119706,0.32153846154116278,0.67726034445789918,0.34242424239790686,0.25920108176802636,0.20909090907315941,0.52666666659699046,0.38474576271670174,0.20909090917290896,0.34293520684422962,0.26103896109828695,0.67726034445789918,0.3049341238081919
0.5,0.64736842105263159,0.64848873622141989,0.75945945952955829,0.46842105255275246,0.36430567160661209,0.37426384189366413,0.2412731594378329,0.33255813952512431,0.5292904103156163,0.45254237285461796,0.099999999999999978,0.23714285716124478,0.6432756324865726,0.60909090904469976,0.3666666667617956,0.32153846154116278,0.62245283227204662,0.35858585860926806,0.25920108176802636,0.24545454546342033,0.47333333340300954,0.38474576271670174,0.24545454552629536,0.34418423105911233,0.26103896109828695,0.62245283227204662,0.35243066230200576
0.5,0.67543859649122806,0.25475802433206052,0.75945945952955829,0.46842105255275246,0.49237983365795479,0.6668509720225384,0.2412731594378329,0.28604651162009942,0.32351394231711716,0.45254237285461796,0.099999999999999978,0.26761904773090595,0.18823790500984439,0.39090909095530024,0.10000000000000003,0.32153846154116278,0.77691572784214291,0.52828282829745921,0.25475802438474981,0.20909090907315941,0.84666666659699052,0.38474576271670174,0.20909090917290896,0.35386416863767522,0.26103896109828695,0.77691572784214291,0.17530232814242724
0.5,0.68947368421052635,0.46517216268610845,0.75945945952955829,0.46842105255275246,0.36430567160661209,0.52420348762341018,0.2412731594378329,0.55581395343567108,0.18886873715930902,0.45254237285461796,0.099999999999999978,0.25999999996782153,0.40892143821701032,0.24545454539293299,0.90000000000000002,0.32153846154116278,0.7016091227032315,0.56868686868101648,0.25920108176802636,0.42727272721947818,0.20666666659699046,0.38474576271670174,0.42727272729322729,0.24113973463296123,0.26103896109828695,0.7016091227032315,0.2271462790263053
0.5,0.70350877192982453,0.16002982063525562,0.75945945952955829,0.46842105255275246,0.41225637389335523,0.72867932503044819,0.2412731594378329,0.28604651162009942,0.255393334768245,0.45254237285461796,0.099999999999999978,0.23714285716124478,0.099999999999999978,0.46363636365176675,0.10000000000000003,0.32153846154116278,0.80955621490256457,0.22929292930463405,0.16002982069732494,0.17272727268289853,0.90000000000000013,0.38474576271670174,0.1727272728195226,0.3185792350011295,0.26103896109828695,0.80955621490256457,0.14957459556979391
0.5,0.71754385964912282,0.43581377068748461,0.75945945952955829,0.46842105255275246,0.36430567160661209,0.6035899260542622,0.2412731594378329,0.28604651162009942,0.16510995225705338,0.45254237285461796,0.099999999999999978,0.23714285716124478,0.42134931210886706,0.31818181808939949,0.10000000000000003,0.32153846154116278,0.74351889199686516,0.16464646465231703,0.25920108176802636,0.24545454546342033,0.7933333334030096,0.38474576271670174,0.24545454552629536,0.19992193597572255,0.26103896109828695,0.74351889199686516,0.20022739173761822
0.5,0.731578947368421,0.16259116688850389,0.75945945952955829,0.46842105255275246,0.51495561814787449,0.66653780247253192,0.2412731594378329,0.28604651162009942,0.34574926311465803,0.45254237285461796,0.099999999999999978,0.23714285716124478,0.36844207733622858,0.31818181808939949,0.10000000000000003,0.32153846154116278,0.77675039903993126,0.52828282829745921,0.16259116697154058,0.24545454546342033,0.7933333334030096,0.38474576271670174,0.24545454552629536,0.34730679159631916,0.26103896109828695,0.77675039903993126,0.18941630223353634
0.5,0.74561403508771928,0.28855947375387503,0.75945945952955829,0.46842105255275246,0.74183133178562743,0.80511055239128615,0.2412731594378329,0.78837209296079536,0.17599183849572109,0.22881355936080389,0.099999999999999978,0.6485714286449793,0.15184198856967052,0.17272727269646648,0.10000000000000003,0.32153846154116278,0.84990586633747012,0.56868686868101648,0.25920108176802636,0.10000000000000003,0.15333333340300948,0.38474576271670174,0.10000000000000001,0.32482435598876486,0.26103896109828695,0.84990586633747012,0.14701240363615031
0.5,0.75964912280701757,0.80637678133866308,0.75945945952955829,0.46842105255275246,0.36430567160661209,0.16921813934733237,0.2412731594378329,0.55581395343567108,0.68453865321778529,0.45254237285461796,0.099999999999999978,0.23714285716124478,0.87549933415142978,0.39090909095530024,0.72222222215880305,0.32153846154116278,0.51420489613486375,0.44747474743378107,0.25920108176802636,0.35454545453657971,0.31333333340300951,0.38474576271670174,0.35454545458645453,0.37478532397662612,0.26103896109828695,0.51420489613486375,0.36696788933790553
0.5,0.77368421052631575,0.60757192215818145,0.75945945952955829,0.46842105255275246,0.36430567160661209,0.27920437768840578,0.2412731594378329,0.34186046513970175,0.49773294030173321,0.45254237285461796,0.099999999999999978,0.23714285716124478,0.66369285389453514,0.53636363634823325,0.54444444431760597,0.32153846154116278,0.57226894316963384,0.37474747472406539,0.25920108176802636,0.28181818175605794,0.41999999999999998,0.38474576271670174,0.28181818187968177,0.34355971895167103,0.26103896109828695,0.57226894316963384,0.38424265595600504
0.5,0.80175438596491222,0.51348636676316084,0.75945945952955829,0.46842105255275246,0.50308046194409928,0.45579450291405732,0.2412731594378329,0.89069767438542247,0.50585808206312322,0.45254237285461796,0.099999999999999978,0.48857142867715764,0.76222814019153118,0.31818181808939949,0.81111111107940159,0.32153846154116278,0.66549458178415222,0.56868686868101648,0.25920108176802636,0.39090909092684067,0.20666666659699046,0.38474576271670174,0.39090909093984094,0.3832162373403063,0.26103896109828695,0.66549458178415222,0.17484430799145728
0.5,0.81578947368421051,0.49453055468473223,0.75945945952955829,0.46842105255275246,0.36430567160661209,0.43112243561043151,0.2412731594378329,0.46279069762562142,0.24407617312698252,0.45254237285461796,0.099999999999999978,0.23714285716124478,0.49005770094614537,0.31818181808939949,0.81111111107940159,0.32153846154116278,0.65246967894741437,0.42323232316502124,0.25920108176802636,0.39090909092684067,0.25999999999999995,0.38474576271670174,0.39090909093984094,0.25519125687683542,0.26103896109828695,0.65246967894741437,0.28909841720238072
0.5,0.84385964912280698,0.5504733172458437,0.75945945952955829,0.46842105255275246,0.36430567160661209,0.35124146930961531,0.2412731594378329,0.39767441865930409,0.30222171835562028,0.45254237285461796,0.099999999999999978,0.23714285716124478,0.51136262758950424,0.39090909095530024,0.72222222215880305,0.32153846154116278,0.61029883795342887,0.35858585860926806,0.25920108176802636,0.35454545453657971,0.31333333340300951,0.38474576271670174,0.35454545458645453,0.26580796252978212,0.26103896109828695,0.61029883795342887,0.32465922265309743
0.5,0.85789473684210527,0.90000000000000013,0.75945945952955829,0.46842105255275246,0.36430567160661209,0.099999999999999978,0.2412731594378329,0.48139534885477631,0.77884833369206119,0.45254237285461796,0.099999999999999978,0.23714285716124478,0.89272081655294999,0.46363636365176675,0.63333333323820451,0.32153846154116278,0.47766318568331551,0.36666666666666675,0.25920108176802636,0.31818181814631885,0.36666666659699049,0.38474576271670174,0.31818181823306813,0.3779078844270547,0.26103896109828695,0.47766318568331551,0.41120386853917118
0.5,0.87192982456140355,0.46170463604604334,0.75945945952955829,0.46842105255275246,0.50301495939172303,0.5136897437814063,0.2412731594378329,0.74186046505577052,0.24280661983680893,0.45254237285461796,0.099999999999999978,0.46571428570968876,0.50035508223329694,0.24545454539293299,0.90000000000000002,0.32153846154116278,0.69605869636188133,0.56868686868101648,0.25920108176802636,0.42727272721947818,0.20666666659699046,0.38474576271670174,0.42727272729322729,0.32482435598876486,0.26103896109828695,0.69605869636188133,0.18742096692238031
0.5,0.88596491228070173,0.20595836644681245,0.75945945952955829,0.46842105255275246,0.36430567160661209,0.83766619868968695,0.2412731594378329,0.28604651162009942,0.33958286105621061,0.45254237285461796,0.099999999999999978,0.2523809523656293,0.099999999999999978,0.17272727269646648,0.10000000000000003,0.32153846154116278,0.86709267624309672,0.40707070705022391,0.20595836647521493,0.10000000000000003,0.68666666659699049,0.38474576271670174,0.10000000000000001,0.2973458236084579,0.26103896109828695,0.86709267624309672,0.18063531524678977
0.5,0.90000000000000002,0.5377590530368096,0.75945945952955829,0.46842105255275246,0.36931729147099546,0.3807429579882719,0.2412731594378329,0.60232558134069603,0.31676717298999901,0.45254237285461796,0.099999999999999978,0.3285714285484439,0.68925876614484249,0.31818181808939949,0.81111111107940159,0.32153846154116278,0.62587329380378154,0.55252525246965523,0.25920108176802636,0.39090909092684067,0.25999999999999995,0.38474576271670174,0.39090909093984094,0.33169398908384162,0.26103896109828695,0.62587329380378154,0.28368229112672005
0.55714285714285716,0.10000000000000001,0.33130945356487507,0.56486486491058152,0.24736842102110099,0.24364790355584892,0.73997785573851593,0.78103162286316374,0.40697674410601908,0.46109725673588958,0.58135593221542192,0.54651162796938024,0.56476190485997235,0.73009320896076746,0.46363636365176675,0.10000000000000003,0.16153846147093023,0.50757180772946831,0.39898989899282522,0.33130945361949993,0.31818181814631885,0.63333333340300957,0.303389830491544,0.1363636364661362,0.10468384080581021,0.70259740255538006,0.50757180772946831,0.69138834155144935
0.55714285714285716,0.1280701754385965,0.29780621152965092,0.56486486491058152,0.24736842102110099,0.35238004558477193,0.64653378280826823,0.78103162286316374,0.40697674410601908,0.28832917702076688,0.63559322035903654,0.54651162796938024,0.13809523817185337,0.73009320896076746,0.68181818174116626,0.10000000000000003,0.16153846147093023,0.45824071760554785,0.20505050503587419,0.29780621150644115,0.31818181814631885,0.84666666659699052,0.303389830491544,0.20909090917290896,0.12498048403731976,0.70259740255538006,0.45824071760554785,0.71585085014269056
0.55714285714285716,0.17017543859649123,0.17168071017069114,0.56486486491058152,0.24736842102110099,0.51063343677355277,0.66650915636390418,0.78103162286316374,0.40697674410601908,0.43534345940871366,0.44576271193526229,0.54651162796938024,0.47333333331188099,0.73009320896076746,0.68181818174116626,0.10000000000000003,0.16153846147093023,0.46878613707484584,0.39898989899282522,0.17168071013486189,0.31818181814631885,0.84666666659699052,0.303389830491544,0.20909090917290896,0.13996877444235595,0.70259740255538006,0.46878613707484584,0.70480394828365389
0.55714285714285716,0.19824561403508772,0.18319752187343646,0.56486486491058152,0.24736842102110099,0.30524975057239828,0.86371532421967911,0.78103162286316374,0.40697674410601908,0.39435502142565626,0.50000000007887691,0.54651162796938024,0.41238095249434303,0.73009320896076746,0.46363636365176675,0.10000000000000003,0.16153846147093023,0.57289541803437261,0.39898989899282522,0.18319752184427859,0.31818181814631885,0.68666666659699049,0.303389830491544,0.10000000000000001,0.10562060888019403,0.70259740255538006,0.57289541803437261,0.6975769042513531
0.55714285714285716,0.22631578947368422,0.45453841429566788,0.56486486491058152,0.24736842102110099,0.23024149753284795,0.47369970924220184,0.78103162286316374,0.40697674410601908,0.40342326002309037,0.84576271185638541,0.54651162796938024,0.18380952378500687,0.73009320896076746,0.53636363634823325,0.3666666667617956,0.16153846147093023,0.36699797747103013,0.28585858580298851,0.45453841446594284,0.31818181814631885,0.52666666659699046,0.303389830491544,0.20909090917290896,0.15339578457878877,0.70259740255538006,0.36699797747103013,0.67722146084224133
0.55714285714285716,0.24035087719298245,0.54977981204191473,0.56486486491058152,0.24736842102110099,0.23024149753284795,0.31589194331709969,0.78103162286316374,0.40697674410601908,0.33958286105621061,0.83220338985992015,0.54651162796938024,0.16095238097843012,0.73009320896076746,0.75454545460706712,0.54444444431760597,0.16153846147093023,0.28368794076104337,0.32626262628310954,0.54977981199128645,0.31818181814631885,0.36666666659699049,0.303389830491544,0.31818181823306813,0.16213895399618958,0.70259740255538006,0.28368794076104337,0.74861969777544879
0.55714285714285716,0.25438596491228072,0.35970618490099637,0.56486486491058152,0.24736842102110099,0.23024149753284795,0.68229145545460235,0.78103162286316374,0.40697674410601908,0.40414871896220395,0.65593220343261116,0.54651162796938024,0.24476190476343701,0.73009320896076746,0.46363636365176675,0.10000000000000003,0.16153846147093023,0.47711794457150825,0.29393939395695107,0.3597061849143055,0.31818181814631885,0.63333333340300957,0.303389830491544,0.1363636364661362,0.14215456673162249,0.70259740255538006,0.47711794457150825,0.71798676589622346
0.55714285714285716,0.28245614035087718,0.46447865727537269,0.56486486491058152,0.24736842102110099,0.23024149753284795,0.39210577950243108,0.78103162286316374,0.40697674410601908,0.36620720918857602,0.85932203401060436,0.54651162796938024,0.13809523817185337,0.73009320896076746,0.75454545460706712,0.45555555539700737,0.16153846147093023,0.32392282699310948,0.28585858580298851,0.46447865731455207,0.31818181814631885,0.47333333340300954,0.303389830491544,0.24545454552629536,0.16213895399618958,0.70259740255538006,0.32392282699310948,0.67936946953705413
0.55714285714285716,0.29649122807017547,0.11585584322126258,0.56486486491058152,0.24736842102110099,0.29340967598835338,0.72382583135337863,0.78103162286316374,0.40697674410601908,0.29474948989375549,0.54745762714538193,0.54651162796938024,0.16095238097843012,0.73009320896076746,0.53636363634823325,0.10000000000000003,0.16153846147093023,0.49904481442521798,0.35858585860926806,0.11585584336724039,0.31818181814631885,0.7400000000000001,0.303389830491544,0.28181818187968177,0.1377829820663112,0.70259740255538006,0.49904481442521798,0.73289433925881509
0.55714285714285716,0.32456140350877194,0.32587006017762404,0.56486486491058152,0.24736842102110099,0.36620049717395403,0.6425709074774375,0.78103162286316374,0.40697674410601908,0.27367490363355607,0.5881355932925314,0.54651162796938024,0.13809523817185337,0.73009320896076746,0.60909090904469976,0.10000000000000003,0.16153846147093023,0.456148632468449,0.19696969697847555,0.32587006014677455,0.31818181814631885,0.7933333334030096,0.303389830491544,0.24545454552629536,0.12185792350011296,0.70259740255538006,0.456148632468449,0.7380323276850419
0.55714285714285716,0.3666666666666667,0.14517724823155809,0.56486486491058152,0.24736842102110099,0.38647989940453886,0.7441078164537277,0.78103162286316374,0.40697674410601908,0.34574926311465803,0.45254237285461796,0.54651162796938024,0.29809523813967492,0.73009320896076746,0.53636363634823325,0.10000000000000003,0.16153846147093023,0.50975210073704513,0.39898989899282522,0.14517724834763862,0.31818181814631885,0.7400000000000001,0.303389830491544,0.28181818187968177,0.10530835282647336,0.70259740255538006,0.50975210073704513,0.71437399968890303
0.55714285714285716,0.43684210526315792,0.25920108175525125,0.56486486491058152,0.24736842102110099,0.36430567160661209,0.81537819645801068,0.78103162286316374,0.40697674410601908,0.14363636351186987,0.45254237285461796,0.54651162796938024,0.23714285716124478,0.73009320896076746,0.46363636365176675,0.10000000000000003,0.16153846147093023,0.54737723230526603,0.39898989899282522,0.25920108176802636,0.31818181814631885,0.15333333340300948,0.303389830491544,0.10000000000000001,0.34043715850124245,0.70259740255538006,0.54737723230526603,0.73171225424872111
0.55714285714285716,0.4508771929824561,0.39697747264964656,0.56486486491058152,0.24736842102110099,0.23024149753284795,0.35554493647920721,0.78103162286316374,0.40697674410601908,0.35155293580136521,0.75084745772337513,0.54651162796938024,0.19904761915028354,0.73009320896076746,0.82727272730353352,0.54444444431760597,0.16153846147093023,0.3046215895504284,0.34242424239790686,0.39697747257714255,0.31818181814631885,0.41999999999999998,0.303389830491544,0.28181818187968177,0.17181889148797425,0.70259740255538006,0.3046215895504284,0.70985879773858251
0.55714285714285716,0.46491228070175439,0.71529641564321711,0.56486486491058152,0.24736842102110099,0.23024149753284795,0.23205393286420745,0.78103162286316374,0.40697674410601908,0.45347993640794881,0.85932203401060436,0.54651162796938024,0.13809523817185337,0.73009320896076746,0.75454545460706712,0.54444444431760597,0.16153846147093023,0.23942809324390096,0.39898989899282522,0.71529641572709646,0.31818181814631885,0.36666666659699049,0.303389830491544,0.31818181823306813,0.10000000000000001,0.70259740255538006,0.23942809324390096,0.74261706404772099
0.55714285714285716,0.52105263157894743,0.44529167672669889,0.56486486491058152,0.24736842102110099,0.23024149753284795,0.5700166829679213,0.78103162286316374,0.40697674410601908,0.40371344355960914,0.84576271185638541,0.54651162796938024,0.21428571435466803,0.73009320896076746,0.53636363634823325,0.27777777784119706,0.16153846147093023,0.41784573222406018,0.29393939395695107,0.4452916767774584,0.31818181814631885,0.58000000000000007,0.303389830491544,0.1727272728195226,0.16057767372758619,0.70259740255538006,0.41784573222406018,0.69339879303920515
0.55714285714285716,0.53508771929824561,0.81007547644897349,0.56486486491058152,0.24736842102110099,0.23024149753284795,0.26416539965324087,0.78103162286316374,0.40697674410601908,0.89999999999999991,0.85932203401060436,0.54651162796938024,0.16857142858062235,0.79631602305942828,0.90000000000000002,0.45555555539700737,0.16153846147093023,0.25638041107451837,0.36666666666666675,0.71529641572709646,0.31818181814631885,0.47333333340300954,0.303389830491544,0.24545454552629536,0.13747072601259053,0.70259740255538006,0.25638041107451837,0.70050944251168845
0.55714285714285716,0.5491228070175439,0.1191823571751327,0.56486486491058152,0.24736842102110099,0.35900345615198953,0.61727691466819024,0.78103162286316374,0.40697674410601908,0.14671956463891017,0.77796610171630565,0.54651162796938024,0.13809523817185337,0.73009320896076746,0.68181818174116626,0.10000000000000003,0.16153846147093023,0.4427954018776708,0.10000000000000003,0.11918235720543705,0.31818181814631885,0.84666666659699052,0.303389830491544,0.20909090917290896,0.26206088997191213,0.70259740255538006,0.4427954018776708,0.70403151165941091
0.55714285714285716,0.56315789473684208,0.18467468806534465,0.56486486491058152,0.24736842102110099,0.44463070757615503,0.6860488022326825,0.78103162286316374,0.40697674410601908,0.49192926761502598,0.43898305085815276,0.54651162796938024,0.59523809526874127,0.73009320896076746,0.60909090904469976,0.10000000000000003,0.16153846147093023,0.47910152696275887,0.39898989899282522,0.18467468817253024,0.31818181814631885,0.7933333334030096,0.303389830491544,0.24545454552629536,0.1377829820663112,0.70259740255538006,0.47910152696275887,0.70143606413724802
0.55714285714285716,0.57719298245614037,0.46842007928978086,0.56486486491058152,0.24736842102110099,0.23024149753284795,0.59177631816491594,0.78103162286316374,0.40697674410601908,0.51670369518854709,0.79152542371277079,0.54651162796938024,0.17619047618281461,0.73009320896076746,0.60909090904469976,0.10000000000000003,0.16153846147093023,0.42933310108333994,0.39898989899282522,0.46842007925843138,0.31818181814631885,0.58000000000000007,0.303389830491544,0.10000000000000001,0.1018735363223241,0.70259740255538006,0.42933310108333994,0.68469036370013692
0.55714285714285716,0.60526315789473684,0.51773986607797562,0.56486486491058152,0.24736842102110099,0.23024149753284795,0.53963930330246579,0.78103162286316374,0.40697674410601908,0.84559056900229446,0.85932203401060436,0.54651162796938024,0.16857142858062235,0.73009320896076746,0.60909090904469976,0.18888888892059855,0.16153846147093023,0.40180887520074648,0.39898989899282522,0.51773986621150936,0.31818181814631885,0.58000000000000007,0.303389830491544,0.1727272728195226,0.13747072601259053,0.70259740255538006,0.40180887520074648,0.66390259764027471
0.55714285714285716,0.64736842105263159,0.64848873622141989,0.56486486491058152,0.24736842102110099,0.23024149753284795,0.37426384189366413,0.78103162286316374,0.40697674410601908,0.5292904103156163,0.85932203401060436,0.54651162796938024,0.16095238097843012,0.73009320896076746,0.90000000000000002,0.3666666667617956,0.16153846147093023,0.31450369321068156,0.35858585860926806,0.6484887362885714,0.31818181814631885,0.47333333340300954,0.303389830491544,0.24545454552629536,0.10374707264464818,0.70259740255538006,0.31450369321068156,0.67946923630261191
0.55714285714285716,0.67543859649122806,0.25475802433206052,0.56486486491058152,0.24736842102110099,0.49237983365795479,0.6668509720225384,0.78103162286316374,0.40697674410601908,0.32351394231711716,0.51355932207534205,0.54651162796938024,0.26761904773090595,0.73009320896076746,0.68181818174116626,0.10000000000000003,0.16153846147093023,0.4689665887807779,0.39898989899282522,0.25475802438474981,0.31818181814631885,0.84666666659699052,0.303389830491544,0.20909090917290896,0.1134270101364328,0.70259740255538006,0.4689665887807779,0.72266371093616055
0.55714285714285716,0.68947368421052635,0.46517216268610845,0.56486486491058152,0.24736842102110099,0.35339056680810288,0.52420348762341018,0.78103162286316374,0.55581395343567108,0.18886873715930902,0.52033898315245153,0.54651162796938024,0.25999999996782153,0.73009320896076746,0.53636363634823325,0.90000000000000002,0.16153846147093023,0.39365998364186638,0.39898989899282522,0.46517216261343652,0.42727272721947818,0.20666666659699046,0.303389830491544,0.42727272729322729,0.1992974238682812,0.70259740255538006,0.39365998364186638,0.73673535973279058
0.55714285714285716,0.71754385964912282,0.43581377068748461,0.56486486491058152,0.24736842102110099,0.32233503478014075,0.6035899260542622,0.78103162286316374,0.40697674410601908,0.16510995225705338,0.6762711865061859,0.54651162796938024,0.13809523817185337,0.73009320896076746,0.60909090904469976,0.10000000000000003,0.16153846147093023,0.43556975293550015,0.16464646465231703,0.43581377070226568,0.31818181814631885,0.7933333334030096,0.303389830491544,0.24545454552629536,0.24051522252551988,0.70259740255538006,0.43556975293550015,0.72752658494827338
0.55714285714285716,0.731578947368421,0.16259116688850389,0.56486486491058152,0.24736842102110099,0.51495561814787449,0.66653780247253192,0.78103162286316374,0.40697674410601908,0.34574926311465803,0.50000000007887691,0.54651162796938024,0.22952380955905252,0.73009320896076746,0.60909090904469976,0.10000000000000003,0.16153846147093023,0.46880125997856625,0.39898989899282522,0.16259116697154058,0.31818181814631885,0.7933333334030096,0.303389830491544,0.24545454552629536,0.10686963309507676,0.70259740255538006,0.46880125997856625,0.72209080784303303
0.55714285714285716,0.77368421052631575,0.60757192215818145,0.56486486491058152,0.24736842102110099,0.23024149753284795,0.27920437768840578,0.78103162286316374,0.40697674410601908,0.49773294030173321,0.85932203401060436,0.54651162796938024,0.13809523817185337,0.73009320896076746,0.82727272730353352,0.54444444431760597,0.16153846147093023,0.26431980442005881,0.37474747472406539,0.60757192226679502,0.31818181814631885,0.41999999999999998,0.303389830491544,0.28181818187968177,0.10312256053720681,0.70259740255538006,0.26431980442005881,0.71723398030156016
0.55714285714285716,0.81578947368421051,0.49453055468473223,0.56486486491058152,0.24736842102110099,0.2510355908296843,0.43112243561043151,0.78103162286316374,0.46279069762562142,0.24407617312698252,0.68983050850265104,0.54651162796938024,0.15333333337623786,0.73009320896076746,0.60909090904469976,0.81111111107940159,0.16153846147093023,0.34452053988604936,0.39898989899282522,0.49453055466336687,0.39090909092684067,0.25999999999999995,0.303389830491544,0.39090909093984094,0.18524590162440704,0.70259740255538006,0.34452053988604936,0.74499786186216843
0.55714285714285716,0.8298245614035088,0.17921680118392941,0.56486486491058152,0.24736842102110099,0.42710857606527858,0.76917279599270993,0.78103162286316374,0.40697674410601908,0.51042847418163451,0.41864406778457808,0.54651162796938024,0.89999999999999991,0.73009320896076746,0.53636363634823325,0.10000000000000003,0.16153846147093023,0.52298443025471131,0.39898989899282522,0.1792168012344186,0.31818181814631885,0.7400000000000001,0.303389830491544,0.28181818187968177,0.1377829820663112,0.70259740255538006,0.52298443025471131,0.6952988964377832
0.55714285714285716,0.85789473684210527,0.90000000000000013,0.56486486491058152,0.24736842102110099,0.23782650556543727,0.099999999999999978,0.78103162286316374,0.48139534885477631,0.77884833369206119,0.85932203401060436,0.54651162796938024,0.14571428577404563,0.89272081655294999,0.75454545460706712,0.63333333323820451,0.16153846147093023,0.16971404631016057,0.36666666666666675,0.71529641572709646,0.31818181814631885,0.36666666659699049,0.303389830491544,0.31818181823306813,0.13747072601259053,0.70259740255538006,0.16971404631016057,0.77728299184373739
0.55714285714285716,0.87192982456140355,0.46170463604604334,0.56486486491058152,0.24736842102110099,0.50301495939172303,0.5136897437814063,0.78103162286316374,0.74186046505577052,0.24280661983680893,0.47966101700530217,0.54651162796938024,0.46571428570968876,0.73009320896076746,0.53636363634823325,0.90000000000000002,0.16153846147093023,0.38810955730051627,0.39898989899282522,0.46170463611901447,0.42727272721947818,0.20666666659699046,0.303389830491544,0.42727272729322729,0.11561280251247757,0.70259740255538006,0.38810955730051627,0.71601410484996697
0.55714285714285716,0.88596491228070173,0.20595836644681245,0.56486486491058152,0.24736842102110099,0.23024149753284795,0.83766619868968695,0.78103162286316374,0.40697674410601908,0.33958286105621061,0.55423728822249141,0.54651162796938024,0.2523809523656293,0.73009320896076746,0.46363636365176675,0.10000000000000003,0.16153846147093023,0.55914353718173171,0.39898989899282522,0.20595836647521493,0.31818181814631885,0.68666666659699049,0.303389830491544,0.10000000000000001,0.14309133489278456,0.70259740255538006,0.55914353718173171,0.73128446645095069
0.55714285714285716,0.90000000000000002,0.5377590530368096,0.56486486491058152,0.24736842102110099,0.36931729147099546,0.3807429579882719,0.78103162286316374,0.60232558134069603,0.31676717298999901,0.6152542372854618,0.54651162796938024,0.3285714285484439,0.73009320896076746,0.60909090904469976,0.81111111107940159,0.16153846147093023,0.31792415474241653,0.39898989899282522,0.53775905310726435,0.39090909092684067,0.25999999999999995,0.303389830491544,0.39090909093984094,0.10874316941740084,0.70259740255538006,0.31792415474241653,0.73214457689947166
0.61428571428571432,0.10000000000000001,0.33130945356487507,0.68378378374416271,0.11052631576582572,0.24364790355584892,0.73997785573851593,0.36099476466333702,0.32325581391054686,0.46109725673588958,0.58135593221542192,0.19302325567042539,0.56476190485997235,0.42365734587991299,0.24545454539293299,0.10000000000000003,0.2846153845883721,0.68598944670962747,0.29393939395695107,0.33130945361949993,0.17272727268289853,0.63333333340300957,0.099999999999999978,0.1363636364661362,0.16526151444661819,0.57272727269266599,0.68598944670962747,0.40026142565807066
0.61428571428571432,0.11403508771929825,0.26162141532230454,0.68378378374416271,0.11052631576582572,0.24673917112992513,0.68183517803702698,0.36099476466333702,0.12790697667586998,0.17853094527170132,0.60169491528899655,0.19302325567042539,0.21428571435466803,0.42365734587991299,0.31818181808939949,0.10000000000000003,0.2846153845883721,0.65529470523905786,0.29393939395695107,0.26162141538601658,0.28181818175605794,0.7400000000000001,0.099999999999999978,0.28181818187968177,0.24238875876106575,0.57272727269266599,0.65529470523905786,0.42630055146865709
0.61428571428571432,0.14210526315789473,0.35498110189860899,0.68378378374416271,0.11052631576582572,0.25123928100358683,0.71094591587707701,0.36099476466333702,0.23953488371507461,0.78066198133329479,0.72372881357269103,0.19302325567042539,0.33619047615063619,0.42365734587991299,0.31818181808939949,0.10000000000000003,0.2846153845883721,0.67066287540379543,0.29393939395695107,0.35498110194105892,0.17272727268289853,0.63333333340300957,0.099999999999999978,0.1363636364661362,0.19867291176083984,0.57272727269266599,0.67066287540379543,0.39173892529117837
0.61428571428571432,0.17017543859649123,0.17168071017069114,0.68378378374416271,0.11052631576582572,0.51063343677355277,0.66650915636390418,0.36099476466333702,0.3511627907542792,0.43534345940871366,0.44576271193526229,0.19302325567042539,0.47333333331188099,0.42365734587991299,0.46363636365176675,0.10000000000000003,0.2846153845883721,0.64720377621089997,0.29393939395695107,0.17168071013486189,0.20909090907315941,0.84666666659699052,0.099999999999999978,0.20909090917290896,0.20054644808316391,0.57272727269266599,0.64720377621089997,0.34846584653931151
0.61428571428571432,0.19824561403508772,0.18319752187343646,0.68378378374416271,0.11052631576582572,0.30524975057239828,0.86371532421967911,0.36099476466333702,0.31395348829596936,0.39435502142565626,0.50000000007887691,0.19302325567042539,0.41238095249434303,0.42365734587991299,0.24545454539293299,0.10000000000000003,0.2846153845883721,0.75131305701453177,0.29393939395695107,0.18319752184427859,0.17272727268289853,0.68666666659699049,0.099999999999999978,0.10000000000000001,0.16619828260778022,0.57272727269266599,0.75131305701453177,0.38980858953940084
0.61428571428571432,0.22631578947368422,0.45453841429566788,0.68378378374416271,0.11052631576582572,0.10000000000000003,0.47369970924220184,0.36099476466333702,0.14651162790502489,0.40342326002309037,0.84576271185638541,0.19302325567042539,0.21428571435466803,0.42614292061853054,0.31818181808939949,0.3666666667617956,0.2846153845883721,0.54541561660708426,0.28585858580298851,0.4452916767774584,0.20909090907315941,0.52666666659699046,0.099999999999999978,0.20909090917290896,0.10718188914879744,0.57272727269266599,0.54541561660708426,0.44623123031531808
0.61428571428571432,0.24035087719298245,0.54977981204191473,0.68378378374416271,0.11052631576582572,0.12376503445320611,0.31589194331709969,0.36099476466333702,0.26744186039094453,0.33958286105621061,0.83220338985992015,0.19302325567042539,0.21428571435466803,0.42365734587991299,0.53636363634823325,0.54444444431760597,0.2846153845883721,0.46210558005299252,0.29393939395695107,0.4452916767774584,0.31818181814631885,0.36666666659699049,0.099999999999999978,0.31818181823306813,0.10156128026860341,0.57272727269266599,0.46210558005299252,0.42429765806920117
0.61428571428571432,0.25438596491228072,0.35970618490099637,0.68378378374416271,0.11052631576582572,0.12056210056533373,0.68229145545460235,0.36099476466333702,0.2023255814246272,0.40414871896220395,0.65593220343261116,0.19302325567042539,0.24476190476343701,0.42614292061853054,0.24545454539293299,0.10000000000000003,0.2846153845883721,0.65553558355166741,0.29393939395695107,0.3597061849143055,0.17272727268289853,0.63333333340300957,0.099999999999999978,0.1363636364661362,0.11842310699596369,0.57272727269266599,0.65553558355166741,0.4184446744898101
0.61428571428571432,0.28245614035087718,0.46447865727537269,0.68378378374416271,0.11052631576582572,0.11135954116922978,0.39210577950243108,0.36099476466333702,0.2023255814246272,0.36620720918857602,0.84576271185638541,0.19302325567042539,0.21428571435466803,0.42365734587991299,0.53636363634823325,0.45555555539700737,0.2846153845883721,0.50234046597326865,0.28585858580298851,0.4452916767774584,0.24545454546342033,0.47333333340300954,0.099999999999999978,0.24545454552629536,0.10156128026860341,0.57272727269266599,0.50234046597326865,0.42642601573443428
0.61428571428571432,0.29649122807017547,0.11585584322126258,0.68378378374416271,0.11052631576582572,0.29340967598835338,0.72382583135337863,0.36099476466333702,0.12790697667586998,0.29474948989375549,0.54745762714538193,0.19302325567042539,0.21428571435466803,0.42365734587991299,0.31818181808939949,0.10000000000000003,0.2846153845883721,0.67746245356127222,0.29393939395695107,0.11585584336724039,0.28181818175605794,0.7400000000000001,0.099999999999999978,0.28181818187968177,0.12279469166127499,0.57272727269266599,0.67746245356127222,0.4175377038938301
0.61428571428571432,0.32456140350877194,0.32587006017762404,0.68378378374416271,0.11052631576582572,0.36620049717395403,0.6425709074774375,0.36099476466333702,0.12790697667586998,0.27367490363355607,0.5881355932925314,0.19302325567042539,0.21428571435466803,0.42365734587991299,0.39090909095530024,0.10000000000000003,0.2846153845883721,0.63456627144860822,0.19696969697847555,0.32587006014677455,0.24545454546342033,0.7933333334030096,0.099999999999999978,0.24545454552629536,0.13871975022747324,0.57272727269266599,0.63456627144860822,0.40520139217084183
0.61428571428571432,0.33859649122807017,0.62514072382875208,0.68378378374416271,0.11052631576582572,0.35280131725226044,0.29902547444736671,0.36099476466333702,0.60232558134069603,0.56338698710547963,0.64237288143614601,0.19302325567042539,0.32095238094625167,0.72370173094788293,0.39090909095530024,0.81111111107940159,0.2846153845883721,0.45320141663173524,0.29393939395695107,0.4452916767774584,0.39090909092684067,0.25999999999999995,0.099999999999999978,0.39090909093984094,0.19492583920296991,0.57272727269266599,0.45320141663173524,0.39694040165912375
0.61428571428571432,0.35263157894736841,0.099999999999999978,0.68378378374416271,0.11052631576582572,0.40179705923654846,0.89999999999999991,0.36099476466333702,0.2023255814246272,0.57151212867123657,0.50000000007887691,0.19302325567042539,0.46571428570968876,0.42365734587991299,0.24545454539293299,0.10000000000000003,0.2846153845883721,0.77046850007468937,0.29393939395695107,0.10000000000000001,0.17272727268289853,0.68666666659699049,0.099999999999999978,0.10000000000000001,0.19492583920296991,0.57272727269266599,0.77046850007468937,0.38141004182062588
0.61428571428571432,0.3666666666666667,0.14517724823155809,0.68378378374416271,0.11052631576582572,0.38647989940453886,0.7441078164537277,0.36099476466333702,0.29534883723467692,0.34574926311465803,0.45254237285461796,0.19302325567042539,0.29809523813967492,0.42365734587991299,0.31818181808939949,0.10000000000000003,0.2846153845883721,0.68816973971720441,0.29393939395695107,0.14517724834763862,0.28181818175605794,0.7400000000000001,0.099999999999999978,0.28181818187968177,0.16588602655405954,0.57272727269266599,0.68816973971720441,0.39095741896097558
0.61428571428571432,0.38070175438596487,0.67900297036446311,0.68378378374416271,0.11052631576582572,0.19777819900496102,0.39575162236586603,0.36099476466333702,0.28604651162009942,0.89891181129787989,0.84576271185638541,0.19302325567042539,0.21428571435466803,0.69263204611885643,0.31818181808939949,0.3666666667617956,0.2846153845883721,0.50426518304600398,0.29393939395695107,0.4452916767774584,0.20909090907315941,0.52666666659699046,0.099999999999999978,0.20909090917290896,0.19804839974017671,0.57272727269266599,0.50426518304600398,0.50478525199178825
0.61428571428571432,0.43684210526315792,0.25920108175525125,0.68378378374416271,0.11052631576582572,0.36430567160661209,0.81537819645801068,0.36099476466333702,0.28604651162009942,0.14363636351186987,0.45254237285461796,0.19302325567042539,0.23714285716124478,0.42365734587991299,0.24545454539293299,0.10000000000000003,0.2846153845883721,0.72579487128542519,0.29393939395695107,0.25920108176802636,0.17272727268289853,0.15333333340300948,0.099999999999999978,0.10000000000000001,0.27985948477365624,0.57272727269266599,0.72579487128542519,0.41300436253158995
0.61428571428571432,0.4508771929824561,0.39697747264964656,0.68378378374416271,0.11052631576582572,0.10467889720266219,0.35554493647920721,0.36099476466333702,0.26744186039094453,0.35155293580136521,0.75084745772337513,0.19302325567042539,0.21428571435466803,0.42365734587991299,0.60909090904469976,0.54444444431760597,0.2846153845883721,0.48303922868648258,0.29393939395695107,0.39697747257714255,0.28181818175605794,0.41999999999999998,0.099999999999999978,0.28181818187968177,0.11124121784716627,0.57272727269266599,0.48303922868648258,0.42648043397019308
0.61428571428571432,0.46491228070175439,0.71529641564321711,0.68378378374416271,0.11052631576582572,0.23024149753284795,0.23205393286420745,0.36099476466333702,0.40697674410601908,0.45347993640794881,0.84576271185638541,0.19302325567042539,0.21428571435466803,0.73009320896076746,0.53636363634823325,0.54444444431760597,0.2846153845883721,0.41784573222406018,0.29393939395695107,0.4452916767774584,0.31818181814631885,0.36666666659699049,0.099999999999999978,0.31818181823306813,0.16057767372758619,0.57272727269266599,0.41784573222406018,0.43411863800600492
0.61428571428571432,0.49298245614035086,0.68154582333035407,0.68378378374416271,0.11052631576582572,0.28053045526454623,0.27910686046634098,0.36099476466333702,0.4999999999160688,0.39145318508230265,0.77118644079694987,0.19302325567042539,0.21428571435466803,0.74873501989793723,0.46363636365176675,0.63333333323820451,0.2846153845883721,0.44268596173534536,0.29393939395695107,0.4452916767774584,0.35454545453657971,0.31333333340300951,0.099999999999999978,0.35454545458645453,0.155893832921776,0.57272727269266599,0.44268596173534536,0.41548190387627543
0.61428571428571432,0.52105263157894743,0.44529167672669889,0.68378378374416271,0.11052631576582572,0.10000000000000003,0.5700166829679213,0.36099476466333702,0.12790697667586998,0.40371344355960914,0.84576271185638541,0.19302325567042539,0.21428571435466803,0.42365734587991299,0.31818181808939949,0.27777777784119706,0.2846153845883721,0.59626337136011431,0.29393939395695107,0.4452916767774584,0.17272727268289853,0.58000000000000007,0.099999999999999978,0.1727272728195226,0.10000000000000001,0.57272727269266599,0.59626337136011431,0.4288113484018618
0.61428571428571432,0.53508771929824561,0.81007547644897349,0.68378378374416271,0.11052631576582572,0.19504897278907096,0.26416539965324087,0.36099476466333702,0.31395348829596936,0.89999999999999991,0.84576271185638541,0.19302325567042539,0.21428571435466803,0.79631602305942828,0.68181818174116626,0.45555555539700737,0.2846153845883721,0.43479805052236253,0.29393939395695107,0.4452916767774584,0.24545454546342033,0.47333333340300954,0.099999999999999978,0.24545454552629536,0.19804839974017671,0.57272727269266599,0.43479805052236253,0.51728633003971292
0.61428571428571432,0.56315789473684208,0.18467468806534465,0.68378378374416271,0.11052631576582572,0.44463070757615503,0.6860488022326825,0.36099476466333702,0.33255813952512431,0.49192926761502598,0.43898305085815276,0.19302325567042539,0.59523809526874127,0.42365734587991299,0.39090909095530024,0.10000000000000003,0.2846153845883721,0.65751916594291804,0.29393939395695107,0.18467468817253024,0.24545454546342033,0.7933333334030096,0.099999999999999978,0.24545454552629536,0.19836065579389739,0.57272727269266599,0.65751916594291804,0.36337946637254298
0.61428571428571432,0.57719298245614037,0.46842007928978086,0.68378378374416271,0.11052631576582572,0.20229296578564493,0.59177631816491594,0.36099476466333702,0.26744186039094453,0.51670369518854709,0.79152542371277079,0.19302325567042539,0.21428571435466803,0.43253439863141507,0.39090909095530024,0.10000000000000003,0.2846153845883721,0.60775074021939413,0.29393939395695107,0.4452916767774584,0.17272727268289853,0.58000000000000007,0.099999999999999978,0.10000000000000001,0.16245121004991026,0.57272727269266599,0.60775074021939413,0.40789509484090247
0.61428571428571432,0.60526315789473684,0.51773986607797562,0.68378378374416271,0.11052631576582572,0.21581012320448847,0.53963930330246579,0.36099476466333702,0.23953488371507461,0.84559056900229446,0.84576271185638541,0.19302325567042539,0.21428571435466803,0.58557478920427075,0.39090909095530024,0.18888888892059855,0.2846153845883721,0.58022651418090565,0.29393939395695107,0.4452916767774584,0.17272727268289853,0.58000000000000007,0.099999999999999978,0.1727272728195226,0.19804839974017671,0.57272727269266599,0.58022651418090565,0.44538472442573673
0.61428571428571432,0.61929824561403513,0.84544424784674654,0.68378378374416271,0.11052631576582572,0.20776698194472804,0.1535682227144648,0.36099476466333702,0.37906976743014914,0.84305146222631422,0.84576271185638541,0.19302325567042539,0.21428571435466803,0.90000000000000013,0.60909090904469976,0.54444444431760597,0.2846153845883721,0.37641147627373617,0.29393939395695107,0.4452916767774584,0.28181818175605794,0.41999999999999998,0.099999999999999978,0.28181818187968177,0.19586260736413194,0.57272727269266599,0.37641147627373617,0.50541106170301453
0.61428571428571432,0.6333333333333333,0.56295641319143941,0.68378378374416271,0.11052631576582572,0.18467412817347778,0.47808147823587771,0.36099476466333702,0.29534883723467692,0.53219224665896991,0.84576271185638541,0.19302325567042539,0.21428571435466803,0.56249445189134994,0.53636363634823325,0.27777777784119706,0.2846153845883721,0.54772884453258841,0.29393939395695107,0.4452916767774584,0.20909090907315941,0.52666666659699046,0.099999999999999978,0.20909090917290896,0.16307572207057341,0.57272727269266599,0.54772884453258841,0.45889253983519918
0.61428571428571432,0.64736842105263159,0.64848873622141989,0.68378378374416271,0.11052631576582572,0.18163455137982223,0.37426384189366413,0.36099476466333702,0.33255813952512431,0.5292904103156163,0.84576271185638541,0.19302325567042539,0.21428571435466803,0.6432756324865726,0.68181818174116626,0.3666666667617956,0.2846153845883721,0.49292133234673574,0.29393939395695107,0.4452916767774584,0.24545454546342033,0.47333333340300954,0.099999999999999978,0.24545454552629536,0.16432474628545612,0.57272727269266599,0.49292133234673574,0.46728806431865427
0.61428571428571432,0.66140350877192977,0.1356091866151003,0.68378378374416271,0.11052631576582572,0.41023051547482281,0.72230080919419293,0.36099476466333702,0.12790697667586998,0.15168895943803845,0.84576271185638541,0.19302325567042539,0.21428571435466803,0.42365734587991299,0.53636363634823325,0.10000000000000003,0.2846153845883721,0.67665736234212759,0.1080808080573987,0.13560918654196308,0.17272727268289853,0.90000000000000013,0.099999999999999978,0.1727272728195226,0.1830601093351405,0.57272727269266599,0.67665736234212759,0.30863472119918883
0.61428571428571432,0.67543859649122806,0.25475802433206052,0.68378378374416271,0.11052631576582572,0.49237983365795479,0.6668509720225384,0.36099476466333702,0.26744186039094453,0.32351394231711716,0.51355932207534205,0.19302325567042539,0.26761904773090595,0.42365734587991299,0.46363636365176675,0.10000000000000003,0.2846153845883721,0.64738422776093707,0.29393939395695107,0.25475802438474981,0.20909090907315941,0.84666666659699052,0.099999999999999978,0.20909090917290896,0.17400468386401899,0.57272727269266599,0.64738422776093707,0.38692291142652446
0.61428571428571432,0.68947368421052635,0.46517216268610845,0.68378378374416271,0.11052631576582572,0.35339056680810288,0.52420348762341018,0.36099476466333702,0.55581395343567108,0.18886873715930902,0.52033898315245153,0.19302325567042539,0.25999999996782153,0.42365734587991299,0.31818181808939949,0.90000000000000002,0.2846153845883721,0.57207762262202566,0.29393939395695107,0.4452916767774584,0.42727272721947818,0.20666666659699046,0.099999999999999978,0.42727272729322729,0.13871975022747324,0.57272727269266599,0.57207762262202566,0.39038451586784817
0.61428571428571432,0.71754385964912282,0.43581377068748461,0.68378378374416271,0.11052631576582572,0.32233503478014075,0.6035899260542622,0.36099476466333702,0.12790697667586998,0.16510995225705338,0.6762711865061859,0.19302325567042539,0.21428571435466803,0.42365734587991299,0.39090909095530024,0.10000000000000003,0.2846153845883721,0.61398739207155428,0.16464646465231703,0.43581377070226568,0.24545454546342033,0.7933333334030096,0.099999999999999978,0.24545454552629536,0.17993754879793369,0.57272727269266599,0.61398739207155428,0.39212741102978982
0.61428571428571432,0.731578947368421,0.16259116688850389,0.68378378374416271,0.11052631576582572,0.51495561814787449,0.66653780247253192,0.36099476466333702,0.26744186039094453,0.34574926311465803,0.50000000007887691,0.19302325567042539,0.22952380955905252,0.42365734587991299,0.39090909095530024,0.10000000000000003,0.2846153845883721,0.64721889895872542,0.29393939395695107,0.16259116697154058,0.24545454546342033,0.7933333334030096,0.099999999999999978,0.24545454552629536,0.16744730682266293,0.57272727269266599,0.64721889895872542,0.39169659999669931
0.61428571428571432,0.75964912280701757,0.80637678133866308,0.68378378374416271,0.11052631576582572,0.27937453413205882,0.16921813934733237,0.36099476466333702,0.55581395343567108,0.68453865321778529,0.76440677971984039,0.19302325567042539,0.21428571435466803,0.87549933415142978,0.46363636365176675,0.72222222215880305,0.2846153845883721,0.38467339620955288,0.29393939395695107,0.4452916767774584,0.35454545453657971,0.31333333340300951,0.099999999999999978,0.35454545458645453,0.19492583920296991,0.57272727269266599,0.38467339620955288,0.41428470268958173
0.61428571428571432,0.77368421052631575,0.60757192215818145,0.68378378374416271,0.11052631576582572,0.19947617109690835,0.27920437768840578,0.36099476466333702,0.34186046513970175,0.49773294030173321,0.84576271185638541,0.19302325567042539,0.21428571435466803,0.66369285389453514,0.60909090904469976,0.54444444431760597,0.2846153845883721,0.442737443088428,0.29393939395695107,0.4452916767774584,0.28181818175605794,0.41999999999999998,0.099999999999999978,0.28181818187968177,0.16370023417801477,0.57272727269266599,0.442737443088428,0.45715115629091757
0.61428571428571432,0.81578947368421051,0.49453055468473223,0.68378378374416271,0.11052631576582572,0.2510355908296843,0.43112243561043151,0.36099476466333702,0.46279069762562142,0.24407617312698252,0.68983050850265104,0.19302325567042539,0.21428571435466803,0.49005770094614537,0.39090909095530024,0.81111111107940159,0.2846153845883721,0.52293817902210349,0.29393939395695107,0.4452916767774584,0.39090909092684067,0.25999999999999995,0.099999999999999978,0.39090909093984094,0.12466822798359907,0.57272727269266599,0.52293817902210349,0.42352522144495824
0.61428571428571432,0.8298245614035088,0.17921680118392941,0.68378378374416271,0.11052631576582572,0.42710857606527858,0.76917279599270993,0.36099476466333702,0.32325581391054686,0.51042847418163451,0.41864406778457808,0.19302325567042539,0.89999999999999991,0.42365734587991299,0.31818181808939949,0.10000000000000003,0.2846153845883721,0.70140206923487047,0.29393939395695107,0.1792168012344186,0.28181818175605794,0.7400000000000001,0.099999999999999978,0.28181818187968177,0.19836065579389739,0.57272727269266599,0.70140206923487047,0.37136231923482715
0.61428571428571432,0.84385964912280698,0.5504733172458437,0.68378378374416271,0.11052631576582572,0.16975871890127692,0.35124146930961531,0.36099476466333702,0.39767441865930409,0.30222171835562028,0.77118644079694987,0.19302325567042539,0.21428571435466803,0.51136262758950424,0.46363636365176675,0.72222222215880305,0.2846153845883721,0.48076733787222303,0.29393939395695107,0.4452916767774584,0.35454545453657971,0.31333333340300951,0.099999999999999978,0.35454545458645453,0.11405152224387417,0.57272727269266599,0.48076733787222303,0.428347281780252
0.61428571428571432,0.85789473684210527,0.90000000000000013,0.68378378374416271,0.11052631576582572,0.23782650556543727,0.099999999999999978,0.36099476466333702,0.48139534885477631,0.77884833369206119,0.84576271185638541,0.19302325567042539,0.21428571435466803,0.89272081655294999,0.53636363634823325,0.63333333323820451,0.2846153845883721,0.34813168560210966,0.29393939395695107,0.4452916767774584,0.31818181814631885,0.36666666659699049,0.099999999999999978,0.31818181823306813,0.19804839974017671,0.57272727269266599,0.34813168560210966,0.46569179606972949
0.61428571428571432,0.88596491228070173,0.20595836644681245,0.68378378374416271,0.11052631576582572,0.19207476707969054,0.83766619868968695,0.36099476466333702,0.12790697667586998,0.33958286105621061,0.55423728822249141,0.19302325567042539,0.2523809523656293,0.42365734587991299,0.24545454539293299,0.10000000000000003,0.2846153845883721,0.73756117616189087,0.29393939395695107,0.20595836647521493,0.17272727268289853,0.68666666659699049,0.099999999999999978,0.10000000000000001,0.11748633883480165,0.57272727269266599,0.73756117616189087,0.42024349950517048
0.61428571428571432,0.90000000000000002,0.5377590530368096,0.68378378374416271,0.11052631576582572,0.36931729147099546,0.3807429579882719,0.36099476466333702,0.60232558134069603,0.31676717298999901,0.6152542372854618,0.19302325567042539,0.3285714285484439,0.68925876614484249,0.39090909095530024,0.81111111107940159,0.2846153845883721,0.49634179372257575,0.29393939395695107,0.4452916767774584,0.39090909092684067,0.25999999999999995,0.099999999999999978,0.39090909093984094,0.15183450431018536,0.57272727269266599,0.49634179372257575,0.38260875462497945
0.67142857142857149,0.10000000000000001,0.33130945356487507,0.89999999999999991,0.6157894735738535,0.44463070757615503,0.73997785573851593,0.74147447312403736,0.33255813952512431,0.46109725673588958,0.43898305085815276,0.22093023258622108,0.59523809526874127,0.29032401244719508,0.31818181808939949,0.10000000000000003,0.90000000000000002,0.74724524129243119,0.43939393937638238,0.18467468817253024,0.24545454546342033,0.63333333340300957,0.53389830505814051,0.1363636364661362,0.13309914134727921,0.79090909077066385,0.74724524129243119,0.10592538522812699
0.67142857142857149,0.19824561403508772,0.18319752187343646,0.89999999999999991,0.6157894735738535,0.44463070757615503,0.86371532421967911,0.74147447312403736,0.33255813952512431,0.39435502142565626,0.43898305085815276,0.22093023258622108,0.59523809526874127,0.21699955626659412,0.31818181808939949,0.10000000000000003,0.90000000000000002,0.8125688515973355,0.54444444441225659,0.18319752184427859,0.24545454546342033,0.68666666659699049,0.53389830505814051,0.10000000000000001,0.13216237318611718,0.79090909077066385,0.8125688515973355,0.12558699613131391
0.67142857142857149,0.46491228070175439,0.71529641564321711,0.89999999999999991,0.6157894735738535,0.44463070757615503,0.23205393286420745,0.74147447312403736,0.40697674410601908,0.45347993640794881,0.43898305085815276,0.22093023258622108,0.59523809526874127,0.73009320896076746,0.60909090904469976,0.54444444431760597,0.90000000000000002,0.47910152696275887,0.39898989899282522,0.18467468817253024,0.31818181814631885,0.36666666659699049,0.53389830505814051,0.31818181823306813,0.1377829820663112,0.79090909077066385,0.47910152696275887,0.2266114275822087
0.67142857142857149,0.49298245614035086,0.68154582333035407,0.89999999999999991,0.6157894735738535,0.44463070757615503,0.27910686046634098,0.74147447312403736,0.4999999999160688,0.39145318508230265,0.43898305085815276,0.22093023258622108,0.59523809526874127,0.74873501989793723,0.53636363634823325,0.63333333323820451,0.90000000000000002,0.50394175631814908,0.43131313131898374,0.18467468817253024,0.35454545453657971,0.31333333340300951,0.53389830505814051,0.35454545458645453,0.14246682278534317,0.79090909077066385,0.50394175631814908,0.23494044088862526
0.67142857142857149,0.56315789473684208,0.18467468806534465,0.89999999999999991,0.6157894735738535,0.44463070757615503,0.6860488022326825,0.74147447312403736,0.33255813952512431,0.49192926761502598,0.43898305085815276,0.22093023258622108,0.59523809526874127,0.21699955626659412,0.46363636365176675,0.10000000000000003,0.90000000000000002,0.71877496052572176,0.68181818177428921,0.18467468817253024,0.24545454546342033,0.7933333334030096,0.53389830505814051,0.24545454552629536,0.10000000000000001,0.79090909077066385,0.71877496052572176,0.14552825630159466
0.67142857142857149,0.57719298245614037,0.46842007928978086,0.89999999999999991,0.6157894735738535,0.44463070757615503,0.59177631816491594,0.74147447312403736,0.33255813952512431,0.51670369518854709,0.43898305085815276,0.22093023258622108,0.59523809526874127,0.43253439863141507,0.46363636365176675,0.10000000000000003,0.90000000000000002,0.66900653480219785,0.42323232316502124,0.18467468817253024,0.24545454546342033,0.58000000000000007,0.53389830505814051,0.10000000000000001,0.13590944574398711,0.79090909077066385,0.66900653480219785,0.11450835030141791
0.67142857142857149,0.87192982456140355,0.46170463604604334,0.89999999999999991,0.6157894735738535,0.50301495939172303,0.5136897437814063,0.74147447312403736,0.74186046505577052,0.24280661983680893,0.43898305085815276,0.22093023258622108,0.59523809526874127,0.50035508223329694,0.39090909095530024,0.90000000000000002,0.90000000000000002,0.62778299086347922,0.68181818177428921,0.18467468817253024,0.42727272721947818,0.20666666659699046,0.53389830505814051,0.42727272729322729,0.15339578457878877,0.79090909077066385,0.62778299086347922,0.1769578106876224
0.67142857142857149,0.90000000000000002,0.5377590530368096,0.89999999999999991,0.6157894735738535,0.44463070757615503,0.3807429579882719,0.74147447312403736,0.60232558134069603,0.31676717298999901,0.43898305085815276,0.22093023258622108,0.59523809526874127,0.68925876614484249,0.46363636365176675,0.81111111107940159,0.90000000000000002,0.55759758830537953,0.55252525246965523,0.18467468817253024,0.39090909092684067,0.25999999999999995,0.53389830505814051,0.39090909093984094,0.14652615148371204,0.79090909077066385,0.55759758830537953,0.22259052460669726
0.72857142857142865,0.10000000000000001,0.33130945356487507,0.69459459461897677,0.27894736831857819,0.24364790355584892,0.73997785573851593,0.37181197480372441,0.32325581391054686,0.46109725673588958,0.58135593221542192,0.79767441860153099,0.56476190485997235,0.43253439863141507,0.31818181808939949,0.10000000000000003,0.22307692294186049,0.69747681556890728,0.42323232316502124,0.33130945361949993,0.13636363629263762,0.63333333340300957,0.2762711864164914,0.1363636364661362,0.10281030448348613,0.72337662337909525,0.69747681556890728,0.36584250117603107
0.72857142857142865,0.14210526315789473,0.35498110189860899,0.69459459461897677,0.27894736831857819,0.25123928100358683,0.71094591587707701,0.37181197480372441,0.26744186039094453,0.78066198133329479,0.72372881357269103,0.79767441860153099,0.33619047615063619,0.43253439863141507,0.39090909095530024,0.10000000000000003,0.22307692294186049,0.68215024426307513,0.42323232316502124,0.35498110194105892,0.13636363629263762,0.63333333340300957,0.2762711864164914,0.1363636364661362,0.13622170179770782,0.72337662337909525,0.68215024426307513,0.36467704396019668
0.72857142857142865,0.19824561403508772,0.18319752187343646,0.69459459461897677,0.27894736831857819,0.30524975057239828,0.86371532421967911,0.37181197480372441,0.31395348829596936,0.39435502142565626,0.50000000007887691,0.79767441860153099,0.41238095249434303,0.43253439863141507,0.31818181808939949,0.10000000000000003,0.22307692294186049,0.76280042587381158,0.42323232316502124,0.18319752184427859,0.10000000000000003,0.68666666659699049,0.2762711864164914,0.10000000000000001,0.10374707264464818,0.72337662337909525,0.76280042587381158,0.35699651462990589
0.72857142857142865,0.22631578947368422,0.45453841429566788,0.69459459461897677,0.27894736831857819,0.20229296578564493,0.47369970924220184,0.37181197480372441,0.26744186039094453,0.40342326002309037,0.79152542371277079,0.79767441860153099,0.18380952378500687,0.43253439863141507,0.39090909095530024,0.3666666667617956,0.22307692294186049,0.556902985310469,0.28585858580298851,0.45453841446594284,0.20909090907315941,0.52666666659699046,0.2762711864164914,0.20909090917290896,0.15526932090111284,0.72337662337909525,0.556902985310469,0.38215436734473174
0.72857142857142865,0.24035087719298245,0.54977981204191473,0.69459459461897677,0.27894736831857819,0.20229296578564493,0.31589194331709969,0.37181197480372441,0.26744186039094453,0.33958286105621061,0.79152542371277079,0.79767441860153099,0.17619047618281461,0.43253439863141507,0.60909090904469976,0.54444444431760597,0.22307692294186049,0.47359294891227227,0.32626262628310954,0.46842007925843138,0.31818181814631885,0.36666666659699049,0.2762711864164914,0.31818181823306813,0.16401249023173545,0.72337662337909525,0.47359294891227227,0.45718199827951916
0.72857142857142865,0.25438596491228072,0.35970618490099637,0.69459459461897677,0.27894736831857819,0.20229296578564493,0.68229145545460235,0.37181197480372441,0.26744186039094453,0.40414871896220395,0.65593220343261116,0.79767441860153099,0.24476190476343701,0.43253439863141507,0.31818181808939949,0.10000000000000003,0.22307692294186049,0.66702295241094722,0.29393939395695107,0.3597061849143055,0.13636363629263762,0.63333333340300957,0.2762711864164914,0.1363636364661362,0.14402810305394659,0.72337662337909525,0.66702295241094722,0.36575482735175296
0.72857142857142865,0.28245614035087718,0.46447865727537269,0.69459459461897677,0.27894736831857819,0.20229296578564493,0.39210577950243108,0.37181197480372441,0.26744186039094453,0.36620720918857602,0.79152542371277079,0.79767441860153099,0.17619047618281461,0.43253439863141507,0.60909090904469976,0.45555555539700737,0.22307692294186049,0.51382783483254846,0.28585858580298851,0.46447865731455207,0.24545454546342033,0.47333333340300954,0.2762711864164914,0.24545454552629536,0.16401249023173545,0.72337662337909525,0.51382783483254846,0.40865302492394812
0.72857142857142865,0.33859649122807017,0.62514072382875208,0.69459459461897677,0.27894736831857819,0.35280131725226044,0.29902547444736671,0.37181197480372441,0.60232558134069603,0.56338698710547963,0.64237288143614601,0.79767441860153099,0.32095238094625167,0.72370173094788293,0.46363636365176675,0.81111111107940159,0.22307692294186049,0.464688785491015,0.42323232316502124,0.46842007925843138,0.39090909092684067,0.25999999999999995,0.2762711864164914,0.39090909093984094,0.13247462923983785,0.72337662337909525,0.464688785491015,0.4188020258929645
0.72857142857142865,0.35263157894736841,0.099999999999999978,0.69459459461897677,0.27894736831857819,0.40179705923654846,0.89999999999999991,0.37181197480372441,0.26744186039094453,0.57151212867123657,0.50000000007887691,0.79767441860153099,0.46571428570968876,0.43253439863141507,0.31818181808939949,0.10000000000000003,0.22307692294186049,0.7819558687780741,0.42323232316502124,0.10000000000000001,0.10000000000000003,0.68666666659699049,0.2762711864164914,0.10000000000000001,0.13247462923983785,0.72337662337909525,0.7819558687780741,0.34166266508720361
0.72857142857142865,0.38070175438596487,0.67900297036446311,0.69459459461897677,0.27894736831857819,0.20229296578564493,0.39575162236586603,0.37181197480372441,0.28604651162009942,0.89891181129787989,0.79152542371277079,0.79767441860153099,0.17619047618281461,0.69263204611885643,0.39090909095530024,0.3666666667617956,0.22307692294186049,0.5157525519052838,0.37474747472406539,0.46842007925843138,0.20909090907315941,0.52666666659699046,0.2762711864164914,0.20909090917290896,0.13559718969026643,0.72337662337909525,0.5157525519052838,0.46447101863587859
0.72857142857142865,0.40877192982456145,0.32161656086280921,0.69459459461897677,0.27894736831857819,0.55982152194851664,0.6102245769468162,0.37181197480372441,0.90000000000000002,0.3035275447590377,0.45932203393172744,0.79767441860153099,0.57238095246216458,0.52148246790908426,0.39090909095530024,0.90000000000000002,0.22307692294186049,0.62897733250114818,0.42323232316502124,0.32161656088777707,0.42727272721947818,0.20666666659699046,0.2762711864164914,0.42727272729322729,0.11686182672736029,0.72337662337909525,0.62897733250114818,0.24044021172285318
0.72857142857142865,0.4508771929824561,0.39697747264964656,0.69459459461897677,0.27894736831857819,0.20229296578564493,0.35554493647920721,0.37181197480372441,0.26744186039094453,0.35155293580136521,0.75084745772337513,0.79767441860153099,0.19904761915028354,0.43253439863141507,0.68181818174116626,0.54444444431760597,0.22307692294186049,0.49452659738986737,0.34242424239790686,0.39697747257714255,0.28181818175605794,0.41999999999999998,0.2762711864164914,0.28181818187968177,0.17369242781029831,0.72337662337909525,0.49452659738986737,0.43432029279018275
0.72857142857142865,0.46491228070175439,0.71529641564321711,0.69459459461897677,0.27894736831857819,0.23024149753284795,0.23205393286420745,0.37181197480372441,0.40697674410601908,0.45347993640794881,0.79152542371277079,0.79767441860153099,0.17619047618281461,0.73009320896076746,0.60909090904469976,0.54444444431760597,0.22307692294186049,0.42933310108333994,0.39898989899282522,0.46842007925843138,0.31818181814631885,0.36666666659699049,0.2762711864164914,0.31818181823306813,0.1018735363223241,0.72337662337909525,0.42933310108333994,0.53677169131208602
0.72857142857142865,0.49298245614035086,0.68154582333035407,0.69459459461897677,0.27894736831857819,0.28053045526454623,0.27910686046634098,0.37181197480372441,0.4999999999160688,0.39145318508230265,0.77118644079694987,0.79767441860153099,0.17619047618281461,0.74873501989793723,0.53636363634823325,0.63333333323820451,0.22307692294186049,0.45417333043873009,0.42323232316502124,0.46842007925843138,0.35454545453657971,0.31333333340300951,0.2762711864164914,0.35454545458645453,0.10655737704135607,0.72337662337909525,0.45417333043873009,0.48740377015523345
0.72857142857142865,0.52105263157894743,0.44529167672669889,0.69459459461897677,0.27894736831857819,0.20229296578564493,0.5700166829679213,0.37181197480372441,0.26744186039094453,0.40371344355960914,0.79152542371277079,0.79767441860153099,0.21428571435466803,0.43253439863141507,0.39090909095530024,0.27777777784119706,0.22307692294186049,0.60775074021939413,0.29393939395695107,0.4452916767774584,0.17272727268289853,0.58000000000000007,0.2762711864164914,0.1727272728195226,0.16245121004991026,0.72337662337909525,0.60775074021939413,0.36234310629320809
0.72857142857142865,0.53508771929824561,0.81007547644897349,0.69459459461897677,0.27894736831857819,0.20229296578564493,0.26416539965324087,0.37181197480372441,0.31395348829596936,0.89999999999999991,0.79152542371277079,0.79767441860153099,0.17619047618281461,0.79631602305942828,0.75454545460706712,0.45555555539700737,0.22307692294186049,0.44628541922574727,0.36666666666666675,0.46842007925843138,0.24545454546342033,0.47333333340300954,0.2762711864164914,0.24545454552629536,0.13559718969026643,0.72337662337909525,0.44628541922574727,0.52557816254003265
0.72857142857142865,0.57719298245614037,0.46842007928978086,0.69459459461897677,0.27894736831857819,0.20229296578564493,0.59177631816491594,0.37181197480372441,0.26744186039094453,0.51670369518854709,0.79152542371277079,0.79767441860153099,0.17619047618281461,0.43253439863141507,0.46363636365176675,0.10000000000000003,0.22307692294186049,0.61923810892277886,0.42323232316502124,0.46842007925843138,0.10000000000000003,0.58000000000000007,0.2762711864164914,0.10000000000000001,0.10000000000000001,0.72337662337909525,0.61923810892277886,0.38243099337650566
0.72857142857142865,0.60526315789473684,0.51773986607797562,0.69459459461897677,0.27894736831857819,0.21581012320448847,0.53963930330246579,0.37181197480372441,0.26744186039094453,0.84559056900229446,0.79152542371277079,0.79767441860153099,0.17619047618281461,0.58557478920427075,0.46363636365176675,0.18888888892059855,0.22307692294186049,0.59171388304018535,0.39898989899282522,0.46842007925843138,0.17272727268289853,0.58000000000000007,0.2762711864164914,0.1727272728195226,0.13559718969026643,0.72337662337909525,0.59171388304018535,0.40784733271118578
0.72857142857142865,0.61929824561403513,0.84544424784674654,0.69459459461897677,0.27894736831857819,0.20776698194472804,0.1535682227144648,0.37181197480372441,0.37906976743014914,0.84305146222631422,0.79152542371277079,0.79767441860153099,0.17619047618281461,0.90000000000000013,0.68181818174116626,0.54444444431760597,0.22307692294186049,0.38789884513301587,0.38282828278146408,0.46842007925843138,0.28181818175605794,0.41999999999999998,0.2762711864164914,0.28181818187968177,0.13341139740099989,0.72337662337909525,0.38789884513301587,0.57328330427092178
0.72857142857142865,0.6333333333333333,0.56295641319143941,0.69459459461897677,0.27894736831857819,0.20229296578564493,0.47808147823587771,0.37181197480372441,0.29534883723467692,0.53219224665896991,0.79152542371277079,0.79767441860153099,0.19904761915028354,0.56249445189134994,0.60909090904469976,0.27777777784119706,0.22307692294186049,0.55921621323597315,0.34242424239790686,0.46842007925843138,0.20909090907315941,0.52666666659699046,0.2762711864164914,0.20909090917290896,0.10062451210744137,0.72337662337909525,0.55921621323597315,0.42262793019034028
0.72857142857142865,0.64736842105263159,0.64848873622141989,0.69459459461897677,0.27894736831857819,0.20229296578564493,0.37426384189366413,0.37181197480372441,0.33255813952512431,0.5292904103156163,0.79152542371277079,0.79767441860153099,0.17619047618281461,0.6432756324865726,0.75454545460706712,0.3666666667617956,0.22307692294186049,0.50440870105012048,0.35858585860926806,0.46842007925843138,0.24545454546342033,0.47333333340300954,0.2762711864164914,0.24545454552629536,0.1018735363223241,0.72337662337909525,0.50440870105012048,0.47316433179834716
0.72857142857142865,0.68947368421052635,0.46517216268610845,0.69459459461897677,0.27894736831857819,0.35339056680810288,0.52420348762341018,0.37181197480372441,0.55581395343567108,0.18886873715930902,0.52033898315245153,0.79767441860153099,0.25999999996782153,0.43253439863141507,0.39090909095530024,0.90000000000000002,0.22307692294186049,0.58356499148130536,0.42323232316502124,0.46517216261343652,0.42727272721947818,0.20666666659699046,0.2762711864164914,0.42727272729322729,0.20117096019060529,0.72337662337909525,0.58356499148130536,0.38512469604656635
0.72857142857142865,0.75964912280701757,0.80637678133866308,0.69459459461897677,0.27894736831857819,0.27937453413205882,0.16921813934733237,0.37181197480372441,0.55581395343567108,0.68453865321778529,0.76440677971984039,0.79767441860153099,0.17619047618281461,0.87549933415142978,0.53636363634823325,0.72222222215880305,0.22307692294186049,0.39616076491293767,0.42323232316502124,0.46842007925843138,0.35454545453657971,0.31333333340300951,0.2762711864164914,0.35454545458645453,0.13247462923983785,0.72337662337909525,0.39616076491293767,0.50686735914496472
0.72857142857142865,0.77368421052631575,0.60757192215818145,0.69459459461897677,0.27894736831857819,0.20229296578564493,0.27920437768840578,0.37181197480372441,0.34186046513970175,0.49773294030173321,0.79152542371277079,0.79767441860153099,0.17619047618281461,0.66369285389453514,0.68181818174116626,0.54444444431760597,0.22307692294186049,0.45422481194770781,0.37474747472406539,0.46842007925843138,0.28181818175605794,0.41999999999999998,0.2762711864164914,0.28181818187968177,0.10124902421488273,0.72337662337909525,0.45422481194770781,0.5221029535397691
0.72857142857142865,0.81578947368421051,0.49453055468473223,0.69459459461897677,0.27894736831857819,0.2510355908296843,0.43112243561043151,0.37181197480372441,0.46279069762562142,0.24407617312698252,0.68983050850265104,0.79767441860153099,0.17619047618281461,0.49005770094614537,0.46363636365176675,0.81111111107940159,0.22307692294186049,0.53442554772548834,0.42323232316502124,0.46842007925843138,0.39090909092684067,0.25999999999999995,0.2762711864164914,0.39090909093984094,0.18711943794673111,0.72337662337909525,0.53442554772548834,0.40959476272610734
0.72857142857142865,0.84385964912280698,0.5504733172458437,0.69459459461897677,0.27894736831857819,0.20229296578564493,0.35124146930961531,0.37181197480372441,0.39767441865930409,0.30222171835562028,0.77118644079694987,0.79767441860153099,0.17619047618281461,0.51136262758950424,0.53636363634823325,0.72222222215880305,0.22307692294186049,0.49225470673150273,0.35858585860926806,0.46842007925843138,0.35454545453657971,0.31333333340300951,0.2762711864164914,0.35454545458645453,0.17650273229378444,0.72337662337909525,0.49225470673150273,0.45561596238379359
0.72857142857142865,0.85789473684210527,0.90000000000000013,0.69459459461897677,0.27894736831857819,0.23782650556543727,0.099999999999999978,0.37181197480372441,0.48139534885477631,0.77884833369206119,0.79152542371277079,0.79767441860153099,0.17619047618281461,0.89272081655294999,0.60909090904469976,0.63333333323820451,0.22307692294186049,0.35961905446138942,0.36666666666666675,0.46842007925843138,0.31818181814631885,0.36666666659699049,0.2762711864164914,0.31818181823306813,0.13559718969026643,0.72337662337909525,0.35961905446138942,0.5698353043885378
0.72857142857142865,0.87192982456140355,0.46170463604604334,0.69459459461897677,0.27894736831857819,0.50301495939172303,0.5136897437814063,0.37181197480372441,0.74186046505577052,0.24280661983680893,0.47966101700530217,0.79767441860153099,0.46571428570968876,0.50035508223329694,0.39090909095530024,0.90000000000000002,0.22307692294186049,0.57801456513995519,0.42323232316502124,0.46170463611901447,0.42727272721947818,0.20666666659699046,0.2762711864164914,0.42727272729322729,0.11748633883480165,0.72337662337909525,0.57801456513995519,0.33333818663376702
0.72857142857142865,0.88596491228070173,0.20595836644681245,0.69459459461897677,0.27894736831857819,0.20229296578564493,0.83766619868968695,0.37181197480372441,0.26744186039094453,0.33958286105621061,0.55423728822249141,0.79767441860153099,0.2523809523656293,0.43253439863141507,0.31818181808939949,0.10000000000000003,0.22307692294186049,0.74904854502117069,0.40707070705022391,0.20595836647521493,0.10000000000000003,0.68666666659699049,0.2762711864164914,0.10000000000000001,0.14496487121510862,0.72337662337909525,0.74904854502117069,0.36557192161489699
0.72857142857142865,0.90000000000000002,0.5377590530368096,0.69459459461897677,0.27894736831857819,0.36931729147099546,0.3807429579882719,0.37181197480372441,0.60232558134069603,0.31676717298999901,0.6152542372854618,0.79767441860153099,0.3285714285484439,0.68925876614484249,0.46363636365176675,0.81111111107940159,0.22307692294186049,0.50782916258185551,0.42323232316502124,0.46842007925843138,0.39090909092684067,0.25999999999999995,0.2762711864164914,0.39090909093984094,0.1106167057397249,0.72337662337909525,0.50782916258185551,0.39879274292798528
0.7857142857142857,0.10000000000000001,0.33130945356487507,0.70540540538102314,0.24736842102110099,0.24364790355584892,0.73997785573851593,0.67227363925286143,0.32325581391054686,0.46109725673588958,0.58135593221542192,0.90000000000000002,0.56476190485997235,0.58557478920427075,0.31818181808939949,0.10000000000000003,0.21076923068279071,0.66995258953041881,0.39898989899282522,0.33130945361949993,0.17272727268289853,0.63333333340300957,0.303389830491544,0.1363636364661362,0.13278688529355853,0.76493506483618845,0.66995258953041881,0.39133482560027183
0.7857142857142857,0.14210526315789473,0.35498110189860899,0.70540540538102314,0.24736842102110099,0.25123928100358683,0.71094591587707701,0.67227363925286143,0.23953488371507461,0.78066198133329479,0.72372881357269103,0.90000000000000002,0.33619047615063619,0.58557478920427075,0.39090909095530024,0.10000000000000003,0.21076923068279071,0.65462601822458677,0.39898989899282522,0.35498110194105892,0.17272727268289853,0.63333333340300957,0.303389830491544,0.1363636364661362,0.10062451210744137,0.76493506483618845,0.65462601822458677,0.37425656927796797
0.7857142857142857,0.19824561403508772,0.18319752187343646,0.70540540538102314,0.24736842102110099,0.30524975057239828,0.86371532421967911,0.67227363925286143,0.31395348829596936,0.39435502142565626,0.50000000007887691,0.90000000000000002,0.41238095249434303,0.58557478920427075,0.31818181808939949,0.10000000000000003,0.21076923068279071,0.73527619983532311,0.39898989899282522,0.18319752184427859,0.17272727268289853,0.68666666659699049,0.303389830491544,0.10000000000000001,0.1318501171323965,0.76493506483618845,0.73527619983532311,0.37530109708100495
0.7857142857142857,0.22631578947368422,0.45453841429566788,0.70540540538102314,0.24736842102110099,0.21581012320448847,0.47369970924220184,0.67227363925286143,0.23953488371507461,0.40342326002309037,0.84576271185638541,0.90000000000000002,0.18380952378500687,0.58557478920427075,0.39090909095530024,0.3666666667617956,0.21076923068279071,0.5293787594278756,0.28585858580298851,0.45453841446594284,0.20909090907315941,0.52666666659699046,0.303389830491544,0.20909090917290896,0.19086651059137927,0.76493506483618845,0.5293787594278756,0.36916392938154013
0.7857142857142857,0.24035087719298245,0.54977981204191473,0.70540540538102314,0.24736842102110099,0.21581012320448847,0.31589194331709969,0.67227363925286143,0.26744186039094453,0.33958286105621061,0.83220338985992015,0.90000000000000002,0.16857142858062235,0.58557478920427075,0.60909090904469976,0.54444444431760597,0.21076923068279071,0.44606872287378385,0.32626262628310954,0.51773986621150936,0.31818181814631885,0.36666666659699049,0.303389830491544,0.31818181823306813,0.19960967992200188,0.76493506483618845,0.44606872287378385,0.47800040089914292
0.7857142857142857,0.25438596491228072,0.35970618490099637,0.70540540538102314,0.24736842102110099,0.21581012320448847,0.68229145545460235,0.67227363925286143,0.23953488371507461,0.40414871896220395,0.65593220343261116,0.90000000000000002,0.24476190476343701,0.58557478920427075,0.31818181808939949,0.10000000000000003,0.21076923068279071,0.63949872637245875,0.29393939395695107,0.3597061849143055,0.17272727268289853,0.63333333340300957,0.303389830491544,0.1363636364661362,0.17962529274421302,0.76493506483618845,0.63949872637245875,0.40293649114051627
0.7857142857142857,0.28245614035087718,0.46447865727537269,0.70540540538102314,0.24736842102110099,0.21581012320448847,0.39210577950243108,0.67227363925286143,0.23953488371507461,0.36620720918857602,0.85932203401060436,0.90000000000000002,0.16857142858062235,0.58557478920427075,0.60909090904469976,0.45555555539700737,0.21076923068279071,0.48630360894995495,0.28585858580298851,0.46447865731455207,0.24545454546342033,0.47333333340300954,0.303389830491544,0.24545454552629536,0.19960967992200188,0.76493506483618845,0.48630360894995495,0.40480938542121503
0.7857142857142857,0.33859649122807017,0.62514072382875208,0.70540540538102314,0.24736842102110099,0.35280131725226044,0.29902547444736671,0.67227363925286143,0.60232558134069603,0.56338698710547963,0.64237288143614601,0.90000000000000002,0.32095238094625167,0.72370173094788293,0.46363636365176675,0.81111111107940159,0.21076923068279071,0.43716455945252652,0.39898989899282522,0.51773986621150936,0.39090909092684067,0.25999999999999995,0.303389830491544,0.39090909093984094,0.10312256053720681,0.76493506483618845,0.43716455945252652,0.45091221243253954
0.7857142857142857,0.35263157894736841,0.099999999999999978,0.70540540538102314,0.24736842102110099,0.40179705923654846,0.89999999999999991,0.67227363925286143,0.23953488371507461,0.57151212867123657,0.50000000007887691,0.90000000000000002,0.46571428570968876,0.58557478920427075,0.31818181808939949,0.10000000000000003,0.21076923068279071,0.7544316428954807,0.39898989899282522,0.10000000000000001,0.17272727268289853,0.68666666659699049,0.303389830491544,0.10000000000000001,0.10312256053720681,0.76493506483618845,0.7544316428954807,0.35280217983006051
0.7857142857142857,0.38070175438596487,0.67900297036446311,0.70540540538102314,0.24736842102110099,0.21581012320448847,0.39575162236586603,0.67227363925286143,0.28604651162009942,0.89891181129787989,0.86610169492996014,0.90000000000000002,0.16857142858062235,0.69263204611885643,0.39090909095530024,0.3666666667617956,0.21076923068279071,0.48822832602269028,0.37474747472406539,0.51773986621150936,0.20909090907315941,0.52666666659699046,0.303389830491544,0.20909090917290896,0.10000000000000001,0.76493506483618845,0.48822832602269028,0.45600182909364745
0.7857142857142857,0.40877192982456145,0.32161656086280921,0.70540540538102314,0.24736842102110099,0.55982152194851664,0.6102245769468162,0.67227363925286143,0.90000000000000002,0.3035275447590377,0.45932203393172744,0.90000000000000002,0.57238095246216458,0.58557478920427075,0.39090909095530024,0.90000000000000002,0.21076923068279071,0.6014531064626597,0.39898989899282522,0.32161656088777707,0.42727272721947818,0.20666666659699046,0.303389830491544,0.42727272729322729,0.11873536304968438,0.76493506483618845,0.6014531064626597,0.29643698052522205
0.7857142857142857,0.4508771929824561,0.39697747264964656,0.70540540538102314,0.24736842102110099,0.21581012320448847,0.35554493647920721,0.67227363925286143,0.26744186039094453,0.35155293580136521,0.75084745772337513,0.90000000000000002,0.19904761915028354,0.58557478920427075,0.68181818174116626,0.54444444431760597,0.21076923068279071,0.46700237150727386,0.34242424239790686,0.39697747257714255,0.28181818175605794,0.41999999999999998,0.303389830491544,0.28181818187968177,0.20928961750056474,0.76493506483618845,0.46700237150727386,0.4426194779499622
0.7857142857142857,0.46491228070175439,0.71529641564321711,0.70540540538102314,0.24736842102110099,0.23024149753284795,0.23205393286420745,0.67227363925286143,0.40697674410601908,0.45347993640794881,0.85932203401060436,0.90000000000000002,0.16857142858062235,0.73009320896076746,0.60909090904469976,0.54444444431760597,0.21076923068279071,0.40180887520074648,0.39898989899282522,0.51773986621150936,0.31818181814631885,0.36666666659699049,0.303389830491544,0.31818181823306813,0.13747072601259053,0.76493506483618845,0.40180887520074648,0.58228690326024579
0.7857142857142857,0.49298245614035086,0.68154582333035407,0.70540540538102314,0.24736842102110099,0.28053045526454623,0.27910686046634098,0.67227363925286143,0.4999999999160688,0.39145318508230265,0.77118644079694987,0.90000000000000002,0.17619047618281461,0.74873501989793723,0.53636363634823325,0.63333333323820451,0.21076923068279071,0.42664910455613664,0.39898989899282522,0.51773986621150936,0.35454545453657971,0.31333333340300951,0.303389830491544,0.35454545458645453,0.14215456673162249,0.76493506483618845,0.42664910455613664,0.53310037622258921
0.7857142857142857,0.52105263157894743,0.44529167672669889,0.70540540538102314,0.24736842102110099,0.21581012320448847,0.5700166829679213,0.67227363925286143,0.23953488371507461,0.40371344355960914,0.84576271185638541,0.90000000000000002,0.21428571435466803,0.58557478920427075,0.39090909095530024,0.27777777784119706,0.21076923068279071,0.58022651418090565,0.29393939395695107,0.4452916767774584,0.17272727268289853,0.58000000000000007,0.303389830491544,0.1727272728195226,0.19804839974017671,0.76493506483618845,0.58022651418090565,0.36947078776651338
0.7857142857142857,0.53508771929824561,0.81007547644897349,0.70540540538102314,0.24736842102110099,0.21581012320448847,0.26416539965324087,0.67227363925286143,0.31395348829596936,0.89999999999999991,0.86610169492996014,0.90000000000000002,0.16857142858062235,0.79631602305942828,0.75454545460706712,0.45555555539700737,0.21076923068279071,0.41876119334315387,0.36666666666666675,0.51773986621150936,0.24545454546342033,0.47333333340300954,0.303389830491544,0.24545454552629536,0.10000000000000001,0.76493506483618845,0.41876119334315387,0.53489164314964976
0.7857142857142857,0.57719298245614037,0.46842007928978086,0.70540540538102314,0.24736842102110099,0.21581012320448847,0.59177631816491594,0.67227363925286143,0.26744186039094453,0.51670369518854709,0.79152542371277079,0.90000000000000002,0.17619047618281461,0.58557478920427075,0.46363636365176675,0.10000000000000003,0.21076923068279071,0.59171388304018535,0.39898989899282522,0.46842007925843138,0.17272727268289853,0.58000000000000007,0.303389830491544,0.10000000000000001,0.13559718969026643,0.76493506483618845,0.59171388304018535,0.39248667825716643
0.7857142857142857,0.60526315789473684,0.51773986607797562,0.70540540538102314,0.24736842102110099,0.21581012320448847,0.53963930330246579,0.67227363925286143,0.23953488371507461,0.84559056900229446,0.86610169492996014,0.90000000000000002,0.16857142858062235,0.58557478920427075,0.46363636365176675,0.18888888892059855,0.21076923068279071,0.56418965700169699,0.39898989899282522,0.51773986621150936,0.17272727268289853,0.58000000000000007,0.303389830491544,0.1727272728195226,0.10000000000000001,0.76493506483618845,0.56418965700169699,0.38702973850468664
0.7857142857142857,0.61929824561403513,0.84544424784674654,0.70540540538102314,0.24736842102110099,0.21581012320448847,0.1535682227144648,0.67227363925286143,0.37906976743014914,0.84305146222631422,0.86610169492996014,0.90000000000000002,0.16857142858062235,0.90000000000000013,0.68181818174116626,0.54444444431760597,0.21076923068279071,0.36037461909452739,0.38282828278146408,0.51773986621150936,0.28181818175605794,0.41999999999999998,0.303389830491544,0.28181818187968177,0.10218579237604476,0.76493506483618845,0.36037461909452739,0.60413582491740458
0.7857142857142857,0.6333333333333333,0.56295641319143941,0.70540540538102314,0.24736842102110099,0.21581012320448847,0.47808147823587771,0.67227363925286143,0.29534883723467692,0.53219224665896991,0.85254237293349489,0.90000000000000002,0.19904761915028354,0.58557478920427075,0.60909090904469976,0.27777777784119706,0.21076923068279071,0.53169198735337975,0.34242424239790686,0.51773986621150936,0.20909090907315941,0.52666666659699046,0.303389830491544,0.20909090917290896,0.13497267758282508,0.76493506483618845,0.53169198735337975,0.41968370319528742
0.7857142857142857,0.64736842105263159,0.64848873622141989,0.70540540538102314,0.24736842102110099,0.21581012320448847,0.37426384189366413,0.67227363925286143,0.33255813952512431,0.5292904103156163,0.86610169492996014,0.90000000000000002,0.16857142858062235,0.6432756324865726,0.75454545460706712,0.3666666667617956,0.21076923068279071,0.47688447516752708,0.35858585860926806,0.51773986621150936,0.24545454546342033,0.47333333340300954,0.303389830491544,0.24545454552629536,0.13372365345472059,0.76493506483618845,0.47688447516752708,0.48516698022504506
0.7857142857142857,0.68947368421052635,0.46517216268610845,0.70540540538102314,0.24736842102110099,0.35339056680810288,0.52420348762341018,0.67227363925286143,0.55581395343567108,0.18886873715930902,0.52033898315245153,0.90000000000000002,0.25999999996782153,0.58557478920427075,0.39090909095530024,0.90000000000000002,0.21076923068279071,0.55604076544281689,0.39898989899282522,0.46517216261343652,0.42727272721947818,0.20666666659699046,0.303389830491544,0.42727272729322729,0.23676814988087172,0.76493506483618845,0.55604076544281689,0.41345130358324467
0.7857142857142857,0.75964912280701757,0.80637678133866308,0.70540540538102314,0.24736842102110099,0.27937453413205882,0.16921813934733237,0.67227363925286143,0.55581395343567108,0.68453865321778529,0.76440677971984039,0.90000000000000002,0.17619047618281461,0.87549933415142978,0.53636363634823325,0.72222222215880305,0.21076923068279071,0.36863653903034421,0.39898989899282522,0.51773986621150936,0.35454545453657971,0.31333333340300951,0.303389830491544,0.35454545458645453,0.10312256053720681,0.76493506483618845,0.36863653903034421,0.5492641038606132
0.7857142857142857,0.77368421052631575,0.60757192215818145,0.70540540538102314,0.24736842102110099,0.21581012320448847,0.27920437768840578,0.67227363925286143,0.34186046513970175,0.49773294030173321,0.86610169492996014,0.90000000000000002,0.16857142858062235,0.66369285389453514,0.68181818174116626,0.54444444431760597,0.21076923068279071,0.42670058590921933,0.37474747472406539,0.51773986621150936,0.28181818175605794,0.41999999999999998,0.303389830491544,0.28181818187968177,0.13434816547538372,0.76493506483618845,0.42670058590921933,0.55424790728552342
0.7857142857142857,0.81578947368421051,0.49453055468473223,0.70540540538102314,0.24736842102110099,0.2510355908296843,0.43112243561043151,0.67227363925286143,0.46279069762562142,0.24407617312698252,0.68983050850265104,0.90000000000000002,0.16857142858062235,0.58557478920427075,0.46363636365176675,0.81111111107940159,0.21076923068279071,0.50690132184289483,0.39898989899282522,0.49453055466336687,0.39090909092684067,0.25999999999999995,0.303389830491544,0.39090909093984094,0.22271662763699754,0.76493506483618845,0.50690132184289483,0.44442132620064251
0.7857142857142857,0.84385964912280698,0.5504733172458437,0.70540540538102314,0.24736842102110099,0.21581012320448847,0.35124146930961531,0.67227363925286143,0.39767441865930409,0.30222171835562028,0.77118644079694987,0.90000000000000002,0.16857142858062235,0.58557478920427075,0.53636363634823325,0.72222222215880305,0.21076923068279071,0.46473048069301431,0.35858585860926806,0.51773986621150936,0.35454545453657971,0.31333333340300951,0.303389830491544,0.35454545458645453,0.21209992198405087,0.76493506483618845,0.46473048069301431,0.48684638744526804
0.7857142857142857,0.85789473684210527,0.90000000000000013,0.70540540538102314,0.24736842102110099,0.23782650556543727,0.099999999999999978,0.67227363925286143,0.48139534885477631,0.77884833369206119,0.86610169492996014,0.90000000000000002,0.16857142858062235,0.89272081655294999,0.60909090904469976,0.63333333323820451,0.21076923068279071,0.332094828422901,0.36666666666666675,0.51773986621150936,0.31818181814631885,0.36666666659699049,0.303389830491544,0.31818181823306813,0.10000000000000001,0.76493506483618845,0.332094828422901,0.6130362296992885
0.7857142857142857,0.87192982456140355,0.46170463604604334,0.70540540538102314,0.24736842102110099,0.50301495939172303,0.5136897437814063,0.67227363925286143,0.74186046505577052,0.24280661983680893,0.47966101700530217,0.90000000000000002,0.46571428570968876,0.58557478920427075,0.39090909095530024,0.90000000000000002,0.21076923068279071,0.55049033910146672,0.39898989899282522,0.46170463611901447,0.42727272721947818,0.20666666659699046,0.303389830491544,0.42727272729322729,0.15308352852506807,0.76493506483618845,0.55049033910146672,0.33289115201297909
0.7857142857142857,0.88596491228070173,0.20595836644681245,0.70540540538102314,0.24736842102110099,0.21581012320448847,0.83766619868968695,0.67227363925286143,0.23953488371507461,0.33958286105621061,0.55423728822249141,0.90000000000000002,0.2523809523656293,0.58557478920427075,0.31818181808939949,0.10000000000000003,0.21076923068279071,0.72152431898268221,0.39898989899282522,0.20595836647521493,0.17272727268289853,0.68666666659699049,0.303389830491544,0.10000000000000001,0.18056206090537505,0.76493506483618845,0.72152431898268221,0.40634216572842125
0.7857142857142857,0.90000000000000002,0.5377590530368096,0.70540540538102314,0.24736842102110099,0.36931729147099546,0.3807429579882719,0.67227363925286143,0.60232558134069603,0.31676717298999901,0.6152542372854618,0.90000000000000002,0.3285714285484439,0.68925876614484249,0.46363636365176675,0.81111111107940159,0.21076923068279071,0.48030493654336703,0.39898989899282522,0.51773986621150936,0.39090909092684067,0.25999999999999995,0.303389830491544,0.39090909093984094,0.14621389542999136,0.76493506483618845,0.48030493654336703,0.42696365384568707
0.84285714285714286,0.10000000000000001,0.33130945356487507,0.5756756756726279,0.2052631578080277,0.24364790355584892,0.73997785573851593,0.63187186932041184,0.48139534885477631,0.46109725673588958,0.58135593221542192,0.4534883720306197,0.56476190485997235,0.89272081655294999,0.46363636365176675,0.10000000000000003,0.17384615373000001,0.43785776110751778,0.36666666666666675,0.33130945361949993,0.31818181814631885,0.63333333340300957,0.303389830491544,0.1363636364661362,0.13278688529355853,0.80649350648361895,0.43785776110751778,0.83094174720442116
0.84285714285714286,0.11403508771929825,0.26162141532230454,0.5756756756726279,0.2052631578080277,0.24673917112992513,0.68183517803702698,0.63187186932041184,0.48139534885477631,0.17853094527170132,0.60169491528899655,0.4534883720306197,0.14571428577404563,0.89272081655294999,0.53636363634823325,0.10000000000000003,0.17384615373000001,0.40716301948105321,0.36666666666666675,0.26162141538601658,0.31818181814631885,0.7400000000000001,0.303389830491544,0.28181818187968177,0.34043715850124245,0.80649350648361895,0.40716301948105321,0.89971128102694642
0.84285714285714286,0.1280701754385965,0.29780621152965092,0.5756756756726279,0.2052631578080277,0.35238004558477193,0.64653378280826823,0.63187186932041184,0.48139534885477631,0.28832917702076688,0.63559322035903654,0.4534883720306197,0.14571428577404563,0.89272081655294999,0.68181818174116626,0.10000000000000003,0.17384615373000001,0.38852667082770231,0.20505050503587419,0.29780621150644115,0.31818181814631885,0.84666666659699052,0.303389830491544,0.20909090917290896,0.16245121004991026,0.80649350648361895,0.38852667082770231,0.8622488605599915
0.84285714285714286,0.14210526315789473,0.35498110189860899,0.5756756756726279,0.2052631578080277,0.25123928100358683,0.71094591587707701,0.63187186932041184,0.48139534885477631,0.78066198133329479,0.72372881357269103,0.4534883720306197,0.33619047615063619,0.89272081655294999,0.53636363634823325,0.10000000000000003,0.17384615373000001,0.42253118980168575,0.36666666666666675,0.35498110194105892,0.31818181814631885,0.63333333340300957,0.303389830491544,0.1363636364661362,0.10062451210744137,0.80649350648361895,0.42253118980168575,0.79617151778986706
0.84285714285714286,0.18421052631578949,0.3035854224585548,0.5756756756726279,0.2052631578080277,0.57021441580065768,0.78952684177131283,0.63187186932041184,0.61162790695527347,0.13681704815389717,0.27627118642730902,0.4534883720306197,0.45047619050530424,0.89272081655294999,0.46363636365176675,0.10000000000000003,0.17384615373000001,0.46401571221556193,0.36666666666666675,0.30358542242298436,0.31818181814631885,0.15333333340300948,0.303389830491544,0.10000000000000001,0.26143637786447077,0.80649350648361895,0.46401571221556193,0.85396368416571411
0.84285714285714286,0.19824561403508772,0.18319752187343646,0.5756756756726279,0.2052631578080277,0.30524975057239828,0.86371532421967911,0.63187186932041184,0.48139534885477631,0.39435502142565626,0.50000000007887691,0.4534883720306197,0.41238095249434303,0.89272081655294999,0.46363636365176675,0.10000000000000003,0.17384615373000001,0.50318137141242214,0.36666666666666675,0.18319752184427859,0.31818181814631885,0.68666666659699049,0.303389830491544,0.10000000000000001,0.1318501171323965,0.80649350648361895,0.50318137141242214,0.84737907763889908
0.84285714285714286,0.22631578947368422,0.45453841429566788,0.5756756756726279,0.2052631578080277,0.23782650556543727,0.47369970924220184,0.63187186932041184,0.48139534885477631,0.40342326002309037,0.84576271185638541,0.4534883720306197,0.18380952378500687,0.89272081655294999,0.53636363634823325,0.3666666667617956,0.17384615373000001,0.29728393084907956,0.28585858580298851,0.45453841446594284,0.31818181814631885,0.52666666659699046,0.303389830491544,0.20909090917290896,0.19086651059137927,0.80649350648361895,0.29728393084907956,0.81993717063986349
0.84285714285714286,0.24035087719298245,0.54977981204191473,0.5756756756726279,0.2052631578080277,0.23782650556543727,0.31589194331709969,0.63187186932041184,0.48139534885477631,0.33958286105621061,0.83220338985992015,0.4534883720306197,0.16095238097843012,0.89272081655294999,0.75454545460706712,0.54444444431760597,0.17384615373000001,0.21397389445088288,0.32626262628310954,0.54977981199128645,0.31818181814631885,0.36666666659699049,0.303389830491544,0.31818181823306813,0.19960967992200188,0.80649350648361895,0.21397389445088288,0.87399110654261292
0.84285714285714286,0.25438596491228072,0.35970618490099637,0.5756756756726279,0.2052631578080277,0.23782650556543727,0.68229145545460235,0.63187186932041184,0.48139534885477631,0.40414871896220395,0.65593220343261116,0.4534883720306197,0.24476190476343701,0.89272081655294999,0.46363636365176675,0.10000000000000003,0.17384615373000001,0.40740389794955778,0.29393939395695107,0.3597061849143055,0.31818181814631885,0.63333333340300957,0.303389830491544,0.1363636364661362,0.17962529274421302,0.80649350648361895,0.40740389794955778,0.86871404929166918
0.84285714285714286,0.28245614035087718,0.46447865727537269,0.5756756756726279,0.2052631578080277,0.23782650556543727,0.39210577950243108,0.63187186932041184,0.48139534885477631,0.36620720918857602,0.85932203401060436,0.4534883720306197,0.14571428577404563,0.89272081655294999,0.75454545460706712,0.45555555539700737,0.17384615373000001,0.25420878037115896,0.28585858580298851,0.46447865731455207,0.31818181814631885,0.47333333340300954,0.303389830491544,0.24545454552629536,0.19960967992200188,0.80649350648361895,0.25420878037115896,0.78421159886421032
0.84285714285714286,0.29649122807017547,0.11585584322126258,0.5756756756726279,0.2052631578080277,0.29340967598835338,0.72382583135337863,0.63187186932041184,0.48139534885477631,0.29474948989375549,0.54745762714538193,0.4534883720306197,0.16095238097843012,0.89272081655294999,0.53636363634823325,0.10000000000000003,0.17384615373000001,0.42933076780326751,0.35858585860926806,0.11585584336724039,0.31818181814631885,0.7400000000000001,0.303389830491544,0.28181818187968177,0.17525370807890173,0.80649350648361895,0.42933076780326751,0.88805519725094317
0.84285714285714286,0.32456140350877194,0.32587006017762404,0.5756756756726279,0.2052631578080277,0.36620049717395403,0.6425709074774375,0.63187186932041184,0.48139534885477631,0.27367490363355607,0.5881355932925314,0.4534883720306197,0.14571428577404563,0.89272081655294999,0.60909090904469976,0.10000000000000003,0.17384615373000001,0.38643458584649848,0.19696969697847555,0.32587006014677455,0.31818181814631885,0.7933333334030096,0.303389830491544,0.24545454552629536,0.15932864951270348,0.80649350648361895,0.38643458584649848,0.87832340275607756
0.84285714285714286,0.33859649122807017,0.62514072382875208,0.5756756756726279,0.2052631578080277,0.35280131725226044,0.29902547444736671,0.63187186932041184,0.60232558134069603,0.56338698710547963,0.64237288143614601,0.4534883720306197,0.32095238094625167,0.89272081655294999,0.60909090904469976,0.81111111107940159,0.17384615373000001,0.20506973102962556,0.36666666666666675,0.62514072381941155,0.39090909092684067,0.25999999999999995,0.303389830491544,0.39090909093984094,0.10312256053720681,0.80649350648361895,0.20506973102962556,0.88999157947336049
0.84285714285714286,0.35263157894736841,0.099999999999999978,0.5756756756726279,0.2052631578080277,0.40179705923654846,0.89999999999999991,0.63187186932041184,0.48139534885477631,0.57151212867123657,0.50000000007887691,0.4534883720306197,0.46571428570968876,0.89272081655294999,0.46363636365176675,0.10000000000000003,0.17384615373000001,0.52233681431668466,0.36666666666666675,0.10000000000000001,0.31818181814631885,0.68666666659699049,0.303389830491544,0.10000000000000001,0.10312256053720681,0.80649350648361895,0.52233681431668466,0.82247215345562774
0.84285714285714286,0.3666666666666667,0.14517724823155809,0.5756756756726279,0.2052631578080277,0.38647989940453886,0.7441078164537277,0.63187186932041184,0.48139534885477631,0.34574926311465803,0.45254237285461796,0.4534883720306197,0.29809523813967492,0.89272081655294999,0.53636363634823325,0.10000000000000003,0.17384615373000001,0.44003805411509467,0.36666666666666675,0.14517724834763862,0.31818181814631885,0.7400000000000001,0.303389830491544,0.28181818187968177,0.13216237318611718,0.80649350648361895,0.44003805411509467,0.86257990482752422
0.84285714285714286,0.43684210526315792,0.25920108175525125,0.5756756756726279,0.2052631578080277,0.36430567160661209,0.81537819645801068,0.63187186932041184,0.48139534885477631,0.14363636351186987,0.45254237285461796,0.4534883720306197,0.23714285716124478,0.89272081655294999,0.46363636365176675,0.10000000000000003,0.17384615373000001,0.47766318568331551,0.36666666666666675,0.25920108176802636,0.31818181814631885,0.15333333340300948,0.303389830491544,0.10000000000000001,0.3779078844270547,0.80649350648361895,0.47766318568331551,0.88324976470990901
0.84285714285714286,0.4508771929824561,0.39697747264964656,0.5756756756726279,0.2052631578080277,0.23782650556543727,0.35554493647920721,0.63187186932041184,0.48139534885477631,0.35155293580136521,0.75084745772337513,0.4534883720306197,0.19904761915028354,0.89272081655294999,0.82727272730353352,0.54444444431760597,0.17384615373000001,0.23490754292847793,0.34242424239790686,0.39697747257714255,0.31818181814631885,0.41999999999999998,0.303389830491544,0.28181818187968177,0.20928961750056474,0.80649350648361895,0.23490754292847793,0.83959122345475057
0.84285714285714286,0.46491228070175439,0.71529641564321711,0.5756756756726279,0.2052631578080277,0.23782650556543727,0.23205393286420745,0.63187186932041184,0.48139534885477631,0.45347993640794881,0.85932203401060436,0.4534883720306197,0.14571428577404563,0.89272081655294999,0.75454545460706712,0.54444444431760597,0.17384615373000001,0.16971404631016057,0.36666666666666675,0.71529641572709646,0.31818181814631885,0.36666666659699049,0.303389830491544,0.31818181823306813,0.13747072601259053,0.80649350648361895,0.16971404631016057,0.87887514320196525
0.84285714285714286,0.52105263157894743,0.44529167672669889,0.5756756756726279,0.2052631578080277,0.23782650556543727,0.5700166829679213,0.63187186932041184,0.48139534885477631,0.40371344355960914,0.84576271185638541,0.4534883720306197,0.21428571435466803,0.89272081655294999,0.53636363634823325,0.27777777784119706,0.17384615373000001,0.34813168560210966,0.29393939395695107,0.4452916767774584,0.31818181814631885,0.58000000000000007,0.303389830491544,0.1727272728195226,0.19804839974017671,0.80649350648361895,0.34813168560210966,0.83966831595540892
0.84285714285714286,0.5491228070175439,0.1191823571751327,0.5756756756726279,0.2052631578080277,0.35900345615198953,0.61727691466819024,0.63187186932041184,0.48139534885477631,0.14671956463891017,0.77796610171630565,0.4534883720306197,0.14571428577404563,0.89272081655294999,0.68181818174116626,0.10000000000000003,0.17384615373000001,0.37308135525572039,0.10000000000000003,0.11918235720543705,0.31818181814631885,0.84666666659699052,0.303389830491544,0.20909090917290896,0.29953161589772442,0.80649350648361895,0.37308135525572039,0.8498460376599648
0.84285714285714286,0.57719298245614037,0.46842007928978086,0.5756756756726279,0.2052631578080277,0.23782650556543727,0.59177631816491594,0.63187186932041184,0.48139534885477631,0.51670369518854709,0.79152542371277079,0.4534883720306197,0.17619047618281461,0.89272081655294999,0.60909090904469976,0.10000000000000003,0.17384615373000001,0.35961905446138942,0.36666666666666675,0.46842007925843138,0.31818181814631885,0.58000000000000007,0.303389830491544,0.10000000000000001,0.13559718969026643,0.80649350648361895,0.35961905446138942,0.81253326734134657
0.84285714285714286,0.60526315789473684,0.51773986607797562,0.5756756756726279,0.2052631578080277,0.23782650556543727,0.53963930330246579,0.63187186932041184,0.48139534885477631,0.84559056900229446,0.86610169492996014,0.4534883720306197,0.16857142858062235,0.89272081655294999,0.60909090904469976,0.18888888892059855,0.17384615373000001,0.332094828422901,0.36666666666666675,0.51773986621150936,0.31818181814631885,0.58000000000000007,0.303389830491544,0.1727272728195226,0.10000000000000001,0.80649350648361895,0.332094828422901,0.78090115618888334
0.84285714285714286,0.6333333333333333,0.56295641319143941,0.5756756756726279,0.2052631578080277,0.23782650556543727,0.47808147823587771,0.63187186932041184,0.48139534885477631,0.53219224665896991,0.85254237293349489,0.4534883720306197,0.19904761915028354,0.89272081655294999,0.75454545460706712,0.27777777784119706,0.17384615373000001,0.29959715877458376,0.34242424239790686,0.56295641322512868,0.31818181814631885,0.52666666659699046,0.303389830491544,0.20909090917290896,0.13497267758282508,0.80649350648361895,0.29959715877458376,0.80283170519968028
0.84285714285714286,0.64736842105263159,0.64848873622141989,0.5756756756726279,0.2052631578080277,0.23782650556543727,0.37426384189366413,0.63187186932041184,0.48139534885477631,0.5292904103156163,0.88644067800353477,0.4534883720306197,0.16095238097843012,0.89272081655294999,0.90000000000000002,0.3666666667617956,0.17384615373000001,0.24478964658873104,0.35858585860926806,0.6484887362885714,0.31818181814631885,0.47333333340300954,0.303389830491544,0.24545454552629536,0.13372365345472059,0.80649350648361895,0.24478964658873104,0.81545371266040223
0.84285714285714286,0.68947368421052635,0.46517216268610845,0.5756756756726279,0.2052631578080277,0.35339056680810288,0.52420348762341018,0.63187186932041184,0.55581395343567108,0.18886873715930902,0.52033898315245153,0.4534883720306197,0.25999999996782153,0.89272081655294999,0.53636363634823325,0.90000000000000002,0.17384615373000001,0.32394593701991592,0.36666666666666675,0.46517216261343652,0.42727272721947818,0.20666666659699046,0.303389830491544,0.42727272729322729,0.23676814988087172,0.80649350648361895,0.32394593701991592,0.89203528654963549
0.84285714285714286,0.71754385964912282,0.43581377068748461,0.5756756756726279,0.2052631578080277,0.32233503478014075,0.6035899260542622,0.63187186932041184,0.48139534885477631,0.16510995225705338,0.6762711865061859,0.4534883720306197,0.14571428577404563,0.89272081655294999,0.60909090904469976,0.10000000000000003,0.17384615373000001,0.36585570631354969,0.16464646465231703,0.43581377070226568,0.31818181814631885,0.7933333334030096,0.303389830491544,0.24545454552629536,0.27798594845133218,0.80649350648361895,0.36585570631354969,0.88085687395418166
0.84285714285714286,0.74561403508771928,0.28855947375387503,0.5756756756726279,0.2052631578080277,0.74183133178562743,0.80511055239128615,0.63187186932041184,0.78837209296079536,0.17599183849572109,0.22881355936080389,0.4534883720306197,0.6485714286449793,0.89272081655294999,0.46363636365176675,0.10000000000000003,0.17384615373000001,0.47224268065415465,0.36666666666666675,0.28855947381795677,0.31818181814631885,0.15333333340300948,0.303389830491544,0.10000000000000001,0.15308352852506807,0.80649350648361895,0.47224268065415465,0.82032565637847499
0.84285714285714286,0.8298245614035088,0.17921680118392941,0.5756756756726279,0.2052631578080277,0.42710857606527858,0.76917279599270993,0.63187186932041184,0.48139534885477631,0.51042847418163451,0.41864406778457808,0.4534883720306197,0.89999999999999991,0.89272081655294999,0.53636363634823325,0.10000000000000003,0.17384615373000001,0.45327038347686577,0.36666666666666675,0.1792168012344186,0.31818181814631885,0.7400000000000001,0.303389830491544,0.28181818187968177,0.10031225605372068,0.80649350648361895,0.45327038347686577,0.83537078694812361
0.84285714285714286,0.84385964912280698,0.5504733172458437,0.5756756756726279,0.2052631578080277,0.23782650556543727,0.35124146930961531,0.63187186932041184,0.48139534885477631,0.30222171835562028,0.77118644079694987,0.4534883720306197,0.14571428577404563,0.89272081655294999,0.68181818174116626,0.72222222215880305,0.17384615373000001,0.23263565195832336,0.35858585860926806,0.55047331742893046,0.35454545453657971,0.31333333340300951,0.303389830491544,0.35454545458645453,0.21209992198405087,0.80649350648361895,0.23263565195832336,0.90000000000000002
0.84285714285714286,0.85789473684210527,0.90000000000000013,0.5756756756726279,0.2052631578080277,0.23782650556543727,0.099999999999999978,0.63187186932041184,0.48139534885477631,0.77884833369206119,0.88644067800353477,0.4534883720306197,0.14571428577404563,0.89272081655294999,0.75454545460706712,0.63333333323820451,0.17384615373000001,0.099999999999999978,0.36666666666666675,0.90000000000000013,0.31818181814631885,0.36666666659699049,0.303389830491544,0.31818181823306813,0.10000000000000001,0.80649350648361895,0.099999999999999978,0.89655200011761604
0.84285714285714286,0.87192982456140355,0.46170463604604334,0.5756756756726279,0.2052631578080277,0.50301495939172303,0.5136897437814063,0.63187186932041184,0.74186046505577052,0.24280661983680893,0.47966101700530217,0.4534883720306197,0.46571428570968876,0.89272081655294999,0.53636363634823325,0.90000000000000002,0.17384615373000001,0.31839551067856575,0.36666666666666675,0.46170463611901447,0.42727272721947818,0.20666666659699046,0.303389830491544,0.42727272729322729,0.15308352852506807,0.80649350648361895,0.31839551067856575,0.86174095702624276
0.84285714285714286,0.88596491228070173,0.20595836644681245,0.5756756756726279,0.2052631578080277,0.23782650556543727,0.83766619868968695,0.63187186932041184,0.48139534885477631,0.33958286105621061,0.55423728822249141,0.4534883720306197,0.2523809523656293,0.89272081655294999,0.46363636365176675,0.10000000000000003,0.17384615373000001,0.48942949040388628,0.36666666666666675,0.20595836647521493,0.31818181814631885,0.68666666659699049,0.303389830491544,0.10000000000000001,0.18056206090537505,0.80649350648361895,0.48942949040388628,0.88326336926884874
0.84285714285714286,0.90000000000000002,0.5377590530368096,0.5756756756726279,0.2052631578080277,0.36931729147099546,0.3807429579882719,0.63187186932041184,0.60232558134069603,0.31676717298999901,0.6152542372854618,0.4534883720306197,0.3285714285484439,0.89272081655294999,0.60909090904469976,0.81111111107940159,0.17384615373000001,0.24821010765278118,0.36666666666666675,0.53775905310726435,0.39090909092684067,0.25999999999999995,0.303389830491544,0.39090909093984094,0.14621389542999136,0.80649350648361895,0.24821010765278118,0.88621555855876366
0.90000000000000002,0.10000000000000001,0.33130945356487507,0.5,0.44736842102110097,0.36931729147099546,0.73997785573851593,0.25806835147233159,0.60232558134069603,0.46109725673588958,0.58135593221542192,0.29534883706889442,0.56476190485997235,0.68925876614484249,0.31818181808939949,0.10000000000000003,0.46923076917674417,0.58606786922798393,0.43939393937638238,0.33130945361949993,0.39090909092684067,0.63333333340300957,0.50677966098308802,0.1363636364661362,0.1134270101364328,0.27142857151014455,0.58606786922798393,0.4015464045171756
0.90000000000000002,0.11403508771929825,0.26162141532230454,0.5,0.44736842102110097,0.36931729147099546,0.68183517803702698,0.25806835147233159,0.60232558134069603,0.17853094527170132,0.60169491528899655,0.29534883706889442,0.3285714285484439,0.68925876614484249,0.39090909095530024,0.10000000000000003,0.46923076917674417,0.55537312760151925,0.41515151510762255,0.26162141538601658,0.39090909092684067,0.7400000000000001,0.50677966098308802,0.28181818187968177,0.29422326307125113,0.27142857151014455,0.55537312760151925,0.45726009661056838
0.90000000000000002,0.14210526315789473,0.35498110189860899,0.5,0.44736842102110097,0.36931729147099546,0.71094591587707701,0.25806835147233159,0.60232558134069603,0.78066198133329479,0.6152542372854618,0.29534883706889442,0.33619047615063619,0.68925876614484249,0.39090909095530024,0.10000000000000003,0.46923076917674417,0.57074129776625682,0.43131313131898374,0.35498110194105892,0.39090909092684067,0.63333333340300957,0.50677966098308802,0.1363636364661362,0.14683840753743271,0.27142857151014455,0.57074129776625682,0.40246849128975531
0.90000000000000002,0.24035087719298245,0.54977981204191473,0.5,0.44736842102110097,0.36931729147099546,0.31589194331709969,0.25806835147233159,0.60232558134069603,0.33958286105621061,0.6152542372854618,0.29534883706889442,0.3285714285484439,0.68925876614484249,0.60909090904469976,0.54444444431760597,0.46923076917674417,0.36218400257134892,0.32626262628310954,0.53775905310726435,0.39090909092684067,0.36666666659699049,0.50677966098308802,0.31818181823306813,0.15339578457878877,0.27142857151014455,0.36218400257134892,0.36012203416344796
0.90000000000000002,0.25438596491228072,0.35970618490099637,0.5,0.44736842102110097,0.36931729147099546,0.68229145545460235,0.25806835147233159,0.60232558134069603,0.40414871896220395,0.6152542372854618,0.29534883706889442,0.3285714285484439,0.68925876614484249,0.31818181808939949,0.10000000000000003,0.46923076917674417,0.55561400591412891,0.29393939395695107,0.3597061849143055,0.39090909092684067,0.63333333340300957,0.50677966098308802,0.1363636364661362,0.13341139740099989,0.27142857151014455,0.55561400591412891,0.4072104358890708
0.90000000000000002,0.33859649122807017,0.62514072382875208,0.5,0.44736842102110097,0.36931729147099546,0.29902547444736671,0.25806835147233159,0.60232558134069603,0.56338698710547963,0.6152542372854618,0.29534883706889442,0.3285714285484439,0.72370173094788293,0.46363636365176675,0.81111111107940159,0.46923076917674417,0.35327983915009165,0.55252525246965523,0.53775905310726435,0.39090909092684067,0.25999999999999995,0.50677966098308802,0.39090909093984094,0.14309133489278456,0.27142857151014455,0.35327983915009165,0.41285179299606656
0.90000000000000002,0.46491228070175439,0.71529641564321711,0.5,0.44736842102110097,0.36931729147099546,0.23205393286420745,0.25806835147233159,0.60232558134069603,0.45347993640794881,0.6152542372854618,0.29534883706889442,0.3285714285484439,0.73009320896076746,0.60909090904469976,0.54444444431760597,0.46923076917674417,0.31792415474241653,0.39898989899282522,0.53775905310726435,0.39090909092684067,0.36666666659699049,0.50677966098308802,0.31818181823306813,0.10874316941740084,0.27142857151014455,0.31792415474241653,0.33766997705996249
0.90000000000000002,0.49298245614035086,0.68154582333035407,0.5,0.44736842102110097,0.36931729147099546,0.27910686046634098,0.25806835147233159,0.60232558134069603,0.39145318508230265,0.6152542372854618,0.29534883706889442,0.3285714285484439,0.74873501989793723,0.53636363634823325,0.63333333323820451,0.46923076917674417,0.34276438409780674,0.43131313131898374,0.53775905310726435,0.39090909092684067,0.31333333340300951,0.50677966098308802,0.35454545458645453,0.10405932869836884,0.27142857151014455,0.34276438409780674,0.37186276852840938
0.90000000000000002,0.731578947368421,0.16259116688850389,0.5,0.44736842102110097,0.51495561814787449,0.66653780247253192,0.25806835147233159,0.60232558134069603,0.34574926311465803,0.50000000007887691,0.29534883706889442,0.3285714285484439,0.68925876614484249,0.46363636365176675,0.10000000000000003,0.46923076917674417,0.54729732147708188,0.52828282829745921,0.16259116697154058,0.39090909092684067,0.7933333334030096,0.50677966098308802,0.24545454552629536,0.11561280251247757,0.27142857151014455,0.54729732147708188,0.41948779452332041
0.90000000000000002,0.75964912280701757,0.80637678133866308,0.5,0.44736842102110097,0.36931729147099546,0.16921813934733237,0.25806835147233159,0.60232558134069603,0.68453865321778529,0.6152542372854618,0.29534883706889442,0.3285714285484439,0.87549933415142978,0.53636363634823325,0.72222222215880305,0.46923076917674417,0.28475181826022439,0.44747474743378107,0.53775905310726435,0.39090909092684067,0.31333333340300951,0.50677966098308802,0.35454545458645453,0.14309133489278456,0.27142857151014455,0.28475181826022439,0.405249867784094
0.90000000000000002,0.81578947368421051,0.49453055468473223,0.5,0.44736842102110097,0.36931729147099546,0.43112243561043151,0.25806835147233159,0.60232558134069603,0.24407617312698252,0.6152542372854618,0.29534883706889442,0.3285714285484439,0.68925876614484249,0.46363636365176675,0.81111111107940159,0.46923076917674417,0.42301660138456498,0.42323232316502124,0.49453055466336687,0.39090909092684067,0.25999999999999995,0.50677966098308802,0.39090909093984094,0.17650273229378444,0.27142857151014455,0.42301660138456498,0.41949837584694016
0.90000000000000002,0.84385964912280698,0.5504733172458437,0.5,0.44736842102110097,0.36931729147099546,0.35124146930961531,0.25806835147233159,0.60232558134069603,0.30222171835562028,0.6152542372854618,0.29534883706889442,0.3285714285484439,0.68925876614484249,0.53636363634823325,0.72222222215880305,0.46923076917674417,0.38084576039057938,0.35858585860926806,0.53775905310726435,0.39090909092684067,0.31333333340300951,0.50677966098308802,0.35454545458645453,0.16588602655405954,0.27142857151014455,0.38084576039057938,0.40696101897517628
0.90000000000000002,0.85789473684210527,0.90000000000000013,0.5,0.44736842102110097,0.36931729147099546,0.099999999999999978,0.25806835147233159,0.60232558134069603,0.77884833369206119,0.6152542372854618,0.29534883706889442,0.3285714285484439,0.89272081655294999,0.60909090904469976,0.63333333323820451,0.46923076917674417,0.24821010765278118,0.36666666666666675,0.53775905310726435,0.39090909092684067,0.36666666659699049,0.50677966098308802,0.31818181823306813,0.14621389542999136,0.27142857151014455,0.24821010765278118,0.37828412034794795
0.90000000000000002,0.88596491228070173,0.20595836644681245,0.5,0.44736842102110097,0.36931729147099546,0.83766619868968695,0.25806835147233159,0.60232558134069603,0.33958286105621061,0.55423728822249141,0.29534883706889442,0.3285714285484439,0.68925876614484249,0.31818181808939949,0.10000000000000003,0.46923076917674417,0.63763959852435237,0.40707070705022391,0.20595836647521493,0.39090909092684067,0.68666666659699049,0.50677966098308802,0.10000000000000001,0.13434816547538372,0.27142857151014455,0.63763959852435237,0.41337027785343516
0.90000000000000002,0.90000000000000002,0.5377590530368096,0.5,0.44736842102110097,0.36931729147099546,0.3807429579882719,0.25806835147233159,0.60232558134069603,0.31676717298999901,0.6152542372854618,0.29534883706889442,0.3285714285484439,0.68925876614484249,0.46363636365176675,0.81111111107940159,0.46923076917674417,0.39642021608503719,0.55252525246965523,0.53775905310726435,0.39090909092684067,0.25999999999999995,0.50677966098308802,0.39090909093984094,0.10000000000000001,0.27142857151014455,0.39642021608503719,0.38199363008550624
