Material compositions,main_element,Density_composition_average,IsBoron_composition_average,IsDBlock_composition_average,IsTransitionMetal_composition_average,NdValence_composition_average,NValance_composition_average,HeatVaporization_max_value,BoilingT_difference,HeatVaporization_difference,MeltingT_difference,NdValence_difference,NsUnfilled_difference,valence_difference,Site1_Density,Site1_HeatCapacityMass,Site1_HeatFusion,Site1_IsDBlock,Site1_IsTransitionMetal,Site1_NdValence,Site1_SpecificHeatCapacity,Trg
0.10000000000000001,0.90000000000000002,0.44257057316957887,0.10000000000000002,0.90000000000000013,0.90000000000000013,0.5715789474663231,0.3089461405456132,0.70469921672107039,0.49704579017470069,0.48144526177888286,0.28252418049187455,0.74000000006014355,0.90000000000000002,0.49999999999999994,0.46601842378435249,0.15000000000000005,0.2903830480368732,0.90000000000000002,0.90000000000000002,0.90000000000000002,0.15044195640069469,0.6350537634408604
0.10136986301369863,0.2846153846153846,0.46274378584866094,0.10000000000000002,0.90000000000000013,0.90000000000000013,0.67263157904164461,0.35154681000567578,0.70469921672107039,0.49704579017470069,0.48144526177888286,0.28252418049187455,0.74000000006014355,0.90000000000000002,0.49999999999999994,0.46601842378435249,0.15000000000000005,0.2903830480368732,0.90000000000000002,0.90000000000000002,0.90000000000000002,0.15044195640069469,0.76236559139784954
0.10273972602739727,0.2846153846153846,0.46946819003531026,0.10000000000000002,0.90000000000000013,0.90000000000000013,0.70631578945192852,0.36574703315902996,0.70469921672107039,0.49704579017470069,0.48144526177888286,0.28252418049187455,0.74000000006014355,0.90000000000000002,0.49999999999999994,0.46601842378435249,0.15000000000000005,0.2903830480368732,0.90000000000000002,0.90000000000000002,0.90000000000000002,0.15044195640069469,0.76408602150537641
0.10410958904109589,0.2846153846153846,0.47150867964811166,0.10000000000000002,0.90000000000000013,0.90000000000000013,0.67263157904164461,0.35154681000567578,0.70469921672107039,0.49704579017470069,0.48144526177888286,0.28252418049187455,0.74000000006014355,0.90000000000000002,0.49999999999999994,0.46601842378435249,0.15000000000000005,0.2903830480368732,0.90000000000000002,0.90000000000000002,0.90000000000000002,0.15044195640069469,0.7090322580645162
0.10547945205479453,0.19230769230769232,0.27101033688645582,0.10000000000000002,0.3799999998462178,0.3799999998462178,0.39473684212339327,0.2278020082825688,0.2516147308912603,0.21180547662947921,0.19999711525330383,0.10079916315430579,0.89999999999999991,0.90000000000000002,0.099999999999999978,0.46601842378435249,0.15000000000000005,0.2903830480368732,0.90000000000000002,0.90000000000000002,0.90000000000000002,0.15044195640069469,0.60236559139784962
0.10684931506849316,0.90000000000000002,0.38059942384403739,0.21888268158284502,0.79359999992003327,0.79359999992003327,0.3584421052306328,0.22991175568958422,0.70469921672107039,0.43214407449743431,0.43509303330816496,0.3533817531332048,0.49999999984964089,0.10000000000000003,0.2999999999004746,0.14708290688662687,0.4622641508592063,0.27114914425862102,0.099999999999999978,0.099999999999999978,0.099999999999999978,0.46393635823854029,0.7021505376344086
0.10821917808219178,0.90000000000000002,0.37519790447596296,0.23765363129453215,0.77679999993438631,0.77679999993438631,0.35195789466809335,0.22763972002799984,0.70469921672107039,0.43214407449743431,0.43509303330816496,0.3533817531332048,0.49999999984964089,0.10000000000000003,0.2999999999004746,0.14708290688662687,0.4622641508592063,0.27114914425862102,0.099999999999999978,0.099999999999999978,0.099999999999999978,0.46393635823854029,0.68838709677419352
0.10958904109589042,0.19230769230769232,0.10753110941288424,0.23407821232339937,0.099999999999999978,0.099999999999999978,0.10000000000000003,0.10608580993681163,0.30516580567681895,0.3483354164450938,0.27758546088054603,0.11773907312642057,0.099999999999999978,0.10000000000000003,0.2999999999004746,0.14708290688662687,0.4622641508592063,0.27114914425862102,0.099999999999999978,0.099999999999999978,0.099999999999999978,0.46393635823854029,0.65397849462365609
0.11095890410958904,0.90000000000000002,0.37147304784744961,0.25106145254952006,0.76479999994463843,0.76479999994463843,0.34774736836680786,0.22621969770290254,0.70469921672107039,0.43214407449743431,0.43509303330816496,0.3533817531332048,0.49999999984964089,0.10000000000000003,0.2999999999004746,0.14708290688662687,0.4622641508592063,0.27114914425862102,0.099999999999999978,0.099999999999999978,0.099999999999999978,0.46393635823854029,0.70043010752688173
0.11232876712328768,0.77692307692307694,0.15732352237009173,0.26089385472013521,0.099999999999999978,0.099999999999999978,0.10000000000000003,0.10730297184607887,0.30516580567681895,0.29525053962181153,0.26685417574290116,0.10000000000000003,0.099999999999999978,0.10000000000000003,0.2999999999004746,0.14708290688662687,0.4622641508592063,0.27114914425862102,0.099999999999999978,0.099999999999999978,0.099999999999999978,0.46393635823854029,0.62301075268817219
0.11369863013698631,0.90000000000000002,0.36508712489630335,0.27340782123233998,0.74480000004715996,0.74480000004715996,0.34016842105894096,0.22358251337091911,0.70469921672107039,0.43214407449743431,0.43509303330816496,0.3533817531332048,0.49999999984964089,0.10000000000000003,0.2999999999004746,0.14708290688662687,0.4622641508592063,0.27114914425862102,0.099999999999999978,0.099999999999999978,0.099999999999999978,0.46393635823854029,0.7090322580645162
0.11506849315068493,0.19230769230769232,0.11074118198464378,0.27877094968903915,0.099999999999999978,0.099999999999999978,0.10000000000000003,0.10811441321654255,0.30516580567681895,0.3483354164450938,0.27758546088054603,0.11773907312642057,0.099999999999999978,0.10000000000000003,0.2999999999004746,0.14708290688662687,0.4622641508592063,0.27114914425862102,0.099999999999999978,0.099999999999999978,0.099999999999999978,0.46393635823854029,0.74344086021505373
0.11643835616438357,0.90000000000000002,0.35645610494239982,0.28949720671567747,0.73039999980315884,0.73039999980315884,0.32197894731337851,0.21554924428166106,0.70469921672107039,0.43214407449743431,0.43509303330816496,0.3533817531332048,0.49999999984964089,0.10000000000000003,0.2999999999004746,0.14708290688662687,0.4622641508592063,0.27114914425862102,0.099999999999999978,0.099999999999999978,0.099999999999999978,0.46393635823854029,0.70559139784946245
0.11780821917808219,0.90000000000000002,0.35558285361245323,0.29932960888629262,0.72159999998154623,0.72159999998154623,0.32475789482034889,0.21733441527715741,0.70469921672107039,0.43214407449743431,0.43509303330816496,0.3533817531332048,0.49999999984964089,0.10000000000000003,0.2999999999004746,0.14708290688662687,0.4622641508592063,0.27114914425862102,0.099999999999999978,0.099999999999999978,0.099999999999999978,0.46393635823854029,0.71075268817204307
0.11917808219178083,0.90000000000000002,0.35848844376484695,0.29664804465794303,0.72399999997949571,0.72399999997949571,0.33242105255434534,0.22090475707291235,0.70469921672107039,0.43214407449743431,0.43509303330816496,0.3533817531332048,0.49999999984964089,0.10000000000000003,0.2999999999004746,0.14708290688662687,0.4622641508592063,0.27114914425862102,0.099999999999999978,0.099999999999999978,0.099999999999999978,0.46393635823854029,0.72107526881720441
0.12054794520547946,0.90000000000000002,0.35463021567883213,0.31005586591293099,0.71199999998974794,0.71199999998974794,0.32778947360570787,0.21928187442960384,0.70469921672107039,0.43214407449743431,0.43509303330816496,0.3533817531332048,0.49999999984964089,0.10000000000000003,0.2999999999004746,0.14708290688662687,0.4622641508592063,0.27114914425862102,0.099999999999999978,0.099999999999999978,0.099999999999999978,0.46393635823854029,0.73655913978494625
0.12191780821917808,0.19230769230769232,0.11663655011213137,0.36815642453355868,0.099999999999999978,0.099999999999999978,0.10000000000000003,0.1121716197760044,0.30516580567681895,0.3483354164450938,0.27758546088054603,0.11773907312642057,0.099999999999999978,0.10000000000000003,0.2999999999004746,0.14708290688662687,0.4622641508592063,0.27114914425862102,0.099999999999999978,0.099999999999999978,0.099999999999999978,0.46393635823854029,0.71763440860215066
0.12328767123287672,0.77692307692307694,0.15779247212510483,0.36815642453355868,0.099999999999999978,0.099999999999999978,0.10000000000000003,0.1121716197760044,0.30516580567681895,0.29525053962181153,0.26685417574290116,0.10000000000000003,0.099999999999999978,0.10000000000000003,0.2999999999004746,0.14708290688662687,0.4622641508592063,0.27114914425862102,0.099999999999999978,0.099999999999999978,0.099999999999999978,0.46393635823854029,0.67290322580645179
0.12465753424657534,0.19230769230769232,0.11792057914083515,0.38603351950246256,0.099999999999999978,0.099999999999999978,0.10000000000000003,0.11298306114646808,0.30516580567681895,0.3483354164450938,0.27758546088054603,0.11773907312642057,0.099999999999999978,0.10000000000000003,0.2999999999004746,0.14708290688662687,0.4622641508592063,0.27114914425862102,0.099999999999999978,0.099999999999999978,0.099999999999999978,0.46393635823854029,0.72795698924731189
0.12602739726027398,0.19230769230769232,0.11879706853269362,0.41284916201243849,0.099999999999999978,0.099999999999999978,0.10000000000000003,0.11420022315335421,0.30516580567681895,0.27670719230674556,0.2463493437240217,0.11527812056750061,0.099999999999999978,0.10000000000000003,0.2999999999004746,0.14708290688662687,0.4622641508592063,0.27114914425862102,0.099999999999999978,0.099999999999999978,0.099999999999999978,0.46393635823854029,0.90000000000000013
0.12739726027397261,0.5,0.30870496323611751,0.41284916201243849,0.21999999989747848,0.21999999989747848,0.24315789476041119,0.18317273554277533,0.450168305309812,0.26034541520265808,0.21477859505811836,0.25936254974623668,0.66000000009021531,0.10000000000000003,0.099999999999999978,0.14708290688662687,0.4622641508592063,0.27114914425862102,0.099999999999999978,0.099999999999999978,0.099999999999999978,0.46393635823854029,0.65913978494623671
0.12876712328767123,0.77692307692307694,0.15798786783650465,0.41284916201243849,0.099999999999999978,0.099999999999999978,0.10000000000000003,0.11420022315335421,0.30516580567681895,0.29525053962181153,0.26685417574290116,0.10000000000000003,0.099999999999999978,0.10000000000000003,0.2999999999004746,0.14708290688662687,0.4622641508592063,0.27114914425862102,0.099999999999999978,0.099999999999999978,0.099999999999999978,0.46393635823854029,0.56451612903225812
0.13013698630136988,0.5,0.29908591087773528,0.45754189949131824,0.21999999989747848,0.21999999989747848,0.23894736845912568,0.18317273554277533,0.450168305309812,0.26034541520265808,0.21477859505811836,0.25936254974623668,0.66000000009021531,0.10000000000000003,0.099999999999999978,0.14708290688662687,0.4622641508592063,0.27114914425862102,0.099999999999999978,0.099999999999999978,0.099999999999999978,0.46393635823854029,0.56279569892473125
0.13150684931506851,0.10000000000000001,0.18772709692239101,0.85977653634827633,0.21999999989747848,0.21999999989747848,0.13789473688380427,0.15274368595633603,0.44180969845590434,0.23871151002659302,0.20754363192361563,0.2760509583942134,0.58000000012028718,0.10000000000000003,0.099999999999999978,0.14708290688662687,0.4622641508592063,0.27114914425862102,0.099999999999999978,0.099999999999999978,0.099999999999999978,0.46393635823854029,0.54215053763440868
0.13287671232876713,0.10000000000000001,0.18774942787445201,0.85977653634827633,0.21999999989747848,0.21999999989747848,0.14210526318508976,0.15477228923606695,0.44180969845590434,0.23871151002659302,0.20754363192361563,0.2760509583942134,0.66000000009021531,0.10000000000000003,0.099999999999999978,0.14708290688662687,0.4622641508592063,0.27114914425862102,0.099999999999999978,0.099999999999999978,0.099999999999999978,0.46393635823854029,0.45612903225806456
0.13424657534246576,0.10000000000000001,0.1850071884147953,0.87318435760326429,0.2079999999077306,0.2079999999077306,0.13410526322987082,0.15152652394944993,0.44180969845590434,0.23871151002659302,0.20754363192361563,0.2760509583942134,0.58000000012028718,0.10000000000000003,0.099999999999999978,0.14708290688662687,0.4622641508592063,0.27114914425862102,0.099999999999999978,0.099999999999999978,0.099999999999999978,0.46393635823854029,0.47505376344086025
0.13561643835616438,0.10000000000000001,0.18502728631930382,0.87318435760326429,0.2079999999077306,0.2079999999077306,0.13789473688380427,0.15335226691096965,0.44180969845590434,0.23871151002659302,0.20754363192361563,0.2760509583942134,0.66000000009021531,0.10000000000000003,0.099999999999999978,0.14708290688662687,0.4622641508592063,0.27114914425862102,0.099999999999999978,0.099999999999999978,0.099999999999999978,0.46393635823854029,0.42688172043010753
0.13698630136986301,0.10000000000000001,0.18228728002633363,0.88659217874501217,0.19599999991798273,0.19599999991798273,0.13031578940370259,0.15030936194256383,0.44180969845590434,0.23871151002659302,0.20754363192361563,0.2760509583942134,0.58000000012028718,0.10000000000000003,0.099999999999999978,0.14708290688662687,0.4622641508592063,0.27114914425862102,0.099999999999999978,0.099999999999999978,0.099999999999999978,0.46393635823854029,0.45612903225806456
0.13835616438356166,0.10000000000000001,0.18230514476415563,0.88659217874501217,0.19599999991798273,0.19599999991798273,0.13368421058251878,0.15193224458587234,0.44180969845590434,0.23871151002659302,0.20754363192361563,0.2760509583942134,0.66000000009021531,0.10000000000000003,0.099999999999999978,0.14708290688662687,0.4622641508592063,0.27114914425862102,0.099999999999999978,0.099999999999999978,0.099999999999999978,0.46393635823854029,0.38731182795698937
0.13972602739726028,0.10000000000000001,0.17956737151873792,0.90000000000000013,0.1839999999282349,0.1839999999282349,0.12652631574976908,0.1490922000332966,0.44180969845590434,0.23871151002659302,0.20754363192361563,0.2760509583942134,0.58000000012028718,0.10000000000000003,0.099999999999999978,0.14708290688662687,0.4622641508592063,0.27114914425862102,0.099999999999999978,0.099999999999999978,0.099999999999999978,0.46393635823854029,0.38731182795698937
0.14109589041095891,0.10000000000000001,0.17958300320900741,0.90000000000000013,0.1839999999282349,0.1839999999282349,0.12947368428123335,0.15051222226077504,0.44180969845590434,0.23871151002659302,0.20754363192361563,0.2760509583942134,0.66000000009021531,0.10000000000000003,0.099999999999999978,0.14708290688662687,0.4622641508592063,0.27114914425862102,0.099999999999999978,0.099999999999999978,0.099999999999999978,0.46393635823854029,0.35290322580645161
0.14246575342465753,0.19230769230769232,0.44315396887520364,0.10000000000000002,0.3799999998462178,0.3799999998462178,0.39473684212339327,0.4266051323319085,0.3499983335309822,0.33797295753300038,0.28515505552442783,0.12486807933214381,0.89999999999999991,0.90000000000000002,0.2999999999004746,0.82671443191437388,0.10000000000000003,0.33113284434530726,0.90000000000000002,0.90000000000000002,0.90000000000000002,0.10000000000000001,0.59032258064516141
0.14383561643835618,0.13076923076923078,0.74056016052656193,0.10000000000000002,0.76959999994053763,0.76959999994053763,0.80484210531537248,0.69624708389345025,0.44180969845590434,0.23416657192556084,0.25389586039433354,0.21202153039796778,0.89999999999999991,0.90000000000000002,0.49999999999999994,0.82671443191437388,0.10000000000000003,0.33113284434530726,0.90000000000000002,0.90000000000000002,0.90000000000000002,0.10000000000000001,0.78817204301075283
0.14520547945205481,0.13076923076923078,0.7529120174089432,0.10000000000000002,0.73999999979495712,0.73999999979495712,0.77368421061696591,0.72075261179764682,0.39608398603218714,0.10145438009096192,0.15677196023484721,0.15479909268147254,0.89999999999999991,0.90000000000000002,0.49999999999999994,0.82671443191437388,0.10000000000000003,0.33113284434530726,0.90000000000000002,0.90000000000000002,0.90000000000000002,0.10000000000000001,0.63161290322580665
0.14657534246575343,0.13076923076923078,0.90000000000000013,0.10000000000000002,0.72239999989542814,0.72239999989542814,0.87136842101347112,0.89999999999999991,0.39608398603218714,0.10309055786099919,0.12915909417954013,0.18439868845209759,0.099999999999999978,0.90000000000000002,0.2999999999004746,0.82671443191437388,0.10000000000000003,0.33113284434530726,0.90000000000000002,0.90000000000000002,0.90000000000000002,0.10000000000000001,0.51806451612903237
0.14794520547945206,0.13076923076923078,0.89208669658800788,0.10000000000000002,0.71599999981546136,0.71599999981546136,0.86294736841090014,0.89237245154716427,0.39608398603218714,0.10309055786099919,0.12915909417954013,0.18439868845209759,0.099999999999999978,0.90000000000000002,0.2999999999004746,0.82671443191437388,0.10000000000000003,0.33113284434530726,0.90000000000000002,0.90000000000000002,0.90000000000000002,0.10000000000000001,0.52322580645161298
0.14931506849315068,0.90000000000000002,0.29518916188750177,0.10000000000000002,0.65999999994873926,0.65999999994873926,0.21789473678046339,0.15680089251579787,0.70469921672107039,0.44105215316949464,0.42793884316230391,0.20611712434364632,0.099999999999999978,0.10000000000000003,0.49999999999999994,0.11220061424051231,0.90000000000000013,0.17938060307207632,0.099999999999999978,0.099999999999999978,0.099999999999999978,0.90000000000000002,0.47333333333333338
0.15068493150684931,0.90000000000000002,0.28868108859045893,0.10000000000000002,0.64000000005126079,0.64000000005126079,0.21368421047917791,0.15477228923606695,0.70469921672107039,0.44105215316949464,0.42793884316230391,0.20611712434364632,0.099999999999999978,0.10000000000000003,0.49999999999999994,0.11220061424051231,0.90000000000000013,0.17938060307207632,0.099999999999999978,0.099999999999999978,0.099999999999999978,0.90000000000000002,0.56967741935483884
0.15205479452054796,0.90000000000000002,0.26915686881846435,0.10000000000000002,0.57999999984621786,0.57999999984621786,0.20105263157532144,0.14868647929925533,0.70469921672107039,0.44105215316949464,0.42793884316230391,0.20611712434364632,0.099999999999999978,0.10000000000000003,0.49999999999999994,0.11220061424051231,0.90000000000000013,0.17938060307207632,0.099999999999999978,0.099999999999999978,0.099999999999999978,0.90000000000000002,0.51462365591397863
0.15342465753424658,0.90000000000000002,0.25614072234351265,0.10000000000000002,0.54000000005126081,0.54000000005126081,0.19263157897275052,0.14462927273979348,0.70469921672107039,0.44105215316949464,0.42793884316230391,0.20611712434364632,0.099999999999999978,0.10000000000000003,0.49999999999999994,0.11220061424051231,0.90000000000000013,0.17938060307207632,0.099999999999999978,0.099999999999999978,0.099999999999999978,0.90000000000000002,0.50258064516129042
0.15479452054794521,0.16153846153846155,0.24312457574942695,0.10000000000000002,0.5,0.5,0.18421052637017948,0.14057206608271278,0.70469921672107039,0.44105215316949464,0.42793884316230391,0.20611712434364632,0.099999999999999978,0.10000000000000003,0.49999999999999994,0.11220061424051231,0.90000000000000013,0.17938060307207632,0.099999999999999978,0.099999999999999978,0.099999999999999978,0.90000000000000002,0.50086021505376355
0.15616438356164383,0.19230769230769232,0.2429570937281034,0.10000000000000002,0.3799999998462178,0.3799999998462178,0.39473684212339327,0.2278020082825688,0.31809698375294587,0.42250880570535748,0.28877830662564508,0.17480167818162221,0.099999999999999978,0.10000000000000003,0.099999999999999978,0.10000000000000003,0.34433962253326522,0.20040749798084445,0.099999999999999978,0.099999999999999978,0.099999999999999978,0.34466705957604366,0.72623655913978502
0.15753424657534248,0.19230769230769232,0.22290949259479753,0.10000000000000002,0.34000000005126069,0.34000000005126069,0.35263157893830355,0.20954457856975278,0.31809698375294587,0.42250880570535748,0.28877830662564508,0.17480167818162221,0.099999999999999978,0.10000000000000003,0.099999999999999978,0.10000000000000003,0.34433962253326522,0.20040749798084445,0.099999999999999978,0.099999999999999978,0.099999999999999978,0.34466705957604366,0.69526881720430111
0.15890410958904111,0.19230769230769232,0.24644183686725255,0.10000000000000002,0.38800000001025214,0.38800000001025214,0.40315789472596425,0.23145349420560823,0.31809698375294587,0.42250880570535748,0.28877830662564508,0.17480167818162221,0.099999999999999978,0.10000000000000003,0.099999999999999978,0.10000000000000003,0.34433962253326522,0.20040749798084445,0.099999999999999978,0.099999999999999978,0.099999999999999978,0.34466705957604366,0.6780645161290324
0.16027397260273973,0.19230769230769232,0.22238471545963187,0.10000000000000002,0.34000000005126069,0.34000000005126069,0.35263157893830355,0.20954457856975278,0.31809698375294587,0.42250880570535748,0.28877830662564508,0.17480167818162221,0.099999999999999978,0.10000000000000003,0.099999999999999978,0.10000000000000003,0.34433962253326522,0.20040749798084445,0.099999999999999978,0.099999999999999978,0.099999999999999978,0.34466705957604366,0.73139784946236563
0.16164383561643836,0.19230769230769232,0.20233711432632601,0.10000000000000002,0.29999999999999999,0.29999999999999999,0.31052631575321388,0.19128714875931788,0.31809698375294587,0.42250880570535748,0.28877830662564508,0.17480167818162221,0.099999999999999978,0.10000000000000003,0.099999999999999978,0.10000000000000003,0.34433962253326522,0.20040749798084445,0.099999999999999978,0.099999999999999978,0.099999999999999978,0.34466705957604366,0.6780645161290324
0.16301369863013698,0.19230769230769232,0.22212232689204905,0.10000000000000002,0.34000000005126069,0.34000000005126069,0.35263157893830355,0.20954457856975278,0.31809698375294587,0.42250880570535748,0.28877830662564508,0.17480167818162221,0.099999999999999978,0.10000000000000003,0.099999999999999978,0.10000000000000003,0.34433962253326522,0.20040749798084445,0.099999999999999978,0.099999999999999978,0.099999999999999978,0.34466705957604366,0.73655913978494625
0.16438356164383561,0.19230769230769232,0.23125679780514866,0.10000000000000002,0.37199999993848709,0.37199999993848709,0.38631578952082229,0.22699056700972398,0.31809698375294587,0.45577775250354491,0.30297129672493023,0.22893793555352504,0.099999999999999978,0.10000000000000003,0.099999999999999978,0.10000000000000003,0.34433962253326522,0.20040749798084445,0.099999999999999978,0.099999999999999978,0.099999999999999978,0.34466705957604366,0.71591397849462368
0.16575342465753426,0.19230769230769232,0.2470492384297367,0.10000000000000002,0.41999999989747849,0.41999999989747849,0.436842105308483,0.25214524793219645,0.31809698375294587,0.45577775250354491,0.30297129672493023,0.22893793555352504,0.099999999999999978,0.10000000000000003,0.099999999999999978,0.10000000000000003,0.34433962253326522,0.20040749798084445,0.099999999999999978,0.099999999999999978,0.099999999999999978,0.34466705957604366,0.68494623655913978
0.16712328767123288,0.19230769230769232,0.23197027138992257,0.10000000000000002,0.3799999998462178,0.3799999998462178,0.39473684212339327,0.23185921493964951,0.31809698375294587,0.45577775250354491,0.30297129672493023,0.22893793555352504,0.099999999999999978,0.10000000000000003,0.099999999999999978,0.10000000000000003,0.34433962253326522,0.20040749798084445,0.099999999999999978,0.099999999999999978,0.099999999999999978,0.34466705957604366,0.71935483870967754
0.16849315068493151,0.19230769230769232,0.22185993844360025,0.10000000000000002,0.34000000005126069,0.34000000005126069,0.35263157893830355,0.20954457856975278,0.31809698375294587,0.42250880570535748,0.28877830662564508,0.17480167818162221,0.099999999999999978,0.10000000000000003,0.099999999999999978,0.10000000000000003,0.34433962253326522,0.20040749798084445,0.099999999999999978,0.099999999999999978,0.099999999999999978,0.34466705957604366,0.71591397849462368
0.16986301369863016,0.19230769230769232,0.2168913042309745,0.10000000000000002,0.34000000005126069,0.34000000005126069,0.35263157893830355,0.2115731818494837,0.31809698375294587,0.45577775250354491,0.30297129672493023,0.22893793555352504,0.099999999999999978,0.10000000000000003,0.099999999999999978,0.10000000000000003,0.34433962253326522,0.20040749798084445,0.099999999999999978,0.099999999999999978,0.099999999999999978,0.34466705957604366,0.76580645161290328
0.17123287671232879,0.19230769230769232,0.21183613775781332,0.10000000000000002,0.31999999989747846,0.31999999989747846,0.3315789474318761,0.20041586366453534,0.31809698375294587,0.42250880570535748,0.28877830662564508,0.17480167818162221,0.099999999999999978,0.10000000000000003,0.099999999999999978,0.10000000000000003,0.34433962253326522,0.20040749798084445,0.099999999999999978,0.099999999999999978,0.099999999999999978,0.34466705957604366,0.75376344086021518
0.17260273972602741,0.19230769230769232,0.20181233719116035,0.10000000000000002,0.29999999999999999,0.29999999999999999,0.31052631575321388,0.19128714875931788,0.31809698375294587,0.42250880570535748,0.28877830662564508,0.17480167818162221,0.099999999999999978,0.10000000000000003,0.099999999999999978,0.10000000000000003,0.34433962253326522,0.20040749798084445,0.099999999999999978,0.099999999999999978,0.099999999999999978,0.34466705957604366,0.76752688172043015
0.17397260273972603,0.19230769230769232,0.18690643491068504,0.10000000000000002,0.29999999999999999,0.29999999999999999,0.31052631575321388,0.19737295869612953,0.31809698375294587,0.45577775250354491,0.30297129672493023,0.22893793555352504,0.099999999999999978,0.10000000000000003,0.099999999999999978,0.10000000000000003,0.34433962253326522,0.20040749798084445,0.099999999999999978,0.099999999999999978,0.099999999999999978,0.34466705957604366,0.6281720430107528
0.17534246575342466,0.19230769230769232,0.19929452377588996,0.10000000000000002,0.25999999994873924,0.25999999994873924,0.2684210525681241,0.17302971904650186,0.2516147308912603,0.28343370061875628,0.23123323240982813,0.14592838081656942,0.099999999999999978,0.10000000000000003,0.099999999999999978,0.10000000000000003,0.34433962253326522,0.20040749798084445,0.099999999999999978,0.099999999999999978,0.099999999999999978,0.34466705957604366,0.76408602150537641
0.17671232876712328,0.19230769230769232,0.18176473605785448,0.10000000000000002,0.25999999994873924,0.25999999994873924,0.2684210525681241,0.17302971904650186,0.31809698375294587,0.42250880570535748,0.28877830662564508,0.17480167818162221,0.099999999999999978,0.10000000000000003,0.099999999999999978,0.10000000000000003,0.34433962253326522,0.20040749798084445,0.099999999999999978,0.099999999999999978,0.099999999999999978,0.34466705957604366,0.66258064516129045
0.17808219178082191,0.19230769230769232,0.19748795065957303,0.10000000000000002,0.29200000009226929,0.29200000009226929,0.30210526315064284,0.18763566283627844,0.31809698375294587,0.42250880570535748,0.28877830662564508,0.17480167818162221,0.099999999999999978,0.10000000000000003,0.099999999999999978,0.10000000000000003,0.34433962253326522,0.20040749798084445,0.099999999999999978,0.099999999999999978,0.099999999999999978,0.34466705957604366,0.78301075268817222
0.17945205479452056,0.19230769230769232,0.24138276244174051,0.10000000000000002,0.3799999998462178,0.3799999998462178,0.39473684212339327,0.2278020082825688,0.31809698375294587,0.42250880570535748,0.28877830662564508,0.17480167818162221,0.099999999999999978,0.10000000000000003,0.099999999999999978,0.10000000000000003,0.34433962253326522,0.20040749798084445,0.099999999999999978,0.099999999999999978,0.099999999999999978,0.34466705957604366,0.60408602150537649
0.18082191780821918,0.19230769230769232,0.2264422472093974,0.10000000000000002,0.37199999993848709,0.37199999993848709,0.38631578952082229,0.22861344965303249,0.31809698375294587,0.45577775250354491,0.30297129672493023,0.22893793555352504,0.099999999999999978,0.10000000000000003,0.099999999999999978,0.10000000000000003,0.34433962253326522,0.20040749798084445,0.099999999999999978,0.099999999999999978,0.099999999999999978,0.34466705957604366,0.62645161290322593
0.18219178082191781,0.19230769230769232,0.22133516130843461,0.10000000000000002,0.34000000005126069,0.34000000005126069,0.35263157893830355,0.20954457856975278,0.31809698375294587,0.42250880570535748,0.28877830662564508,0.17480167818162221,0.099999999999999978,0.10000000000000003,0.099999999999999978,0.10000000000000003,0.34433962253326522,0.20040749798084445,0.099999999999999978,0.099999999999999978,0.099999999999999978,0.34466705957604366,0.68322580645161313
0.18356164383561646,0.19230769230769232,0.191523356747484,0.10000000000000002,0.34000000005126069,0.34000000005126069,0.35263157893830355,0.22171619834575718,0.1236893850435703,0.19344392684441741,0.13469782195587121,0.1718753304983234,0.099999999999999978,0.10000000000000003,0.099999999999999978,0.10000000000000003,0.34433962253326522,0.20040749798084445,0.099999999999999978,0.099999999999999978,0.099999999999999978,0.34466705957604366,0.67290322580645179
0.18493150684931509,0.19230769230769232,0.18247597647594191,0.10000000000000002,0.31600000007176499,0.31600000007176499,0.32736842113059061,0.20954457856975278,0.1236893850435703,0.19344392684441741,0.13469782195587121,0.1718753304983234,0.099999999999999978,0.10000000000000003,0.099999999999999978,0.10000000000000003,0.34433962253326522,0.20040749798084445,0.099999999999999978,0.099999999999999978,0.099999999999999978,0.34466705957604366,0.71419354838709681
0.18630136986301371,0.19230769230769232,0.20128756005599474,0.10000000000000002,0.29999999999999999,0.29999999999999999,0.31052631575321388,0.19128714875931788,0.31809698375294587,0.42250880570535748,0.28877830662564508,0.17480167818162221,0.099999999999999978,0.10000000000000003,0.099999999999999978,0.10000000000000003,0.34433962253326522,0.20040749798084445,0.099999999999999978,0.099999999999999978,0.099999999999999978,0.34466705957604366,0.66946236559139805
0.18767123287671234,0.19230769230769232,0.17644438958853587,0.10000000000000002,0.29999999999999999,0.29999999999999999,0.31052631575321388,0.20143016535321023,0.1236893850435703,0.19344392684441741,0.13469782195587121,0.1718753304983234,0.099999999999999978,0.10000000000000003,0.099999999999999978,0.10000000000000003,0.34433962253326522,0.20040749798084445,0.099999999999999978,0.099999999999999978,0.099999999999999978,0.34466705957604366,0.65569892473118296
0.18904109589041096,0.19230769230769232,0.19876974664072433,0.10000000000000002,0.25999999994873924,0.25999999994873924,0.2684210525681241,0.17302971904650186,0.2516147308912603,0.28343370061875628,0.23123323240982813,0.14592838081656942,0.099999999999999978,0.10000000000000003,0.099999999999999978,0.10000000000000003,0.34433962253326522,0.20040749798084445,0.099999999999999978,0.099999999999999978,0.099999999999999978,0.34466705957604366,0.7778494623655916
0.19041095890410958,0.19230769230769232,0.18123995892268888,0.10000000000000002,0.25999999994873924,0.25999999994873924,0.2684210525681241,0.17302971904650186,0.31809698375294587,0.42250880570535748,0.28877830662564508,0.17480167818162221,0.099999999999999978,0.10000000000000003,0.099999999999999978,0.10000000000000003,0.34433962253326522,0.20040749798084445,0.099999999999999978,0.099999999999999978,0.099999999999999978,0.34466705957604366,0.74172043010752686
0.19178082191780821,0.19230769230769232,0.16136542254872177,0.10000000000000002,0.25999999994873924,0.25999999994873924,0.2684210525681241,0.18114413226304441,0.1236893850435703,0.19344392684441741,0.13469782195587121,0.1718753304983234,0.099999999999999978,0.10000000000000003,0.099999999999999978,0.10000000000000003,0.34433962253326522,0.20040749798084445,0.099999999999999978,0.099999999999999978,0.099999999999999978,0.34466705957604366,0.57483870967741946
0.19315068493150686,0.19230769230769232,0.19696317364354138,0.10000000000000002,0.29200000009226929,0.29200000009226929,0.30210526315064284,0.18763566283627844,0.31809698375294587,0.42250880570535748,0.28877830662564508,0.17480167818162221,0.099999999999999978,0.10000000000000003,0.099999999999999978,0.10000000000000003,0.34433962253326522,0.20040749798084445,0.099999999999999978,0.099999999999999978,0.099999999999999978,0.34466705957604366,0.71763440860215066
0.19452054794520549,0.19230769230769232,0.16549664641646181,0.36815642453355868,0.18000000010252143,0.18000000010252143,0.18421052637017948,0.14868647929925533,0.30516580567681895,0.27670719230674556,0.2463493437240217,0.14346742825764949,0.099999999999999978,0.10000000000000003,0.2999999999004746,0.10000000000000003,0.34433962253326522,0.20040749798084445,0.099999999999999978,0.099999999999999978,0.099999999999999978,0.34466705957604366,0.67290322580645179
0.19589041095890411,0.19230769230769232,0.19099857961231834,0.10000000000000002,0.34000000005126069,0.34000000005126069,0.35263157893830355,0.22171619834575718,0.1236893850435703,0.19344392684441741,0.13469782195587121,0.1718753304983234,0.099999999999999978,0.10000000000000003,0.099999999999999978,0.10000000000000003,0.34433962253326522,0.20040749798084445,0.099999999999999978,0.099999999999999978,0.099999999999999978,0.34466705957604366,0.69870967741935486
0.19726027397260276,0.19230769230769232,0.20878182346945864,0.10000000000000002,0.31600000007176499,0.31600000007176499,0.32736842113059061,0.19859012070301563,0.31809698375294587,0.42250880570535748,0.28877830662564508,0.17480167818162221,0.099999999999999978,0.10000000000000003,0.099999999999999978,0.10000000000000003,0.34433962253326522,0.20040749798084445,0.099999999999999978,0.099999999999999978,0.099999999999999978,0.34466705957604366,0.68322580645161313
0.19863013698630139,0.19230769230769232,0.20076278303996309,0.10000000000000002,0.29999999999999999,0.29999999999999999,0.31052631575321388,0.19128714875931788,0.31809698375294587,0.42250880570535748,0.28877830662564508,0.17480167818162221,0.099999999999999978,0.10000000000000003,0.099999999999999978,0.10000000000000003,0.34433962253326522,0.20040749798084445,0.099999999999999978,0.099999999999999978,0.099999999999999978,0.34466705957604366,0.70731182795698933
0.20000000000000001,0.19230769230769232,0.17591961257250424,0.10000000000000002,0.29999999999999999,0.29999999999999999,0.31052631575321388,0.20143016535321023,0.1236893850435703,0.19344392684441741,0.13469782195587121,0.1718753304983234,0.099999999999999978,0.10000000000000003,0.099999999999999978,0.10000000000000003,0.34433962253326522,0.20040749798084445,0.099999999999999978,0.099999999999999978,0.099999999999999978,0.34466705957604366,0.71935483870967754
0.20136986301369864,0.19230769230769232,0.16838012899303018,0.10000000000000002,0.27999999984621776,0.27999999984621776,0.28947368424678638,0.19128714875931788,0.1236893850435703,0.19344392684441741,0.13469782195587121,0.1718753304983234,0.099999999999999978,0.10000000000000003,0.099999999999999978,0.10000000000000003,0.34433962253326522,0.20040749798084445,0.099999999999999978,0.099999999999999978,0.099999999999999978,0.34466705957604366,0.72967741935483876
0.20273972602739726,0.19230769230769232,0.19824496962469271,0.10000000000000002,0.25999999994873924,0.25999999994873924,0.2684210525681241,0.17302971904650186,0.2516147308912603,0.28343370061875628,0.23123323240982813,0.14592838081656942,0.099999999999999978,0.10000000000000003,0.099999999999999978,0.10000000000000003,0.34433962253326522,0.20040749798084445,0.099999999999999978,0.099999999999999978,0.099999999999999978,0.34466705957604366,0.75204301075268831
0.20410958904109588,0.19230769230769232,0.18071518178752322,0.10000000000000002,0.25999999994873924,0.25999999994873924,0.2684210525681241,0.17302971904650186,0.31809698375294587,0.42250880570535748,0.28877830662564508,0.17480167818162221,0.099999999999999978,0.10000000000000003,0.099999999999999978,0.10000000000000003,0.34433962253326522,0.20040749798084445,0.099999999999999978,0.099999999999999978,0.099999999999999978,0.34466705957604366,0.69870967741935486
0.20547945205479451,0.19230769230769232,0.16084064541355614,0.10000000000000002,0.25999999994873924,0.25999999994873924,0.2684210525681241,0.18114413226304441,0.1236893850435703,0.19344392684441741,0.13469782195587121,0.1718753304983234,0.099999999999999978,0.10000000000000003,0.099999999999999978,0.10000000000000003,0.34433962253326522,0.20040749798084445,0.099999999999999978,0.099999999999999978,0.099999999999999978,0.34466705957604366,0.7021505376344086
0.20684931506849316,0.19230769230769232,0.16066758065421735,0.10000000000000002,0.21999999989747848,0.21999999989747848,0.2263157893830344,0.15477228923606695,0.31809698375294587,0.42250880570535748,0.28877830662564508,0.17480167818162221,0.099999999999999978,0.10000000000000003,0.099999999999999978,0.10000000000000003,0.34433962253326522,0.20040749798084445,0.099999999999999978,0.099999999999999978,0.099999999999999978,0.34466705957604366,0.7090322580645162
0.20821917808219179,0.19230769230769232,0.14576167837374202,0.10000000000000002,0.21999999989747848,0.21999999989747848,0.2263157893830344,0.16085809917287858,0.1236893850435703,0.19344392684441741,0.13469782195587121,0.1718753304983234,0.099999999999999978,0.10000000000000003,0.099999999999999978,0.10000000000000003,0.34433962253326522,0.20040749798084445,0.099999999999999978,0.099999999999999978,0.099999999999999978,0.34466705957604366,0.58860215053763454
0.20958904109589041,0.19230769230769232,0.16057825684597332,0.10000000000000002,0.25999999994873924,0.25999999994873924,0.2684210525681241,0.18114413226304441,0.1236893850435703,0.19344392684441741,0.13469782195587121,0.1718753304983234,0.099999999999999978,0.10000000000000003,0.099999999999999978,0.10000000000000003,0.34433962253326522,0.20040749798084445,0.099999999999999978,0.099999999999999978,0.099999999999999978,0.34466705957604366,0.72451612903225815
0.21095890410958906,0.19230769230769232,0.13744340325810939,0.38603351950246256,0.14000000005126068,0.14000000005126068,0.14210526318508976,0.1312404908592841,0.31809698375294587,0.3508805817160805,0.25754218946912072,0.17234072562270222,0.099999999999999978,0.10000000000000003,0.2999999999004746,0.10000000000000003,0.34433962253326522,0.20040749798084445,0.099999999999999978,0.099999999999999978,0.099999999999999978,0.34466705957604366,0.77612903225806473
0.21232876712328769,0.19230769230769232,0.24033320829054325,0.10000000000000002,0.3799999998462178,0.3799999998462178,0.39473684212339327,0.2278020082825688,0.31809698375294587,0.3508805817160805,0.25754218946912072,0.12967246051935855,0.099999999999999978,0.10000000000000003,0.099999999999999978,0.10000000000000003,0.34433962253326522,0.20040749798084445,0.099999999999999978,0.099999999999999978,0.099999999999999978,0.34466705957604366,0.44580645161290333
0.21369863013698631,0.19230769230769232,0.18140185820599714,0.41284916201243849,0.099999999999999978,0.099999999999999978,0.39473684212339327,0.25620245458927715,0.2588535243722862,0.21944097259151057,0.20626280106346467,0.26348999276437973,0.099999999999999978,0.10000000000000003,0.2999999999004746,0.10000000000000003,0.34433962253326522,0.20040749798084445,0.099999999999999978,0.099999999999999978,0.099999999999999978,0.34466705957604366,0.69182795698924737
0.21506849315068494,0.19230769230769232,0.20023800590479746,0.10000000000000002,0.29999999999999999,0.29999999999999999,0.31052631575321388,0.19128714875931788,0.31809698375294587,0.42250880570535748,0.28877830662564508,0.17480167818162221,0.099999999999999978,0.10000000000000003,0.099999999999999978,0.10000000000000003,0.34433962253326522,0.20040749798084445,0.099999999999999978,0.099999999999999978,0.099999999999999978,0.34466705957604366,0.65569892473118296
0.21643835616438356,0.19230769230769232,0.17539483543733861,0.10000000000000002,0.29999999999999999,0.29999999999999999,0.31052631575321388,0.20143016535321023,0.1236893850435703,0.19344392684441741,0.13469782195587121,0.1718753304983234,0.099999999999999978,0.10000000000000003,0.099999999999999978,0.10000000000000003,0.34433962253326522,0.20040749798084445,0.099999999999999978,0.099999999999999978,0.099999999999999978,0.34466705957604366,0.70043010752688173
0.21780821917808219,0.19230769230769232,0.19772019248952707,0.10000000000000002,0.25999999994873924,0.25999999994873924,0.2684210525681241,0.17302971904650186,0.2516147308912603,0.28343370061875628,0.23123323240982813,0.14592838081656942,0.099999999999999978,0.10000000000000003,0.099999999999999978,0.10000000000000003,0.34433962253326522,0.20040749798084445,0.099999999999999978,0.099999999999999978,0.099999999999999978,0.34466705957604366,0.72107526881720441
0.21917808219178081,0.19230769230769232,0.18019040477149156,0.10000000000000002,0.25999999994873924,0.25999999994873924,0.2684210525681241,0.17302971904650186,0.31809698375294587,0.42250880570535748,0.28877830662564508,0.17480167818162221,0.099999999999999978,0.10000000000000003,0.099999999999999978,0.10000000000000003,0.34433962253326522,0.20040749798084445,0.099999999999999978,0.099999999999999978,0.099999999999999978,0.34466705957604366,0.68322580645161313
0.22054794520547946,0.19230769230769232,0.16031586839752449,0.10000000000000002,0.25999999994873924,0.25999999994873924,0.2684210525681241,0.18114413226304441,0.1236893850435703,0.19344392684441741,0.13469782195587121,0.1718753304983234,0.099999999999999978,0.10000000000000003,0.099999999999999978,0.10000000000000003,0.34433962253326522,0.20040749798084445,0.099999999999999978,0.099999999999999978,0.099999999999999978,0.34466705957604366,0.73999999999999999
0.22191780821917809,0.19230769230769232,0.16014280351905169,0.10000000000000002,0.21999999989747848,0.21999999989747848,0.2263157893830344,0.15477228923606695,0.31809698375294587,0.42250880570535748,0.28877830662564508,0.17480167818162221,0.099999999999999978,0.10000000000000003,0.099999999999999978,0.10000000000000003,0.34433962253326522,0.20040749798084445,0.099999999999999978,0.099999999999999978,0.099999999999999978,0.34466705957604366,0.69354838709677424
0.22328767123287674,0.19230769230769232,0.14523690123857638,0.10000000000000002,0.21999999989747848,0.21999999989747848,0.2263157893830344,0.16085809917287858,0.1236893850435703,0.19344392684441741,0.13469782195587121,0.1718753304983234,0.099999999999999978,0.10000000000000003,0.099999999999999978,0.10000000000000003,0.34433962253326522,0.20040749798084445,0.099999999999999978,0.099999999999999978,0.099999999999999978,0.34466705957604366,0.69526881720430111
0.22465753424657536,0.19230769230769232,0.14009520238574583,0.10000000000000002,0.18000000010252143,0.18000000010252143,0.18421052637017948,0.13651485952325093,0.31809698375294587,0.42250880570535748,0.28877830662564508,0.17480167818162221,0.099999999999999978,0.10000000000000003,0.099999999999999978,0.10000000000000003,0.34433962253326522,0.20040749798084445,0.099999999999999978,0.099999999999999978,0.099999999999999978,0.34466705957604366,0.72451612903225815
0.22602739726027399,0.19230769230769232,0.13015793419876229,0.10000000000000002,0.18000000010252143,0.18000000010252143,0.18421052637017948,0.14057206608271278,0.1236893850435703,0.19344392684441741,0.13469782195587121,0.1718753304983234,0.099999999999999978,0.10000000000000003,0.099999999999999978,0.10000000000000003,0.34433962253326522,0.20040749798084445,0.099999999999999978,0.099999999999999978,0.099999999999999978,0.34466705957604366,0.59376344086021515
0.22739726027397261,0.19230769230769232,0.10000000000000003,0.10000000000000002,0.099999999999999978,0.099999999999999978,0.10000000000000003,0.10000000000000001,0.1236893850435703,0.16017498004623004,0.12050483201887957,0.11773907312642057,0.099999999999999978,0.10000000000000003,0.099999999999999978,0.10000000000000003,0.34433962253326522,0.20040749798084445,0.099999999999999978,0.099999999999999978,0.099999999999999978,0.34466705957604366,0.43204301075268825
0.22876712328767124,0.19230769230769232,0.22028560715723733,0.10000000000000002,0.34000000005126069,0.34000000005126069,0.35263157893830355,0.20954457856975278,0.31809698375294587,0.42250880570535748,0.28877830662564508,0.17480167818162221,0.099999999999999978,0.10000000000000003,0.099999999999999978,0.10000000000000003,0.34433962253326522,0.20040749798084445,0.099999999999999978,0.099999999999999978,0.099999999999999978,0.34466705957604366,0.63161290322580665
0.23013698630136986,0.19230769230769232,0.20555276963610083,0.10000000000000002,0.3799999998462178,0.3799999998462178,0.39473684212339327,0.24200223143592298,0.1236893850435703,0.19344392684441741,0.13469782195587121,0.1718753304983234,0.099999999999999978,0.10000000000000003,0.099999999999999978,0.10000000000000003,0.34433962253326522,0.20040749798084445,0.099999999999999978,0.099999999999999978,0.099999999999999978,0.34466705957604366,0.6901075268817205
0.23150684931506851,0.19230769230769232,0.11789824818877415,0.40033519550023372,0.099999999999999978,0.099999999999999978,0.10000000000000003,0.11363221416474395,0.30516580567681895,0.27670719230674556,0.2463493437240217,0.11527812056750061,0.099999999999999978,0.10000000000000003,0.2999999999004746,0.10000000000000003,0.34433962253326522,0.20040749798084445,0.099999999999999978,0.099999999999999978,0.099999999999999978,0.34466705957604366,0.75720430107526893
0.23287671232876714,0.19230769230769232,0.19719541535436144,0.10000000000000002,0.25999999994873924,0.25999999994873924,0.2684210525681241,0.17302971904650186,0.2516147308912603,0.28343370061875628,0.23123323240982813,0.14592838081656942,0.099999999999999978,0.10000000000000003,0.099999999999999978,0.10000000000000003,0.34433962253326522,0.20040749798084445,0.099999999999999978,0.099999999999999978,0.099999999999999978,0.34466705957604366,0.68150537634408626
0.23424657534246576,0.19230769230769232,0.17966562763632596,0.10000000000000002,0.25999999994873924,0.25999999994873924,0.2684210525681241,0.17302971904650186,0.31809698375294587,0.42250880570535748,0.28877830662564508,0.17480167818162221,0.099999999999999978,0.10000000000000003,0.099999999999999978,0.10000000000000003,0.34433962253326522,0.20040749798084445,0.099999999999999978,0.099999999999999978,0.099999999999999978,0.34466705957604366,0.64537634408602162
0.23561643835616439,0.19230769230769232,0.15979109126235885,0.10000000000000002,0.25999999994873924,0.25999999994873924,0.2684210525681241,0.18114413226304441,0.1236893850435703,0.19344392684441741,0.13469782195587121,0.1718753304983234,0.099999999999999978,0.10000000000000003,0.099999999999999978,0.10000000000000003,0.34433962253326522,0.20040749798084445,0.099999999999999978,0.099999999999999978,0.099999999999999978,0.34466705957604366,0.6780645161290324
0.23698630136986301,0.19230769230769232,0.14471212422254473,0.10000000000000002,0.21999999989747848,0.21999999989747848,0.2263157893830344,0.16085809917287858,0.1236893850435703,0.19344392684441741,0.13469782195587121,0.1718753304983234,0.099999999999999978,0.10000000000000003,0.099999999999999978,0.10000000000000003,0.34433962253326522,0.20040749798084445,0.099999999999999978,0.099999999999999978,0.099999999999999978,0.34466705957604366,0.64365591397849475
0.23835616438356166,0.19230769230769232,0.13957042525058017,0.10000000000000002,0.18000000010252143,0.18000000010252143,0.18421052637017948,0.13651485952325093,0.31809698375294587,0.42250880570535748,0.28877830662564508,0.17480167818162221,0.099999999999999978,0.10000000000000003,0.099999999999999978,0.10000000000000003,0.34433962253326522,0.20040749798084445,0.099999999999999978,0.099999999999999978,0.099999999999999978,0.34466705957604366,0.58860215053763454
0.23972602739726029,0.22307692307692309,0.35245964830601556,0.32346368716791896,0.25999999994873924,0.25999999994873924,0.31473684205449931,0.2278020082825688,0.33582736205614433,0.24143847282758391,0.1158084523065217,0.17234072562270222,0.099999999999999978,0.10000000000000003,0.49999999999999994,0.31039918112940018,0.12971698103104751,0.099999999999999978,0.099999999999999978,0.099999999999999978,0.18000000006600569,0.1292280495496545,0.73139784946236563
0.24109589041095891,0.22307692307692309,0.36337110385969146,0.27877094968903915,0.25999999994873924,0.25999999994873924,0.2684210525681241,0.21360178512921463,0.41514747546478892,0.24143847282758391,0.18446559927879597,0.26876447013058219,0.099999999999999978,0.10000000000000003,0.2999999999004746,0.31039918112940018,0.12971698103104751,0.099999999999999978,0.099999999999999978,0.099999999999999978,0.18000000006600569,0.1292280495496545,0.62989247311827967
0.24246575342465754,0.22307692307692309,0.3635944131420335,0.27877094968903915,0.25999999994873924,0.25999999994873924,0.31894736835578485,0.22983061156229972,0.33582736205614433,0.24143847282758391,0.1158084523065217,0.17234072562270222,0.099999999999999978,0.10000000000000003,0.49999999999999994,0.31039918112940018,0.12971698103104751,0.099999999999999978,0.099999999999999978,0.099999999999999978,0.18000000006600569,0.1292280495496545,0.68666666666666665
0.24383561643835616,0.22307692307692309,0.37472917809718548,0.23407821232339937,0.25999999994873924,0.25999999994873924,0.32315789465707029,0.23185921493964951,0.33582736205614433,0.24143847282758391,0.1158084523065217,0.17234072562270222,0.099999999999999978,0.10000000000000003,0.49999999999999994,0.31039918112940018,0.12971698103104751,0.099999999999999978,0.099999999999999978,0.099999999999999978,0.18000000006600569,0.1292280495496545,0.52494623655913986
0.24520547945205481,0.22307692307692309,0.38718705112801405,0.18938547484451956,0.27600000002050423,0.27600000002050423,0.33578947373316159,0.23713358350599745,0.38341943010133106,0.24143847282758391,0.1570027404574276,0.27887153455516578,0.4199999998797127,0.90000000000000002,0.89999999999999991,0.31039918112940018,0.12971698103104751,0.099999999999999978,0.099999999999999978,0.099999999999999978,0.18000000006600569,0.1292280495496545,0.57139784946236571
0.24657534246575344,0.22307692307692309,0.36850163723649154,0.23407821232339937,0.21999999989747848,0.21999999989747848,0.28526315794550089,0.21765899178629533,0.33582736205614433,0.24143847282758391,0.1158084523065217,0.17234072562270222,0.099999999999999978,0.10000000000000003,0.49999999999999994,0.31039918112940018,0.12971698103104751,0.099999999999999978,0.099999999999999978,0.099999999999999978,0.18000000006600569,0.1292280495496545,0.52494623655913986
0.24794520547945206,0.25384615384615383,0.40278923214588025,0.27162011174677358,0.70799999990773066,0.70799999990773066,0.51364210522305453,0.30935186118203561,0.83747708718458136,0.43087149178740536,0.48228761000514958,0.32246588870049586,0.33999999990978452,0.10000000000000003,0.69999999990047457,0.40092118728767379,0.23773584901330611,0.45012224942385354,0.90000000000000002,0.90000000000000002,0.66000000013201132,0.2381261049222233,0.71419354838709681
0.24931506849315069,0.25384615384615383,0.40574685335462646,0.38156424578854664,0.64799999995899149,0.64799999995899149,0.46842105265424155,0.32152348105565887,0.89999999999999991,0.56067492329100932,0.53640559646312136,0.43035292457448837,0.66000000009021531,0.10000000000000003,0.69999999990047457,0.40092118728767379,0.23773584901330611,0.45012224942385354,0.90000000000000002,0.90000000000000002,0.66000000013201132,0.2381261049222233,0.74172043010752686
0.25068493150684934,0.25384615384615383,0.42571462148918843,0.15363128490671174,0.71599999981546136,0.71599999981546136,0.50505263159598968,0.3077289785387271,0.87067155475007785,0.44632428124147216,0.57635367095767154,0.55563351313669584,0.66000000009021531,0.90000000000000002,0.69999999990047457,0.40092118728767379,0.23773584901330611,0.45012224942385354,0.90000000000000002,0.90000000000000002,0.66000000013201132,0.2381261049222233,0.76236559139784954
0.25205479452054796,0.25384615384615383,0.40691330999935749,0.27162011174677358,0.70799999990773066,0.70799999990773066,0.51970526313824195,0.31227304995951471,0.83747708718458136,0.43087149178740536,0.48228761000514958,0.32246588870049586,0.33999999990978452,0.10000000000000003,0.69999999990047457,0.40092118728767379,0.23773584901330611,0.45012224942385354,0.90000000000000002,0.90000000000000002,0.66000000013201132,0.2381261049222233,0.7021505376344086
0.25342465753424659,0.25384615384615383,0.42552927473004287,0.15363128490671174,0.73199999988722642,0.73199999988722642,0.51684210520514218,0.30367177197926526,0.87067155475007785,0.44632428124147216,0.52255877694114705,0.55563351313669584,0.66000000009021531,0.90000000000000002,0.69999999990047457,0.40092118728767379,0.23773584901330611,0.45012224942385354,0.90000000000000002,0.90000000000000002,0.66000000013201132,0.2381261049222233,0.71075268817204307
0.25479452054794521,0.25384615384615383,0.41103738797196876,0.27162011174677358,0.70799999990773066,0.70799999990773066,0.52576842105342947,0.31519423873699381,0.83747708718458136,0.43087149178740536,0.48228761000514958,0.32246588870049586,0.33999999990978452,0.10000000000000003,0.69999999990047457,0.40092118728767379,0.23773584901330611,0.45012224942385354,0.90000000000000002,0.90000000000000002,0.66000000013201132,0.2381261049222233,0.68494623655913978
0.25616438356164384,0.25384615384615383,0.41516146594458003,0.27162011174677358,0.70799999990773066,0.70799999990773066,0.53183157896861688,0.31811542751447286,0.83747708718458136,0.43087149178740536,0.48228761000514958,0.32246588870049586,0.33999999990978452,0.10000000000000003,0.69999999990047457,0.40092118728767379,0.23773584901330611,0.45012224942385354,0.90000000000000002,0.90000000000000002,0.66000000013201132,0.2381261049222233,0.66430107526881743
0.25753424657534246,0.90000000000000002,0.40690806226612874,0.10000000000000002,0.90000000000000013,0.90000000000000013,0.436842105308483,0.25214524793219645,0.70469921672107039,0.35797068508809943,0.42390018756306597,0.25365088312682177,0.74000000006014355,0.90000000000000002,0.49999999999999994,0.40174002043227264,0.22075471686807696,0.36536267310823067,0.90000000000000002,0.90000000000000002,0.90000000000000002,0.22115497936493023,0.43720430107526886
0.25890410958904109,0.90000000000000002,0.41094270480194517,0.10000000000000002,0.90000000000000013,0.90000000000000013,0.45705263152020636,0.26066538188278032,0.70469921672107039,0.35797068508809943,0.42390018756306597,0.25365088312682177,0.74000000006014355,0.90000000000000002,0.49999999999999994,0.40174002043227264,0.22075471686807696,0.36536267310823067,0.90000000000000002,0.90000000000000002,0.90000000000000002,0.22115497936493023,0.53010752688172047
0.26027397260273977,0.90000000000000002,0.41833954949065322,0.10000000000000002,0.90000000000000013,0.90000000000000013,0.49410526310930653,0.2762856273612318,0.70469921672107039,0.35797068508809943,0.42390018756306597,0.25365088312682177,0.74000000006014355,0.90000000000000002,0.49999999999999994,0.40174002043227264,0.22075471686807696,0.36536267310823067,0.90000000000000002,0.90000000000000002,0.90000000000000002,0.22115497936493023,0.56967741935483884
0.26164383561643834,0.90000000000000002,0.41976230945777215,0.17150837987561565,0.83599999996924357,0.83599999996924357,0.5378947368838044,0.29718024140603122,0.70469921672107039,0.49704579017470069,0.48144526177888286,0.3533817531332048,0.89999999999999991,0.90000000000000002,0.49999999999999994,0.40174002043227264,0.22075471686807696,0.36536267310823067,0.90000000000000002,0.90000000000000002,0.90000000000000002,0.22115497936493023,0.73483870967741938
0.26301369863013702,0.2846153846153846,0.46470332581980817,0.10000000000000002,0.90000000000000013,0.90000000000000013,0.67263157904164461,0.35154681000567578,0.70469921672107039,0.49704579017470069,0.48144526177888286,0.28252418049187455,0.74000000006014355,0.90000000000000002,0.49999999999999994,0.40174002043227264,0.22075471686807696,0.36536267310823067,0.90000000000000002,0.90000000000000002,0.90000000000000002,0.22115497936493023,0.73999999999999999
0.26438356164383559,0.90000000000000002,0.42514183287857205,0.17150837987561565,0.83599999996924357,0.83599999996924357,0.56484210528092549,0.30854041990919079,0.70469921672107039,0.49704579017470069,0.48144526177888286,0.3533817531332048,0.89999999999999991,0.90000000000000002,0.49999999999999994,0.40174002043227264,0.22075471686807696,0.36536267310823067,0.90000000000000002,0.90000000000000002,0.90000000000000002,0.22115497936493023,0.75548387096774205
0.26575342465753427,0.2846153846153846,0.46032087886051576,0.10000000000000002,0.90000000000000013,0.90000000000000013,0.67263157904164461,0.35154681000567578,0.70469921672107039,0.49704579017470069,0.48144526177888286,0.28252418049187455,0.74000000006014355,0.90000000000000002,0.49999999999999994,0.40174002043227264,0.22075471686807696,0.36536267310823067,0.90000000000000002,0.90000000000000002,0.90000000000000002,0.22115497936493023,0.75204301075268831
0.26712328767123289,0.2846153846153846,0.42801917445523702,0.18938547484451956,0.81999999989747863,0.81999999989747863,0.58842105267146505,0.31908915704188667,0.70469921672107039,0.49704579017470069,0.48144526177888286,0.3533817531332048,0.89999999999999991,0.90000000000000002,0.49999999999999994,0.40174002043227264,0.22075471686807696,0.36536267310823067,0.90000000000000002,0.90000000000000002,0.90000000000000002,0.22115497936493023,0.67634408602150553
0.26849315068493151,0.90000000000000002,0.42783159452940495,0.17150837987561565,0.83599999996924357,0.83599999996924357,0.57831578947948603,0.31422050911196114,0.70469921672107039,0.49704579017470069,0.48144526177888286,0.3533817531332048,0.89999999999999991,0.90000000000000002,0.49999999999999994,0.40174002043227264,0.22075471686807696,0.36536267310823067,0.90000000000000002,0.90000000000000002,0.90000000000000002,0.22115497936493023,0.72967741935483876
0.26986301369863014,0.90000000000000002,0.42708127506434479,0.10000000000000002,0.90000000000000013,0.90000000000000013,0.5378947368838044,0.29474591739225903,0.70469921672107039,0.35797068508809943,0.42390018756306597,0.25365088312682177,0.74000000006014355,0.90000000000000002,0.49999999999999994,0.40174002043227264,0.22075471686807696,0.36536267310823067,0.90000000000000002,0.90000000000000002,0.90000000000000002,0.22115497936493023,0.60752688172043023
0.27123287671232876,0.2846153846153846,0.46531296042984482,0.10000000000000002,0.90000000000000013,0.90000000000000013,0.65915789484308407,0.34586672070528651,0.70469921672107039,0.49704579017470069,0.48144526177888286,0.28252418049187455,0.74000000006014355,0.10000000000000003,0.49999999999999994,0.40174002043227264,0.22075471686807696,0.36536267310823067,0.90000000000000002,0.90000000000000002,0.90000000000000002,0.22115497936493023,0.67290322580645179
0.27260273972602744,0.2846153846153846,0.43052135629937188,0.17150837987561565,0.83599999996924357,0.83599999996924357,0.59178947367804646,0.31990059841235036,0.70469921672107039,0.49704579017470069,0.48144526177888286,0.3533817531332048,0.89999999999999991,0.90000000000000002,0.49999999999999994,0.40174002043227264,0.22075471686807696,0.36536267310823067,0.90000000000000002,0.90000000000000002,0.90000000000000002,0.22115497936493023,0.71591397849462368
0.27397260273972601,0.2846153846153846,0.43547770839305694,0.10000000000000002,0.90000000000000013,0.90000000000000013,0.60526315787660701,0.32314636369896738,0.70469921672107039,0.49704579017470069,0.48144526177888286,0.28252418049187455,0.74000000006014355,0.90000000000000002,0.49999999999999994,0.40174002043227264,0.22075471686807696,0.36536267310823067,0.90000000000000002,0.90000000000000002,0.90000000000000002,0.22115497936493023,0.7468817204301077
0.27534246575342469,0.2846153846153846,0.44978793284896673,0.1625698324477837,0.84399999987697427,0.84399999987697427,0.65242105265768635,0.34870676535548112,0.70469921672107039,0.51340756727878822,0.50947930186617651,0.47178013606354269,0.74000000006014355,0.90000000000000002,0.49999999999999994,0.40174002043227264,0.22075471686807696,0.36536267310823067,0.90000000000000002,0.90000000000000002,0.90000000000000002,0.22115497936493023,0.78301075268817222
0.27671232876712326,0.2846153846153846,0.43883404855785529,0.10000000000000002,0.90000000000000013,0.90000000000000013,0.60526315787660701,0.32314636369896738,0.70469921672107039,0.49704579017470069,0.48144526177888286,0.28252418049187455,0.74000000006014355,0.90000000000000002,0.49999999999999994,0.40174002043227264,0.22075471686807696,0.36536267310823067,0.90000000000000002,0.90000000000000002,0.90000000000000002,0.22115497936493023,0.7468817204301077
0.27808219178082194,0.2846153846153846,0.43177244716187235,0.1625698324477837,0.84399999987697427,0.84399999987697427,0.59347368426745462,0.32030631904877277,0.70469921672107039,0.49704579017470069,0.48144526177888286,0.3533817531332048,0.099999999999999978,0.10000000000000003,0.49999999999999994,0.40174002043227264,0.22075471686807696,0.36536267310823067,0.90000000000000002,0.90000000000000002,0.90000000000000002,0.22115497936493023,0.8019354838709678
0.27945205479452057,0.2846153846153846,0.39800025044496795,0.1625698324477837,0.78800000001025228,0.78800000001025228,0.53452631587722299,0.29474591739225903,0.70469921672107039,0.44105215316949464,0.43509303330816496,0.3533817531332048,0.89999999999999991,0.90000000000000002,0.49999999999999994,0.40174002043227264,0.22075471686807696,0.36536267310823067,0.90000000000000002,0.90000000000000002,0.90000000000000002,0.22115497936493023,0.8019354838709678
0.28082191780821919,0.2846153846153846,0.45911724121157799,0.10000000000000002,0.90000000000000013,0.90000000000000013,0.64568421047228863,0.34018663150251616,0.70469921672107039,0.49704579017470069,0.48144526177888286,0.28252418049187455,0.74000000006014355,0.10000000000000003,0.49999999999999994,0.40174002043227264,0.22075471686807696,0.36536267310823067,0.90000000000000002,0.90000000000000002,0.90000000000000002,0.22115497936493023,0.73483870967741938
0.28219178082191781,0.2846153846153846,0.43302353802437277,0.15363128490671174,0.85199999978470498,0.85199999978470498,0.59515789468462788,0.32071203978281404,0.70469921672107039,0.49704579017470069,0.48144526177888286,0.3533817531332048,0.89999999999999991,0.90000000000000002,0.49999999999999994,0.40174002043227264,0.22075471686807696,0.36536267310823067,0.90000000000000002,0.90000000000000002,0.90000000000000002,0.22115497936493023,0.76580645161290328
0.28356164383561644,0.2846153846153846,0.45593843190122341,0.10000000000000002,0.90000000000000013,0.90000000000000013,0.67263157904164461,0.35154681000567578,0.70469921672107039,0.49704579017470069,0.48144526177888286,0.28252418049187455,0.74000000006014355,0.90000000000000002,0.49999999999999994,0.40174002043227264,0.22075471686807696,0.36536267310823067,0.90000000000000002,0.90000000000000002,0.90000000000000002,0.22115497936493023,0.7709677419354839
0.28493150684931506,0.2846153846153846,0.45152248863297351,0.10000000000000002,0.90000000000000013,0.90000000000000013,0.66421052626683874,0.3495182067259448,0.70469921672107039,0.49704579017470069,0.48144526177888286,0.28252418049187455,0.74000000006014355,0.90000000000000002,0.49999999999999994,0.40174002043227264,0.22075471686807696,0.36536267310823067,0.90000000000000002,0.90000000000000002,0.90000000000000002,0.22115497936493023,0.76924731182795703
0.28630136986301369,0.2846153846153846,0.56989042629461095,0.10000000000000002,0.90000000000000013,0.90000000000000013,0.63894736845912581,0.50774926459495295,0.79877687048536838,0.5323145096538624,0.56287609982428444,0.37137232773592566,0.74000000006014355,0.90000000000000002,0.49999999999999994,0.40174002043227264,0.22075471686807696,0.36536267310823067,0.90000000000000002,0.90000000000000002,0.90000000000000002,0.22115497936493023,0.67634408602150553
0.28767123287671237,0.2846153846153846,0.53193341137736649,0.10000000000000002,0.90000000000000013,0.90000000000000013,0.63894736845912581,0.45094837198153614,0.79877687048536838,0.5323145096538624,0.56287609982428444,0.37137232773592566,0.74000000006014355,0.90000000000000002,0.49999999999999994,0.40174002043227264,0.22075471686807696,0.36536267310823067,0.90000000000000002,0.90000000000000002,0.90000000000000002,0.22115497936493023,0.7021505376344086
0.28904109589041094,0.2846153846153846,0.49397639646012204,0.10000000000000002,0.90000000000000013,0.90000000000000013,0.63894736845912581,0.3941474794657383,0.79877687048536838,0.5323145096538624,0.56287609982428444,0.37137232773592566,0.74000000006014355,0.90000000000000002,0.49999999999999994,0.40174002043227264,0.22075471686807696,0.36536267310823067,0.90000000000000002,0.90000000000000002,0.90000000000000002,0.22115497936493023,0.72967741935483876
0.29041095890410962,0.2846153846153846,0.45601938154287758,0.10000000000000002,0.90000000000000013,0.90000000000000013,0.63894736845912581,0.33734658685232155,0.70469921672107039,0.49704579017470069,0.48144526177888286,0.28252418049187455,0.74000000006014355,0.10000000000000003,0.49999999999999994,0.40174002043227264,0.22075471686807696,0.36536267310823067,0.90000000000000002,0.90000000000000002,0.90000000000000002,0.22115497936493023,0.72967741935483876
0.29178082191780819,0.2846153846153846,0.42557672794360552,0.1625698324477837,0.84399999987697427,0.84399999987697427,0.58000000006889407,0.31462622984600241,0.70469921672107039,0.49704579017470069,0.48144526177888286,0.3533817531332048,0.89999999999999991,0.90000000000000002,0.49999999999999994,0.40174002043227264,0.22075471686807696,0.36536267310823067,0.90000000000000002,0.90000000000000002,0.90000000000000002,0.22115497936493023,0.75204301075268831
0.29315068493150687,0.2846153846153846,0.43427462900600722,0.14469273747887978,0.85999999994873932,0.85999999994873932,0.59684210527403603,0.32111776041923645,0.70469921672107039,0.49704579017470069,0.48144526177888286,0.3533817531332048,0.89999999999999991,0.90000000000000002,0.49999999999999994,0.40174002043227264,0.22075471686807696,0.36536267310823067,0.90000000000000002,0.90000000000000002,0.90000000000000002,0.22115497936493023,0.76236559139784954
0.29452054794520549,0.2846153846153846,0.44297253006840898,0.12681564239673587,0.87600000002050438,0.87600000002050438,0.61368421047917798,0.32760929099247049,0.70469921672107039,0.49704579017470069,0.48144526177888286,0.3533817531332048,0.89999999999999991,0.90000000000000002,0.49999999999999994,0.40174002043227264,0.22075471686807696,0.36536267310823067,0.90000000000000002,0.90000000000000002,0.90000000000000002,0.22115497936493023,0.74516129032258083
0.29589041095890412,0.2846153846153846,0.41252987635000293,0.18938547484451956,0.81999999989747863,0.81999999989747863,0.55473684208894636,0.30488893398615136,0.70469921672107039,0.43214407449743431,0.43509303330816496,0.3533817531332048,0.89999999999999991,0.90000000000000002,0.49999999999999994,0.40174002043227264,0.22075471686807696,0.36536267310823067,0.90000000000000002,0.90000000000000002,0.90000000000000002,0.22115497936493023,0.76408602150537641
0.29726027397260274,0.90000000000000002,0.41891261723221368,0.1625698324477837,0.84399999987697427,0.84399999987697427,0.55978947368493592,0.3061060958954186,0.70469921672107039,0.43214407449743431,0.43509303330816496,0.3533817531332048,0.89999999999999991,0.90000000000000002,0.49999999999999994,0.40174002043227264,0.22075471686807696,0.36536267310823067,0.90000000000000002,0.90000000000000002,0.90000000000000002,0.22115497936493023,0.74344086021505373
0.29863013698630136,0.90000000000000002,0.43380567925099411,0.10000000000000002,0.90000000000000013,0.90000000000000013,0.5715789474663231,0.3089461405456132,0.70469921672107039,0.35797068508809943,0.42390018756306597,0.25365088312682177,0.74000000006014355,0.90000000000000002,0.49999999999999994,0.40174002043227264,0.22075471686807696,0.36536267310823067,0.90000000000000002,0.90000000000000002,0.90000000000000002,0.22115497936493023,0.66086021505376358
0.30000000000000004,0.2846153846153846,0.4536249466258308,0.10000000000000002,0.90000000000000013,0.90000000000000013,0.65915789484308407,0.34586672070528651,0.70469921672107039,0.49704579017470069,0.48144526177888286,0.28252418049187455,0.74000000006014355,0.90000000000000002,0.49999999999999994,0.40174002043227264,0.22075471686807696,0.36536267310823067,0.90000000000000002,0.90000000000000002,0.90000000000000002,0.22115497936493023,0.77612903225806473
0.30136986301369861,0.2846153846153846,0.40887430149906751,0.1625698324477837,0.84399999987697427,0.84399999987697427,0.55810526309552777,0.30488893398615136,0.70469921672107039,0.43214407449743431,0.43509303330816496,0.3533817531332048,0.82000000003007179,0.90000000000000002,0.49999999999999994,0.40174002043227264,0.22075471686807696,0.36536267310823067,0.90000000000000002,0.90000000000000002,0.90000000000000002,0.22115497936493023,0.73999999999999999
0.30273972602739729,0.2846153846153846,0.41456589974856534,0.1625698324477837,0.84399999987697427,0.84399999987697427,0.56231578956904804,0.30691753726588228,0.70469921672107039,0.43214407449743431,0.43509303330816496,0.3533817531332048,0.82000000003007179,0.90000000000000002,0.49999999999999994,0.40174002043227264,0.22075471686807696,0.36536267310823067,0.90000000000000002,0.90000000000000002,0.90000000000000002,0.22115497936493023,0.75548387096774205
0.30410958904109586,0.2846153846153846,0.45292152199331115,0.10000000000000002,0.90000000000000013,0.90000000000000013,0.63221052627372809,0.33450654220212694,0.70469921672107039,0.49704579017470069,0.48144526177888286,0.28252418049187455,0.74000000006014355,0.10000000000000003,0.49999999999999994,0.40174002043227264,0.22075471686807696,0.36536267310823067,0.90000000000000002,0.90000000000000002,0.90000000000000002,0.22115497936493023,0.71419354838709681
0.30547945205479454,0.2846153846153846,0.41812991774370423,0.17150837987561565,0.83599999996924357,0.83599999996924357,0.56484210528092549,0.30854041990919079,0.70469921672107039,0.43214407449743431,0.43509303330816496,0.3533817531332048,0.89999999999999991,0.90000000000000002,0.49999999999999994,0.40174002043227264,0.22075471686807696,0.36536267310823067,0.90000000000000002,0.90000000000000002,0.90000000000000002,0.22115497936493023,0.76064516129032267
0.30684931506849317,0.90000000000000002,0.42025749811719715,0.1625698324477837,0.84399999987697427,0.84399999987697427,0.56652631587033353,0.3089461405456132,0.70469921672107039,0.43214407449743431,0.43509303330816496,0.3533817531332048,0.89999999999999991,0.90000000000000002,0.49999999999999994,0.40174002043227264,0.22075471686807696,0.36536267310823067,0.90000000000000002,0.90000000000000002,0.90000000000000002,0.22115497936493023,0.7589247311827958
0.30821917808219179,0.90000000000000002,0.43515056013597758,0.10000000000000002,0.90000000000000013,0.90000000000000013,0.57831578947948603,0.31178618519580781,0.70469921672107039,0.35797068508809943,0.42390018756306597,0.25365088312682177,0.74000000006014355,0.90000000000000002,0.49999999999999994,0.40174002043227264,0.22075471686807696,0.36536267310823067,0.90000000000000002,0.90000000000000002,0.90000000000000002,0.22115497936493023,0.71419354838709681
0.30958904109589042,0.2846153846153846,0.44270400050092279,0.10000000000000002,0.90000000000000013,0.90000000000000013,0.6507368420682782,0.34627244143932778,0.70469921672107039,0.36051585035908612,0.42390018756306597,0.25365088312682177,0.74000000006014355,0.90000000000000002,0.49999999999999994,0.40174002043227264,0.22075471686807696,0.36536267310823067,0.90000000000000002,0.90000000000000002,0.90000000000000002,0.22115497936493023,0.71591397849462368
0.31095890410958904,0.2846153846153846,0.42059134563606798,0.10000000000000002,0.89199999983596578,0.89199999983596578,0.64231578946570722,0.33856374885920765,0.83747708718458136,0.42378138841538643,0.53882878985512295,0.39985074442627211,0.89999999999999991,0.90000000000000002,0.69999999990047457,0.40174002043227264,0.22075471686807696,0.36536267310823067,0.90000000000000002,0.90000000000000002,0.90000000000000002,0.22115497936493023,0.68150537634408626
0.31232876712328766,0.2846153846153846,0.40259428294868377,0.10000000000000002,0.84399999987697427,0.84399999987697427,0.63389473686313624,0.34383811742555559,0.70469921672107039,0.41705488010337582,0.4355892111194144,0.45407396955857282,0.89999999999999991,0.90000000000000002,0.49999999999999994,0.40174002043227264,0.22075471686807696,0.36536267310823067,0.90000000000000002,0.90000000000000002,0.90000000000000002,0.22115497936493023,0.71935483870967754
0.31369863013698629,0.2846153846153846,0.4043785251129397,0.10000000000000002,0.85999999994873932,0.85999999994873932,0.63052631585655483,0.34059235213893857,0.70469921672107039,0.41705488010337582,0.4355892111194144,0.45407396955857282,0.89999999999999991,0.90000000000000002,0.49999999999999994,0.40174002043227264,0.22075471686807696,0.36536267310823067,0.90000000000000002,0.90000000000000002,0.90000000000000002,0.22115497936493023,0.76064516129032267
0.31506849315068497,0.2846153846153846,0.40794700920318361,0.10000000000000002,0.89199999983596578,0.89199999983596578,0.62378947367115711,0.33410082156570453,0.70469921672107039,0.36287921824913993,0.42390018756306597,0.25365088312682177,0.89999999999999991,0.90000000000000002,0.49999999999999994,0.40174002043227264,0.22075471686807696,0.36536267310823067,0.90000000000000002,0.90000000000000002,0.90000000000000002,0.22115497936493023,0.78645161290322596
0.31643835616438354,0.2846153846153846,0.40616276715806165,0.10000000000000002,0.87600000002050438,0.87600000002050438,0.62715789467773853,0.33734658685232155,0.70469921672107039,0.41705488010337582,0.4355892111194144,0.45407396955857282,0.25999999993985629,0.90000000000000002,0.49999999999999994,0.40174002043227264,0.22075471686807696,0.36536267310823067,0.90000000000000002,0.90000000000000002,0.90000000000000002,0.22115497936493023,0.80365591397849467
0.31780821917808222,0.2846153846153846,0.40081004090356182,0.10000000000000002,0.82799999980520933,0.82799999980520933,0.63726315786971766,0.34708388271217261,0.70469921672107039,0.41705488010337582,0.4355892111194144,0.45407396955857282,0.89999999999999991,0.90000000000000002,0.49999999999999994,0.40174002043227264,0.22075471686807696,0.36536267310823067,0.90000000000000002,0.90000000000000002,0.90000000000000002,0.22115497936493023,0.61784946236559157
0.31917808219178079,0.2846153846153846,0.417142890234451,0.10000000000000002,0.89199999983596578,0.89199999983596578,0.63726315786971766,0.33734658685232155,0.83747708718458136,0.42378138841538643,0.53882878985512295,0.39985074442627211,0.89999999999999991,0.90000000000000002,0.69999999990047457,0.40174002043227264,0.22075471686807696,0.36536267310823067,0.90000000000000002,0.90000000000000002,0.90000000000000002,0.22115497936493023,0.7090322580645162
0.32054794520547947,0.2846153846153846,0.41484392000641762,0.10000000000000002,0.89199999983596578,0.89199999983596578,0.63389473686313624,0.33653514548185787,0.83747708718458136,0.42378138841538643,0.53882878985512295,0.39985074442627211,0.89999999999999991,0.90000000000000002,0.69999999990047457,0.40174002043227264,0.22075471686807696,0.36536267310823067,0.90000000000000002,0.90000000000000002,0.90000000000000002,0.22115497936493023,0.74860215053763457
0.32191780821917809,0.2846153846153846,0.4125449497783843,0.10000000000000002,0.89199999983596578,0.89199999983596578,0.63052631585655483,0.33572370420901304,0.83747708718458136,0.42378138841538643,0.53882878985512295,0.39985074442627211,0.89999999999999991,0.90000000000000002,0.69999999990047457,0.40174002043227264,0.22075471686807696,0.36536267310823067,0.90000000000000002,0.90000000000000002,0.90000000000000002,0.22115497936493023,0.76236559139784954
0.32328767123287672,0.2846153846153846,0.41024597955035097,0.10000000000000002,0.89199999983596578,0.89199999983596578,0.62715789467773853,0.33491226283854936,0.83747708718458136,0.42378138841538643,0.53882878985512295,0.39985074442627211,0.89999999999999991,0.90000000000000002,0.69999999990047457,0.40174002043227264,0.22075471686807696,0.36536267310823067,0.90000000000000002,0.90000000000000002,0.90000000000000002,0.22115497936493023,0.79677419354838719
0.32465753424657534,0.2846153846153846,0.42826648959443847,0.1625698324477837,0.84399999987697427,0.84399999987697427,0.59347368426745462,0.32030631904877277,0.70469921672107039,0.49704579017470069,0.48144526177888286,0.3533817531332048,0.099999999999999978,0.10000000000000003,0.49999999999999994,0.40174002043227264,0.22075471686807696,0.36536267310823067,0.90000000000000002,0.90000000000000002,0.90000000000000002,0.22115497936493023,0.78129032258064535
0.32602739726027397,0.2846153846153846,0.41379269106955596,0.1625698324477837,0.81999999989747863,0.81999999989747863,0.5682105262875069,0.30935186118203561,0.70469921672107039,0.44105215316949464,0.43509303330816496,0.3533817531332048,0.89999999999999991,0.90000000000000002,0.49999999999999994,0.40174002043227264,0.22075471686807696,0.36536267310823067,0.90000000000000002,0.90000000000000002,0.90000000000000002,0.22115497936493023,0.79677419354838719
0.32739726027397265,0.2846153846153846,0.42372995925653956,0.15363128490671174,0.85199999978470498,0.85199999978470498,0.57494736847290451,0.31219190583223022,0.70469921672107039,0.43214407449743431,0.43509303330816496,0.3533817531332048,0.89999999999999991,0.90000000000000002,0.49999999999999994,0.40174002043227264,0.22075471686807696,0.36536267310823067,0.90000000000000002,0.90000000000000002,0.90000000000000002,0.22115497936493023,0.75204301075268831
0.32876712328767121,0.2846153846153846,0.44672580277504431,0.10000000000000002,0.90000000000000013,0.90000000000000013,0.61873684207516755,0.32882645299935659,0.70469921672107039,0.49704579017470069,0.48144526177888286,0.28252418049187455,0.74000000006014355,0.10000000000000003,0.49999999999999994,0.40174002043227264,0.22075471686807696,0.36536267310823067,0.90000000000000002,0.90000000000000002,0.90000000000000002,0.22115497936493023,0.69354838709677424
0.33013698630136989,0.2846153846153846,0.42933000065024085,0.13575418993780783,0.86799999985647003,0.86799999985647003,0.58505263166488364,0.31584339175526965,0.70469921672107039,0.43214407449743431,0.43509303330816496,0.3533817531332048,0.89999999999999991,0.90000000000000002,0.49999999999999994,0.40174002043227264,0.22075471686807696,0.36536267310823067,0.90000000000000002,0.90000000000000002,0.90000000000000002,0.22115497936493023,0.71419354838709681
0.33150684931506846,0.90000000000000002,0.43784032178681054,0.10000000000000002,0.90000000000000013,0.90000000000000013,0.59178947367804646,0.31746627439857816,0.70469921672107039,0.35797068508809943,0.42390018756306597,0.25365088312682177,0.74000000006014355,0.90000000000000002,0.49999999999999994,0.40174002043227264,0.22075471686807696,0.36536267310823067,0.90000000000000002,0.90000000000000002,0.90000000000000002,0.22115497936493023,0.69870967741935486
0.33287671232876714,0.2846153846153846,0.43030014603884092,0.10000000000000002,0.89040000000820174,0.89040000000820174,0.60425263155740916,0.32387666094214662,0.70469921672107039,0.41705488010337582,0.4355892111194144,0.45407396955857282,0.89999999999999991,0.90000000000000002,0.49999999999999994,0.40174002043227264,0.22075471686807696,0.36536267310823067,0.90000000000000002,0.90000000000000002,0.90000000000000002,0.22115497936493023,0.74516129032258083
0.33424657534246577,0.2846153846153846,0.42921655947572063,0.10000000000000002,0.89199999983596578,0.89199999983596578,0.60021052628061744,0.32172634137387007,0.70469921672107039,0.36287921824913993,0.42390018756306597,0.25365088312682177,0.89999999999999991,0.90000000000000002,0.49999999999999994,0.40174002043227264,0.22075471686807696,0.36536267310823067,0.90000000000000002,0.90000000000000002,0.90000000000000002,0.22115497936493023,0.7468817204301077
0.33561643835616439,0.2846153846153846,0.43199676145857385,0.10000000000000002,0.89199999983596578,0.89199999983596578,0.60863157888318842,0.32578354803095078,0.70469921672107039,0.41705488010337582,0.4355892111194144,0.45407396955857282,0.74000000006014355,0.90000000000000002,0.49999999999999994,0.40174002043227264,0.22075471686807696,0.36536267310823067,0.90000000000000002,0.90000000000000002,0.90000000000000002,0.22115497936493023,0.7468817204301077
0.33698630136986302,0.2846153846153846,0.57945644258228124,0.18044692741668761,0.82799999980520933,0.82799999980520933,0.58336842107547549,0.55521858198494101,0.79877687048536838,0.46741279397659602,0.51652387135356648,0.44222990037725596,0.89999999999999991,0.90000000000000002,0.49999999999999994,0.40174002043227264,0.22075471686807696,0.36536267310823067,0.90000000000000002,0.90000000000000002,0.90000000000000002,0.22115497936493023,0.78817204301075283
0.33835616438356164,0.2846153846153846,0.45580500456987949,0.10000000000000002,0.90000000000000013,0.90000000000000013,0.66589473685624689,0.34870676535548112,0.70469921672107039,0.49704579017470069,0.48144526177888286,0.28252418049187455,0.74000000006014355,0.90000000000000002,0.49999999999999994,0.40174002043227264,0.22075471686807696,0.36536267310823067,0.90000000000000002,0.90000000000000002,0.90000000000000002,0.22115497936493023,0.76924731182795703
0.33972602739726032,0.2846153846153846,0.45155598506106503,0.10000000000000002,0.90000000000000013,0.90000000000000013,0.67263157904164461,0.35154681000567578,0.70469921672107039,0.49704579017470069,0.48144526177888286,0.28252418049187455,0.74000000006014355,0.90000000000000002,0.49999999999999994,0.40174002043227264,0.22075471686807696,0.36536267310823067,0.90000000000000002,0.90000000000000002,0.90000000000000002,0.22115497936493023,0.77268817204301077
0.34109589041095889,0.2846153846153846,0.58589054463040557,0.16703910616169967,0.8399999997949571,0.8399999997949571,0.59263157897275054,0.56150725223996378,0.79877687048536838,0.46741279397659602,0.51652387135356648,0.44222990037725596,0.89999999999999991,0.90000000000000002,0.49999999999999994,0.40174002043227264,0.22075471686807696,0.36536267310823067,0.90000000000000002,0.90000000000000002,0.90000000000000002,0.22115497936493023,0.80021505376344093
0.34246575342465757,0.2846153846153846,0.60069874905518095,0.14469273747887978,0.85999999994873932,0.85999999994873932,0.59684210527403603,0.5767217770819929,0.79877687048536838,0.46741279397659602,0.51652387135356648,0.44222990037725596,0.89999999999999991,0.90000000000000002,0.49999999999999994,0.40174002043227264,0.22075471686807696,0.36536267310823067,0.90000000000000002,0.90000000000000002,0.90000000000000002,0.22115497936493023,0.78301075268817222
0.34383561643835614,0.2846153846153846,0.43213923284694655,0.10000000000000002,0.90000000000000013,0.90000000000000013,0.60526315787660701,0.32314636369896738,0.70469921672107039,0.35797068508809943,0.42390018756306597,0.25365088312682177,0.74000000006014355,0.90000000000000002,0.49999999999999994,0.40174002043227264,0.22075471686807696,0.36536267310823067,0.90000000000000002,0.90000000000000002,0.90000000000000002,0.22115497936493023,0.72795698924731189
0.34520547945205482,0.2846153846153846,0.42563702141886306,0.1625698324477837,0.84399999987697427,0.84399999987697427,0.59347368426745462,0.32030631904877277,0.70469921672107039,0.43214407449743431,0.43509303330816496,0.3533817531332048,0.89999999999999991,0.90000000000000002,0.49999999999999994,0.40174002043227264,0.22075471686807696,0.36536267310823067,0.90000000000000002,0.90000000000000002,0.90000000000000002,0.22115497936493023,0.7709677419354839
0.34657534246575344,0.2846153846153846,0.42989218204671487,0.14469273747887978,0.85999999994873932,0.85999999994873932,0.59684210527403603,0.32111776041923645,0.70469921672107039,0.43214407449743431,0.43509303330816496,0.3533817531332048,0.89999999999999991,0.90000000000000002,0.49999999999999994,0.40174002043227264,0.22075471686807696,0.36536267310823067,0.90000000000000002,0.90000000000000002,0.90000000000000002,0.22115497936493023,0.76580645161290328
0.34794520547945207,0.2846153846153846,0.44053008343764344,0.10000000000000002,0.90000000000000013,0.90000000000000013,0.60526315787660701,0.32314636369896738,0.70469921672107039,0.35797068508809943,0.42390018756306597,0.25365088312682177,0.74000000006014355,0.90000000000000002,0.49999999999999994,0.40174002043227264,0.22075471686807696,0.36536267310823067,0.90000000000000002,0.90000000000000002,0.90000000000000002,0.22115497936493023,0.67118279569892492
0.34931506849315069,0.2846153846153846,0.42552676243241233,0.17150837987561565,0.83599999996924357,0.83599999996924357,0.60189473687002559,0.32416066538764227,0.70469921672107039,0.43214407449743431,0.43509303330816496,0.3533817531332048,0.89999999999999991,0.90000000000000002,0.49999999999999994,0.40174002043227264,0.22075471686807696,0.36536267310823067,0.90000000000000002,0.90000000000000002,0.90000000000000002,0.22115497936493023,0.78473118279569909
0.35068493150684932,0.2846153846153846,0.42992852565808942,0.15810055862062772,0.84799999995899145,0.84799999995899145,0.61048421049709045,0.32732528654697479,0.70469921672107039,0.43214407449743431,0.43509303330816496,0.3533817531332048,0.89999999999999991,0.90000000000000002,0.49999999999999994,0.40174002043227264,0.22075471686807696,0.36536267310823067,0.90000000000000002,0.90000000000000002,0.90000000000000002,0.22115497936493023,0.78129032258064535
0.352054794520548,0.2846153846153846,0.57976349305398611,0.16703910616169967,0.8399999997949571,0.8399999997949571,0.60947368417789249,0.55440714061447727,0.79877687048536838,0.46741279397659602,0.51652387135356648,0.44222990037725596,0.89999999999999991,0.90000000000000002,0.49999999999999994,0.40174002043227264,0.22075471686807696,0.36536267310823067,0.90000000000000002,0.90000000000000002,0.90000000000000002,0.22115497936493023,0.78817204301075283
0.35342465753424657,0.2846153846153846,0.44135074556848342,0.16703910616169967,0.8399999997949571,0.8399999997949571,0.67263157904164461,0.35763261994248741,0.70469921672107039,0.48941029421266935,0.47517957596872201,0.50159362548224617,0.74000000006014355,0.90000000000000002,0.49999999999999994,0.40174002043227264,0.22075471686807696,0.36536267310823067,0.90000000000000002,0.90000000000000002,0.90000000000000002,0.22115497936493023,0.76752688172043015
0.35479452054794525,0.2846153846153846,0.43325438419960655,0.14469273747887978,0.85999999994873932,0.85999999994873932,0.61368421047917798,0.32821787194710411,0.70469921672107039,0.43214407449743431,0.43509303330816496,0.3533817531332048,0.89999999999999991,0.90000000000000002,0.49999999999999994,0.40174002043227264,0.22075471686807696,0.36536267310823067,0.90000000000000002,0.90000000000000002,0.90000000000000002,0.22115497936493023,0.76580645161290328
0.35616438356164382,0.2846153846153846,0.44219792549641135,0.14469273747887978,0.85999999994873932,0.85999999994873932,0.65578947366426776,0.34850390503726991,0.70469921672107039,0.48941029421266935,0.47517957596872201,0.50159362548224617,0.74000000006014355,0.90000000000000002,0.49999999999999994,0.40174002043227264,0.22075471686807696,0.36536267310823067,0.90000000000000002,0.90000000000000002,0.90000000000000002,0.22115497936493023,0.77956989247311848
0.3575342465753425,0.2846153846153846,0.43419580078335479,0.14469273747887978,0.85999999994873932,0.85999999994873932,0.6184000000261799,0.33020590316319282,0.70469921672107039,0.43214407449743431,0.43509303330816496,0.3533817531332048,0.89999999999999991,0.90000000000000002,0.49999999999999994,0.40174002043227264,0.22075471686807696,0.36536267310823067,0.90000000000000002,0.90000000000000002,0.90000000000000002,0.22115497936493023,0.7709677419354839
0.35890410958904106,0.2846153846153846,0.45140636765842951,0.10000000000000002,0.90000000000000013,0.90000000000000013,0.67263157904164461,0.35154681000567578,0.70469921672107039,0.49704579017470069,0.48144526177888286,0.28252418049187455,0.74000000006014355,0.90000000000000002,0.49999999999999994,0.40174002043227264,0.22075471686807696,0.36536267310823067,0.90000000000000002,0.90000000000000002,0.90000000000000002,0.22115497936493023,0.79161290322580657
0.36027397260273974,0.2846153846153846,0.43380065477486701,0.10000000000000002,0.90000000000000013,0.90000000000000013,0.66252631584966537,0.34911248599190353,0.70469921672107039,0.36051585035908612,0.42390018756306597,0.25365088312682177,0.74000000006014355,0.90000000000000002,0.49999999999999994,0.40174002043227264,0.22075471686807696,0.36536267310823067,0.90000000000000002,0.90000000000000002,0.90000000000000002,0.22115497936493023,0.66774193548387117
0.36164383561643831,0.2846153846153846,0.40980829305674288,0.10000000000000002,0.81999999989747863,0.81999999989747863,0.61536842106858614,0.3263921289855844,0.70469921672107039,0.44105215316949464,0.42793884316230391,0.25365088312682177,0.89999999999999991,0.90000000000000002,0.49999999999999994,0.40174002043227264,0.22075471686807696,0.36536267310823067,0.90000000000000002,0.90000000000000002,0.90000000000000002,0.22115497936493023,0.81225806451612925
0.36301369863013699,0.2846153846153846,0.46812330926946077,0.10000000000000002,0.90000000000000013,0.90000000000000013,0.69957894743876559,0.36290698850883529,0.70469921672107039,0.49704579017470069,0.48144526177888286,0.28252418049187455,0.74000000006014355,0.10000000000000003,0.49999999999999994,0.40174002043227264,0.22075471686807696,0.36536267310823067,0.90000000000000002,0.90000000000000002,0.90000000000000002,0.22115497936493023,0.79505376344086032
0.36438356164383567,0.2846153846153846,0.52858131405057152,0.10000000000000002,0.90000000000000013,0.90000000000000013,0.65376842102587196,0.4718024140603122,0.83747708718458136,0.41887285525434598,0.53882878985512295,0.39985074442627211,0.74000000006014355,0.10000000000000003,0.69999999990047457,0.40174002043227264,0.22075471686807696,0.36536267310823067,0.90000000000000002,0.90000000000000002,0.90000000000000002,0.22115497936493023,0.78645161290322596
0.36575342465753424,0.2846153846153846,0.44717353810177263,0.10000000000000002,0.90000000000000013,0.90000000000000013,0.67263157904164461,0.35154681000567578,0.70469921672107039,0.49704579017470069,0.48144526177888286,0.28252418049187455,0.74000000006014355,0.90000000000000002,0.49999999999999994,0.40174002043227264,0.22075471686807696,0.36536267310823067,0.90000000000000002,0.90000000000000002,0.90000000000000002,0.22115497936493023,0.7709677419354839
0.36712328767123292,0.2846153846153846,0.61806105475189288,0.10000000000000002,0.90000000000000013,0.90000000000000013,0.63894736845912581,0.592950603515078,0.79877687048536838,0.39323940456726109,0.50533102560846754,0.34249903037087293,0.74000000006014355,0.90000000000000002,0.49999999999999994,0.40174002043227264,0.22075471686807696,0.36536267310823067,0.90000000000000002,0.90000000000000002,0.90000000000000002,0.22115497936493023,0.73999999999999999
0.36849315068493149,0.2846153846153846,0.4427575947143888,0.10000000000000002,0.90000000000000013,0.90000000000000013,0.66421052626683874,0.3495182067259448,0.70469921672107039,0.36051585035908612,0.42390018756306597,0.25365088312682177,0.74000000006014355,0.90000000000000002,0.49999999999999994,0.40174002043227264,0.22075471686807696,0.36536267310823067,0.90000000000000002,0.90000000000000002,0.90000000000000002,0.22115497936493023,0.74172043010752686
0.36986301369863017,0.2846153846153846,0.43661658623336419,0.14469273747887978,0.85999999994873932,0.85999999994873932,0.63052631585655483,0.33531798357259063,0.70469921672107039,0.43214407449743431,0.43509303330816496,0.3533817531332048,0.89999999999999991,0.90000000000000002,0.49999999999999994,0.40174002043227264,0.22075471686807696,0.36536267310823067,0.90000000000000002,0.90000000000000002,0.90000000000000002,0.22115497936493023,0.78301075268817222
0.37123287671232874,0.2846153846153846,0.44556012764930297,0.14469273747887978,0.85999999994873932,0.85999999994873932,0.67263157904164461,0.35560401656513757,0.70469921672107039,0.48941029421266935,0.47517957596872201,0.50159362548224617,0.74000000006014355,0.90000000000000002,0.49999999999999994,0.40174002043227264,0.22075471686807696,0.36536267310823067,0.90000000000000002,0.90000000000000002,0.90000000000000002,0.22115497936493023,0.7778494623655916
0.37260273972602742,0.2846153846153846,0.44640730769636489,0.12234636868281989,0.87999999984621791,0.87999999984621791,0.65578947366426776,0.34647530175753899,0.70469921672107039,0.48941029421266935,0.47517957596872201,0.50159362548224617,0.74000000006014355,0.90000000000000002,0.49999999999999994,0.40174002043227264,0.22075471686807696,0.36536267310823067,0.90000000000000002,0.90000000000000002,0.90000000000000002,0.22115497936493023,0.73311827956989251
0.37397260273972599,0.2846153846153846,0.4472544877434268,0.10000000000000002,0.90000000000000013,0.90000000000000013,0.63894736845912581,0.33734658685232155,0.70469921672107039,0.35797068508809943,0.42390018756306597,0.25365088312682177,0.74000000006014355,0.90000000000000002,0.49999999999999994,0.40174002043227264,0.22075471686807696,0.36536267310823067,0.90000000000000002,0.90000000000000002,0.90000000000000002,0.22115497936493023,0.73139784946236563
0.37534246575342467,0.2846153846153846,0.52945841745902644,0.10000000000000002,0.90000000000000013,0.90000000000000013,0.65848421057287376,0.47723907088122913,0.83747708718458136,0.41887285525434598,0.53882878985512295,0.39985074442627211,0.74000000006014355,0.10000000000000003,0.69999999990047457,0.40174002043227264,0.22075471686807696,0.36536267310823067,0.90000000000000002,0.90000000000000002,0.90000000000000002,0.22115497936493023,0.79333333333333345
0.37671232876712335,0.2846153846153846,0.44859936862841027,0.10000000000000002,0.90000000000000013,0.90000000000000013,0.64568421047228863,0.34018663150251616,0.70469921672107039,0.35797068508809943,0.42390018756306597,0.25365088312682177,0.74000000006014355,0.90000000000000002,0.49999999999999994,0.40174002043227264,0.22075471686807696,0.36536267310823067,0.90000000000000002,0.90000000000000002,0.90000000000000002,0.22115497936493023,0.79333333333333345
0.37808219178082192,0.2846153846153846,0.44892232980219465,0.14469273747887978,0.85999999994873932,0.85999999994873932,0.68947368424678657,0.36270412819062414,0.70469921672107039,0.48941029421266935,0.47517957596872201,0.50159362548224617,0.74000000006014355,0.90000000000000002,0.49999999999999994,0.40174002043227264,0.22075471686807696,0.36536267310823067,0.90000000000000002,0.90000000000000002,0.90000000000000002,0.22115497936493023,0.74860215053763457
0.3794520547945206,0.2846153846153846,0.53033552098661552,0.10000000000000002,0.90000000000000013,0.90000000000000013,0.66319999994764078,0.48267572770214606,0.83747708718458136,0.41887285525434598,0.53882878985512295,0.39985074442627211,0.74000000006014355,0.10000000000000003,0.69999999990047457,0.40174002043227264,0.22075471686807696,0.36536267310823067,0.90000000000000002,0.90000000000000002,0.90000000000000002,0.22115497936493023,0.79849462365591406
0.38082191780821917,0.2846153846153846,0.441795131204749,0.10000000000000002,0.86799999985647003,0.86799999985647003,0.68341052633159904,0.36095952935638886,0.70469921672107039,0.41705488010337582,0.4355892111194144,0.45407396955857282,0.74000000006014355,0.90000000000000002,0.49999999999999994,0.40174002043227264,0.22075471686807696,0.36536267310823067,0.90000000000000002,0.90000000000000002,0.90000000000000002,0.22115497936493023,0.84494623655914003
0.38219178082191785,0.2846153846153846,0.46549384109388536,0.10000000000000002,0.90000000000000013,0.90000000000000013,0.69957894743876559,0.36290698850883529,0.70469921672107039,0.49704579017470069,0.48144526177888286,0.28252418049187455,0.74000000006014355,0.10000000000000003,0.49999999999999994,0.40174002043227264,0.22075471686807696,0.36536267310823067,0.90000000000000002,0.90000000000000002,0.90000000000000002,0.22115497936493023,0.77612903225806473
0.38356164383561642,0.2846153846153846,0.43865813661523345,0.15363128490671174,0.85199999978470498,0.85199999978470498,0.64972631574908024,0.34371640123462888,0.70469921672107039,0.43214407449743431,0.43509303330816496,0.3533817531332048,0.89999999999999991,0.90000000000000002,0.49999999999999994,0.40174002043227264,0.22075471686807696,0.36536267310823067,0.90000000000000002,0.90000000000000002,0.90000000000000002,0.22115497936493023,0.83118279569892484
0.3849315068493151,0.2846153846153846,0.44204412124874887,0.10000000000000002,0.87600000002050438,0.87600000002050438,0.68071578942299293,0.35860634946990116,0.70469921672107039,0.41705488010337582,0.4355892111194144,0.45407396955857282,0.74000000006014355,0.90000000000000002,0.49999999999999994,0.40174002043227264,0.22075471686807696,0.36536267310823067,0.90000000000000002,0.90000000000000002,0.90000000000000002,0.22115497936493023,0.83634408602150545
0.38630136986301367,0.2846153846153846,0.44159264547206284,0.14469273747887978,0.85999999994873932,0.85999999994873932,0.65545263161528,0.34582614864164429,0.70469921672107039,0.43214407449743431,0.43509303330816496,0.3533817531332048,0.89999999999999991,0.90000000000000002,0.49999999999999994,0.40174002043227264,0.22075471686807696,0.36536267310823067,0.90000000000000002,0.90000000000000002,0.90000000000000002,0.22115497936493023,0.80709677419354842
0.38767123287671235,0.2846153846153846,0.53121262451420448,0.10000000000000002,0.90000000000000013,0.90000000000000013,0.6679157894946427,0.48811238462068185,0.83747708718458136,0.41887285525434598,0.53882878985512295,0.39985074442627211,0.74000000006014355,0.10000000000000003,0.69999999990047457,0.40174002043227264,0.22075471686807696,0.36536267310823067,0.90000000000000002,0.90000000000000002,0.90000000000000002,0.22115497936493023,0.80021505376344093
0.38904109589041092,0.2846153846153846,0.44229311117361469,0.10000000000000002,0.88399999992823508,0.88399999992823508,0.67802105268662172,0.35625316968103232,0.70469921672107039,0.41705488010337582,0.4355892111194144,0.45407396955857282,0.74000000006014355,0.90000000000000002,0.49999999999999994,0.40174002043227264,0.22075471686807696,0.36536267310823067,0.90000000000000002,0.90000000000000002,0.90000000000000002,0.22115497936493023,0.80881720430107551
0.3904109589041096,0.2846153846153846,0.43912435081551437,0.10000000000000002,0.90000000000000013,0.90000000000000013,0.66286315789865313,0.34732731509402609,0.70469921672107039,0.35797068508809943,0.42390018756306597,0.25365088312682177,0.82000000003007179,0.90000000000000002,0.49999999999999994,0.40174002043227264,0.22075471686807696,0.36536267310823067,0.90000000000000002,0.90000000000000002,0.90000000000000002,0.22115497936493023,0.80021505376344093
0.39178082191780828,0.2846153846153846,0.4425421012176145,0.10000000000000002,0.89199999983596578,0.89199999983596578,0.67532631577801572,0.35389998979454462,0.70469921672107039,0.41705488010337582,0.4355892111194144,0.45407396955857282,0.74000000006014355,0.90000000000000002,0.49999999999999994,0.40174002043227264,0.22075471686807696,0.36536267310823067,0.90000000000000002,0.90000000000000002,0.90000000000000002,0.22115497936493023,0.80365591397849467
0.39315068493150684,0.2846153846153846,0.44599440857860595,0.13128491622389185,0.8719999999384872,0.8719999999384872,0.66404210524234486,0.34899076980097682,0.70469921672107039,0.43214407449743431,0.43509303330816496,0.3533817531332048,0.89999999999999991,0.90000000000000002,0.49999999999999994,0.40174002043227264,0.22075471686807696,0.36536267310823067,0.90000000000000002,0.90000000000000002,0.90000000000000002,0.22115497936493023,0.79505376344086032
0.39452054794520552,0.2846153846153846,0.44906340553584712,0.12234636868281989,0.87999999984621791,0.87999999984621791,0.67044210520652003,0.35138452175110679,0.70469921672107039,0.43214407449743431,0.43509303330816496,0.3533817531332048,0.89999999999999991,0.90000000000000002,0.49999999999999994,0.40174002043227264,0.22075471686807696,0.36536267310823067,0.90000000000000002,0.90000000000000002,0.90000000000000002,0.22115497936493023,0.78129032258064535
0.39589041095890409,0.2846153846153846,0.49523111614402926,0.10000000000000002,0.90000000000000013,0.90000000000000013,0.67263157904164461,0.45094837198153614,0.79877687048536838,0.39323940456726109,0.50533102560846754,0.34249903037087293,0.74000000006014355,0.90000000000000002,0.49999999999999994,0.40174002043227264,0.22075471686807696,0.36536267310823067,0.90000000000000002,0.90000000000000002,0.90000000000000002,0.22115497936493023,0.74172043010752686
0.39726027397260277,0.2846153846153846,0.50751732007023942,0.10000000000000002,0.90000000000000013,0.90000000000000013,0.67263157904164461,0.46514859513489037,0.79877687048536838,0.39323940456726109,0.50533102560846754,0.34249903037087293,0.74000000006014355,0.90000000000000002,0.49999999999999994,0.40174002043227264,0.22075471686807696,0.36536267310823067,0.90000000000000002,0.90000000000000002,0.90000000000000002,0.22115497936493023,0.76752688172043015
0.39863013698630134,0.2846153846153846,0.53208972792265952,0.10000000000000002,0.90000000000000013,0.90000000000000013,0.67263157904164461,0.49354904144159872,0.79877687048536838,0.39323940456726109,0.50533102560846754,0.34249903037087293,0.74000000006014355,0.90000000000000002,0.49999999999999994,0.40174002043227264,0.22075471686807696,0.36536267310823067,0.90000000000000002,0.90000000000000002,0.90000000000000002,0.22115497936493023,0.78301075268817222
0.40000000000000002,0.2846153846153846,0.60580695159905407,0.10000000000000002,0.90000000000000013,0.90000000000000013,0.67263157904164461,0.57875038036172377,0.79877687048536838,0.39323940456726109,0.50533102560846754,0.34249903037087293,0.74000000006014355,0.90000000000000002,0.49999999999999994,0.40174002043227264,0.22075471686807696,0.36536267310823067,0.90000000000000002,0.90000000000000002,0.90000000000000002,0.22115497936493023,0.7468817204301077
0.40136986301369859,0.2846153846153846,0.44279109114248028,0.10000000000000002,0.90000000000000013,0.90000000000000013,0.67263157904164461,0.35154681000567578,0.70469921672107039,0.35797068508809943,0.42390018756306597,0.25365088312682177,0.74000000006014355,0.90000000000000002,0.49999999999999994,0.40174002043227264,0.22075471686807696,0.36536267310823067,0.90000000000000002,0.90000000000000002,0.90000000000000002,0.22115497936493023,0.77612903225806473
0.40273972602739727,0.2846153846153846,0.44614743142641267,0.10000000000000002,0.90000000000000013,0.90000000000000013,0.67263157904164461,0.35154681000567578,0.70469921672107039,0.35797068508809943,0.42390018756306597,0.25365088312682177,0.74000000006014355,0.90000000000000002,0.49999999999999994,0.40174002043227264,0.22075471686807696,0.36536267310823067,0.90000000000000002,0.90000000000000002,0.90000000000000002,0.22115497936493023,0.78473118279569909
0.40410958904109595,0.2846153846153846,0.45397889193007612,0.10000000000000002,0.90000000000000013,0.90000000000000013,0.67263157904164461,0.35154681000567578,0.70469921672107039,0.35797068508809943,0.42390018756306597,0.25365088312682177,0.74000000006014355,0.90000000000000002,0.49999999999999994,0.40174002043227264,0.22075471686807696,0.36536267310823067,0.90000000000000002,0.90000000000000002,0.90000000000000002,0.22115497936493023,0.77956989247311848
0.40547945205479452,0.2846153846153846,0.45666865370004306,0.10000000000000002,0.90000000000000013,0.90000000000000013,0.68610526324020504,0.35722689920844608,0.70469921672107039,0.35797068508809943,0.42390018756306597,0.25365088312682177,0.74000000006014355,0.90000000000000002,0.49999999999999994,0.40174002043227264,0.22075471686807696,0.36536267310823067,0.90000000000000002,0.90000000000000002,0.90000000000000002,0.22115497936493023,0.79849462365591406
0.4068493150684932,0.2846153846153846,0.45935841535087601,0.10000000000000002,0.90000000000000013,0.90000000000000013,0.69957894743876559,0.36290698850883529,0.70469921672107039,0.35797068508809943,0.42390018756306597,0.25365088312682177,0.74000000006014355,0.90000000000000002,0.49999999999999994,0.40174002043227264,0.22075471686807696,0.36536267310823067,0.90000000000000002,0.90000000000000002,0.90000000000000002,0.22115497936493023,0.81741935483870987
0.40821917808219177,0.2846153846153846,0.59355284832708111,0.10000000000000002,0.90000000000000013,0.90000000000000013,0.70631578945192852,0.56455015720836965,0.79877687048536838,0.39323940456726109,0.50533102560846754,0.34249903037087293,0.74000000006014355,0.90000000000000002,0.49999999999999994,0.40174002043227264,0.22075471686807696,0.36536267310823067,0.90000000000000002,0.90000000000000002,0.90000000000000002,0.22115497936493023,0.78301075268817222
0.40958904109589045,0.2846153846153846,0.46070329623585948,0.10000000000000002,0.90000000000000013,0.90000000000000013,0.70631578945192852,0.36574703315902996,0.70469921672107039,0.35797068508809943,0.42390018756306597,0.25365088312682177,0.74000000006014355,0.90000000000000002,0.49999999999999994,0.40174002043227264,0.22075471686807696,0.36536267310823067,0.90000000000000002,0.90000000000000002,0.90000000000000002,0.22115497936493023,0.79333333333333345
0.41095890410958902,0.2846153846153846,0.46204817712084295,0.10000000000000002,0.90000000000000013,0.90000000000000013,0.71305263163732613,0.36858707780922456,0.70469921672107039,0.35797068508809943,0.42390018756306597,0.25365088312682177,0.74000000006014355,0.90000000000000002,0.49999999999999994,0.40174002043227264,0.22075471686807696,0.36536267310823067,0.90000000000000002,0.90000000000000002,0.90000000000000002,0.22115497936493023,0.75376344086021518
0.4123287671232877,0.2846153846153846,0.4701174621924758,0.10000000000000002,0.90000000000000013,0.90000000000000013,0.75347368423300765,0.38562734551515448,0.70469921672107039,0.35797068508809943,0.42390018756306597,0.25365088312682177,0.74000000006014355,0.90000000000000002,0.49999999999999994,0.40174002043227264,0.22075471686807696,0.36536267310823067,0.90000000000000002,0.90000000000000002,0.90000000000000002,0.22115497936493023,0.70387096774193547
0.41369863013698627,0.31538461538461537,0.38875803272391424,0.31452513962684697,0.34000000005126069,0.34000000005126069,0.22463157896586108,0.35641545793560125,0.44180969845590434,0.23871151002659302,0.27770085107298292,0.27887153455516578,0.58000000012028718,0.10000000000000003,0.69999999990047457,0.38663254864994956,0.12075471686807696,0.29201303996025119,0.099999999999999978,0.099999999999999978,0.099999999999999978,0.12121390697847506,0.7709677419354839
0.41506849315068495,0.34615384615384615,0.41338794274215129,0.31452513962684697,0.30799999990773064,0.30799999990773064,0.22294736837645296,0.41240490917855432,0.44180969845590434,0.23871151002659302,0.20754363192361563,0.2760509583942134,0.58000000012028718,0.10000000000000003,0.099999999999999978,0.4077175025165074,0.11839622635255323,0.57074164627777646,0.099999999999999978,0.099999999999999978,0.099999999999999978,0.11885680613229183,0.75376344086021518
0.41643835616438352,0.25384615384615383,0.38920074357451545,0.31452513962684697,0.69599999991798289,0.69599999991798289,0.48863157903819976,0.29758596204245363,0.70469921672107039,0.41178275188232705,0.36735900771309266,0.35678289789793782,0.66000000009021531,0.90000000000000002,0.69999999990047457,0.35891504612629427,0.25094339618071199,0.37220863892001588,0.90000000000000002,0.90000000000000002,0.58000000006600572,0.25132586920208405,0.72795698924731189
0.4178082191780822,0.37692307692307692,0.39866515417326898,0.27162011174677358,0.70799999990773066,0.70799999990773066,0.50757894730786712,0.30643067250217537,0.83747708718458136,0.43087149178740536,0.48228761000514958,0.32246588870049586,0.33999999990978452,0.10000000000000003,0.69999999990047457,0.35891504612629427,0.25094339618071199,0.37220863892001588,0.90000000000000002,0.90000000000000002,0.58000000006600572,0.25132586920208405,0.72623655913978502
0.41917808219178088,0.37692307692307692,0.39824644906039314,0.15363128490671174,0.73199999988722642,0.73199999988722642,0.47389473689758316,0.28298001825267705,0.87067155475007785,0.44632428124147216,0.52255877694114705,0.55563351313669584,0.58000000012028718,0.90000000000000002,0.69999999990047457,0.35891504612629427,0.25094339618071199,0.37220863892001588,0.90000000000000002,0.90000000000000002,0.58000000006600572,0.25132586920208405,0.70043010752688173
0.42054794520547945,0.37692307692307692,0.39488039482899301,0.26625698329007441,0.71359999981751177,0.71359999981751177,0.50193684204003164,0.30221117759052574,0.83747708718458136,0.46541302114655053,0.49382662632755941,0.32246588870049586,0.33999999990978452,0.10000000000000003,0.69999999990047457,0.35891504612629427,0.25094339618071199,0.37220863892001588,0.90000000000000002,0.90000000000000002,0.58000000006600572,0.25132586920208405,0.68666666666666665
0.42191780821917813,0.37692307692307692,0.39710087183916032,0.15363128490671174,0.73199999988722642,0.73199999988722642,0.47221052630817506,0.28216857688221336,0.87067155475007785,0.44632428124147216,0.52255877694114705,0.55563351313669584,0.58000000012028718,0.90000000000000002,0.69999999990047457,0.35891504612629427,0.25094339618071199,0.37220863892001588,0.90000000000000002,0.90000000000000002,0.58000000006600572,0.25132586920208405,0.72107526881720441
0.42328767123287669,0.37692307692307692,0.39454107620065776,0.27162011174677358,0.70799999990773066,0.70799999990773066,0.50151578956491449,0.30350948372469627,0.83747708718458136,0.43087149178740536,0.48228761000514958,0.32246588870049586,0.33999999990978452,0.10000000000000003,0.69999999990047457,0.35891504612629427,0.25094339618071199,0.37220863892001588,0.90000000000000002,0.90000000000000002,0.58000000006600572,0.25132586920208405,0.72451612903225815
0.42465753424657537,0.37692307692307692,0.39595529461792756,0.15363128490671174,0.73199999988722642,0.73199999988722642,0.47052631571876691,0.28135713560936854,0.87067155475007785,0.44632428124147216,0.52255877694114705,0.55563351313669584,0.58000000012028718,0.90000000000000002,0.69999999990047457,0.35891504612629427,0.25094339618071199,0.37220863892001588,0.90000000000000002,0.90000000000000002,0.58000000006600572,0.25132586920208405,0.71247311827956994
0.42602739726027394,0.37692307692307692,0.39480971739669474,0.15363128490671174,0.73199999988722642,0.73199999988722642,0.46884210530159359,0.28054569423890485,0.87067155475007785,0.44632428124147216,0.52255877694114705,0.55563351313669584,0.58000000012028718,0.90000000000000002,0.69999999990047457,0.35891504612629427,0.25094339618071199,0.37220863892001588,0.90000000000000002,0.90000000000000002,0.58000000006600572,0.25132586920208405,0.7090322580645162
0.42739726027397262,0.37692307692307692,0.39309135156484559,0.15363128490671174,0.73199999988722642,0.73199999988722642,0.46631578941748142,0.2793285322320187,0.87067155475007785,0.44632428124147216,0.52255877694114705,0.54834702487306453,0.49999999984964089,0.90000000000000002,0.69999999990047457,0.35891504612629427,0.25094339618071199,0.37220863892001588,0.90000000000000002,0.90000000000000002,0.58000000006600572,0.25132586920208405,0.7021505376344086
0.42876712328767119,0.37692307692307692,0.39822076841786941,0.15363128490671174,0.71599999981546136,0.71599999981546136,0.4646315790003081,0.28825438681902499,0.87067155475007785,0.44632428124147216,0.57635367095767154,0.55516341710987038,0.58000000012028718,0.90000000000000002,0.69999999990047457,0.35891504612629427,0.25094339618071199,0.37220863892001588,0.90000000000000002,0.90000000000000002,0.58000000006600572,0.25132586920208405,0.72107526881720441
0.43013698630136987,0.37692307692307692,0.39041699822804649,0.27162011174677358,0.70799999990773066,0.70799999990773066,0.49545263164972697,0.30058829494721717,0.83747708718458136,0.43087149178740536,0.48228761000514958,0.32246588870049586,0.33999999990978452,0.10000000000000003,0.69999999990047457,0.35891504612629427,0.25094339618071199,0.37220863892001588,0.90000000000000002,0.90000000000000002,0.58000000006600572,0.25132586920208405,0.72451612903225815
0.43150684931506855,0.37692307692307692,0.3806530180575034,0.29664804465794303,0.72399999997949571,0.72399999997949571,0.48231578950015414,0.29312303474895052,0.59445092478782957,0.2956141346818198,0.27193134291177801,0.20893770050459864,0.66000000009021531,0.10000000000000003,0.69999999990047457,0.35891504612629427,0.25094339618071199,0.37220863892001588,0.90000000000000002,0.90000000000000002,0.58000000006600572,0.25132586920208405,0.73139784946236563
0.43287671232876712,0.37692307692307692,0.40189253322096247,0.13575418993780783,0.73999999979495712,0.73999999979495712,0.51768421049984614,0.31787199513261943,0.87067155475007785,0.88091126009492182,0.90000000000000002,0.89661765914937808,0.66000000009021531,0.90000000000000002,0.69999999990047457,0.35891504612629427,0.25094339618071199,0.37220863892001588,0.90000000000000002,0.90000000000000002,0.58000000006600572,0.25132586920208405,0.75376344086021518
0.4342465753424658,0.37692307692307692,0.40708726802537087,0.15363128490671174,0.73999999979495712,0.73999999979495712,0.48400000008956229,0.29920884468576214,0.87067155475007785,0.55722077037000184,0.66075003615346395,0.61416046725915852,0.58000000012028718,0.90000000000000002,0.89999999999999991,0.35891504612629427,0.25094339618071199,0.37220863892001588,0.90000000000000002,0.90000000000000002,0.58000000006600572,0.25132586920208405,0.6901075268817205
0.43561643835616437,0.37692307692307692,0.38629292025543521,0.27162011174677358,0.70799999990773066,0.70799999990773066,0.4893894737345395,0.29766710616973813,0.83747708718458136,0.43087149178740536,0.48228761000514958,0.32246588870049586,0.33999999990978452,0.10000000000000003,0.69999999990047457,0.35891504612629427,0.25094339618071199,0.37220863892001588,0.90000000000000002,0.90000000000000002,0.58000000006600572,0.25132586920208405,0.71419354838709681
0.43698630136986305,0.37692307692307692,0.37950744083627058,0.29664804465794303,0.72399999997949571,0.72399999997949571,0.48063157891074604,0.29231159347610569,0.59445092478782957,0.2956141346818198,0.27193134291177801,0.20893770050459864,0.66000000009021531,0.10000000000000003,0.69999999990047457,0.35891504612629427,0.25094339618071199,0.37220863892001588,0.90000000000000002,0.90000000000000002,0.58000000006600572,0.25132586920208405,0.73655913978494625
0.43835616438356162,0.37692307692307692,0.40231849585751794,0.15363128490671174,0.71599999981546136,0.71599999981546136,0.47305263160287908,0.29636880003556754,0.87067155475007785,0.44632428124147216,0.57635367095767154,0.55516341710987038,0.58000000012028718,0.90000000000000002,0.69999999990047457,0.35891504612629427,0.25094339618071199,0.37220863892001588,0.90000000000000002,0.90000000000000002,0.58000000006600572,0.25132586920208405,0.67978494623655938
0.4397260273972603,0.37692307692307692,0.3783618637341718,0.29664804465794303,0.72399999997949571,0.72399999997949571,0.47894736849357272,0.29150015210564201,0.59445092478782957,0.2956141346818198,0.27193134291177801,0.20893770050459864,0.66000000009021531,0.10000000000000003,0.69999999990047457,0.35891504612629427,0.25094339618071199,0.37220863892001588,0.90000000000000002,0.90000000000000002,0.58000000006600572,0.25132586920208405,0.72795698924731189
0.44109589041095887,0.37692307692307692,0.40560226054725201,0.23407821232339937,0.77999999984621793,0.77999999984621793,0.49073684210272511,0.29068871083279718,0.70469921672107039,0.44632428124147216,0.37889802403550243,0.33774400911583413,0.58000000012028718,0.10000000000000003,0.69999999990047457,0.35891504612629427,0.25094339618071199,0.37220863892001588,0.90000000000000002,0.90000000000000002,0.58000000006600572,0.25132586920208405,0.75720430107526893
0.44246575342465755,0.37692307692307692,0.40410608759310263,0.24301675975123133,0.77199999993848722,0.77199999993848722,0.48821052639084778,0.29068871083279718,0.70469921672107039,0.47395750475860254,0.43509303330816496,0.53389862378225938,0.66000000009021531,0.90000000000000002,0.69999999990047457,0.35891504612629427,0.25094339618071199,0.37220863892001588,0.90000000000000002,0.90000000000000002,0.58000000006600572,0.25132586920208405,0.75204301075268831
0.44383561643835612,0.37692307692307692,0.40756738325641451,0.23407821232339937,0.77999999984621793,0.77999999984621793,0.49410526310930653,0.29312303474895052,0.70469921672107039,0.41178275188232705,0.36735900771309266,0.33774400911583413,0.58000000012028718,0.90000000000000002,0.69999999990047457,0.35891504612629427,0.25094339618071199,0.37220863892001588,0.90000000000000002,0.90000000000000002,0.58000000006600572,0.25132586920208405,0.76064516129032267
0.4452054794520548,0.37692307692307692,0.37721628651293898,0.29664804465794303,0.72399999997949571,0.72399999997949571,0.47726315790416457,0.29068871083279718,0.59445092478782957,0.2956141346818198,0.27193134291177801,0.20893770050459864,0.66000000009021531,0.10000000000000003,0.69999999990047457,0.35891504612629427,0.25094339618071199,0.37220863892001588,0.90000000000000002,0.90000000000000002,0.58000000006600572,0.25132586920208405,0.72967741935483876
0.44657534246575348,0.37692307692307692,0.40436735963690923,0.15363128490671174,0.71599999981546136,0.71599999981546136,0.47726315790416457,0.30042600669264824,0.87067155475007785,0.41178275188232705,0.57635367095767154,0.55516341710987038,0.58000000012028718,0.90000000000000002,0.69999999990047457,0.35891504612629427,0.25094339618071199,0.37220863892001588,0.90000000000000002,0.90000000000000002,0.58000000006600572,0.25132586920208405,0.67118279569892492
0.44794520547945205,0.37692307692307692,0.382168842282824,0.27162011174677358,0.70799999990773066,0.70799999990773066,0.48332631581935204,0.29474591739225903,0.83747708718458136,0.43087149178740536,0.48228761000514958,0.32246588870049586,0.33999999990978452,0.10000000000000003,0.69999999990047457,0.35891504612629427,0.25094339618071199,0.37220863892001588,0.90000000000000002,0.90000000000000002,0.58000000006600572,0.25132586920208405,0.69698924731182799
0.44931506849315073,0.37692307692307692,0.37607070929170622,0.29664804465794303,0.72399999997949571,0.72399999997949571,0.47557894731475647,0.2898772694623335,0.59445092478782957,0.2956141346818198,0.27193134291177801,0.20893770050459864,0.66000000009021531,0.10000000000000003,0.69999999990047457,0.35891504612629427,0.25094339618071199,0.37220863892001588,0.90000000000000002,0.90000000000000002,0.58000000006600572,0.25132586920208405,0.72623655913978502
0.4506849315068493,0.37692307692307692,0.37588145458020977,0.18491620113060359,0.68800000001025219,0.68800000001025219,0.49831578941059201,0.31117760424117419,0.87067155475007785,0.88091126009492182,0.90000000000000002,0.90000000000000013,0.89999999999999991,0.90000000000000002,0.69999999990047457,0.35891504612629427,0.25094339618071199,0.37220863892001588,0.90000000000000002,0.90000000000000002,0.58000000006600572,0.25132586920208405,0.68666666666666665
0.45205479452054798,0.37692307692307692,0.3749251320704734,0.29664804465794303,0.72399999997949571,0.72399999997949571,0.47389473689758316,0.28906582818948867,0.59445092478782957,0.2956141346818198,0.27193134291177801,0.20893770050459864,0.66000000009021531,0.10000000000000003,0.69999999990047457,0.35891504612629427,0.25094339618071199,0.37220863892001588,0.90000000000000002,0.90000000000000002,0.58000000006600572,0.25132586920208405,0.72795698924731189
0.45342465753424654,0.37692307692307692,0.37820443054596853,0.29664804465794303,0.72399999997949571,0.72399999997949571,0.4646315790003081,0.28257429761625463,0.70456590564843502,0.41178275188232705,0.36724361752065571,0.33045752085220292,0.58000000012028718,0.90000000000000002,0.69999999990047457,0.35891504612629427,0.25094339618071199,0.37220863892001588,0.90000000000000002,0.90000000000000002,0.58000000006600572,0.25132586920208405,0.78301075268817222
0.45479452054794522,0.37692307692307692,0.37437467441191802,0.29664804465794303,0.72399999997949571,0.72399999997949571,0.47726315790416457,0.29068871083279718,0.59445092478782957,0.2956141346818198,0.27193134291177801,0.21833962088894415,0.74000000006014355,0.10000000000000003,0.69999999990047457,0.35891504612629427,0.25094339618071199,0.37220863892001588,0.90000000000000002,0.90000000000000002,0.58000000006600572,0.25132586920208405,0.73139784946236563
0.45616438356164379,0.37692307692307692,0.36642798620038508,0.17865921781788122,0.68399999992823501,0.68399999992823501,0.46488421062316632,0.29580079114457614,0.87067155475007785,0.88091126009492182,0.90000000000000002,0.89661765914937808,0.58000000012028718,0.90000000000000002,0.69999999990047457,0.35891504612629427,0.25094339618071199,0.37220863892001588,0.90000000000000002,0.90000000000000002,0.58000000006600572,0.25132586920208405,0.75548387096774205
0.45753424657534247,0.37692307692307692,0.37377955484924064,0.29664804465794303,0.72399999997949571,0.72399999997949571,0.47221052630817506,0.28825438681902499,0.59445092478782957,0.2956141346818198,0.27193134291177801,0.20893770050459864,0.66000000009021531,0.10000000000000003,0.69999999990047457,0.35891504612629427,0.25094339618071199,0.37220863892001588,0.90000000000000002,0.90000000000000002,0.58000000006600572,0.25132586920208405,0.80709677419354842
0.45890410958904115,0.37692307692307692,0.37686122456578341,0.29664804465794303,0.72399999997949571,0.72399999997949571,0.46547368429501218,0.28338573888909946,0.70456590564843502,0.41178275188232705,0.36724361752065571,0.33045752085220292,0.58000000012028718,0.90000000000000002,0.69999999990047457,0.35891504612629427,0.25094339618071199,0.37220863892001588,0.90000000000000002,0.90000000000000002,0.58000000006600572,0.25132586920208405,0.77440860215053764
0.46027397260273972,0.37692307692307692,0.39270809679666968,0.12234636868281989,0.73999999979495712,0.73999999979495712,0.50673684218539783,0.31340906783911632,0.87067155475007785,0.88091126009492182,0.90000000000000002,0.89661765914937808,0.74000000006014355,0.90000000000000002,0.69999999990047457,0.35891504612629427,0.25094339618071199,0.37220863892001588,0.90000000000000002,0.90000000000000002,0.58000000006600572,0.25132586920208405,0.69182795698924737
0.4616438356164384,0.37692307692307692,0.37379741958706264,0.29664804465794303,0.72399999997949571,0.72399999997949571,0.47557894731475647,0.2898772694623335,0.59445092478782957,0.2956141346818198,0.27193134291177801,0.21833962088894415,0.74000000006014355,0.10000000000000003,0.69999999990047457,0.35891504612629427,0.25094339618071199,0.37220863892001588,0.90000000000000002,0.90000000000000002,0.58000000006600572,0.25132586920208405,0.73655913978494625
0.46301369863013697,0.37692307692307692,0.37335687483071017,0.27162011174677358,0.71567999979864783,0.71567999979864783,0.46554105256702188,0.28546302870377238,0.83747708718458136,0.43087149178740536,0.48228761000514958,0.32246588870049586,0.49999999984964089,0.90000000000000002,0.69999999990047457,0.35891504612629427,0.25094339618071199,0.37220863892001588,0.90000000000000002,0.90000000000000002,0.58000000006600572,0.25132586920208405,0.81053763440860238
0.46438356164383565,0.37692307692307692,0.37454336230751206,0.27340782123233998,0.71375999995407047,0.71375999995407047,0.46847157894436625,0.28697230952983505,0.83747708718458136,0.43087149178740536,0.48228761000514958,0.32246588870049586,0.49999999984964089,0.90000000000000002,0.69999999990047457,0.35891504612629427,0.25094339618071199,0.37220863892001588,0.90000000000000002,0.90000000000000002,0.58000000006600572,0.25132586920208405,0.76064516129032267
0.46575342465753422,0.37692307692307692,0.37551801846646432,0.29664804465794303,0.72399999997949571,0.72399999997949571,0.46631578941748142,0.28419718025956314,0.70456590564843502,0.41178275188232705,0.36724361752065571,0.33045752085220292,0.58000000012028718,0.90000000000000002,0.69999999990047457,0.35891504612629427,0.25094339618071199,0.37220863892001588,0.90000000000000002,0.90000000000000002,0.58000000006600572,0.25132586920208405,0.76580645161290328
0.4671232876712329,0.37692307692307692,0.37322016476220726,0.29664804465794303,0.72399999997949571,0.72399999997949571,0.47389473689758316,0.28906582818948867,0.59445092478782957,0.2956141346818198,0.27193134291177801,0.21833962088894415,0.74000000006014355,0.10000000000000003,0.69999999990047457,0.35891504612629427,0.25094339618071199,0.37220863892001588,0.90000000000000002,0.90000000000000002,0.58000000006600572,0.25132586920208405,0.71763440860215066
0.46849315068493147,0.37692307692307692,0.37572984978431395,0.27519553071790637,0.71183999985318924,0.71183999985318924,0.47140210532171062,0.28848159035589777,0.83747708718458136,0.43087149178740536,0.48228761000514958,0.32246588870049586,0.49999999984964089,0.90000000000000002,0.69999999990047457,0.35891504612629427,0.25094339618071199,0.37220863892001588,0.90000000000000002,0.90000000000000002,0.58000000006600572,0.25132586920208405,0.75548387096774205
0.46986301369863015,0.37692307692307692,0.37263397762800782,0.29664804465794303,0.72399999997949571,0.72399999997949571,0.47052631571876691,0.28744294554618016,0.59445092478782957,0.2956141346818198,0.27193134291177801,0.20893770050459864,0.66000000009021531,0.10000000000000003,0.69999999990047457,0.35891504612629427,0.25094339618071199,0.37220863892001588,0.90000000000000002,0.90000000000000002,0.58000000006600572,0.25132586920208405,0.80365591397849467
0.47123287671232883,0.37692307692307692,0.37417481248627921,0.29664804465794303,0.72399999997949571,0.72399999997949571,0.4671578947121855,0.28500862153240797,0.70456590564843502,0.41178275188232705,0.36724361752065571,0.33045752085220292,0.58000000012028718,0.90000000000000002,0.69999999990047457,0.35891504612629427,0.25094339618071199,0.37220863892001588,0.90000000000000002,0.90000000000000002,0.58000000006600572,0.25132586920208405,0.75032258064516144
0.4726027397260274,0.37692307692307692,0.37264291005648581,0.29664804465794303,0.72399999997949571,0.72399999997949571,0.47221052630817506,0.28825438681902499,0.59445092478782957,0.2956141346818198,0.27193134291177801,0.21833962088894415,0.74000000006014355,0.10000000000000003,0.69999999990047457,0.35891504612629427,0.25094339618071199,0.37220863892001588,0.90000000000000002,0.90000000000000002,0.58000000006600572,0.25132586920208405,0.71935483870967754
0.47397260273972608,0.37692307692307692,0.37691633726111584,0.27698324020347276,0.70992000000861188,0.70992000000861188,0.4743326315268202,0.28999087127957929,0.83747708718458136,0.43087149178740536,0.48228761000514958,0.32246588870049586,0.49999999984964089,0.90000000000000002,0.69999999990047457,0.35891504612629427,0.25094339618071199,0.37220863892001588,0.90000000000000002,0.90000000000000002,0.58000000006600572,0.25132586920208405,0.75376344086021518
0.47534246575342465,0.37692307692307692,0.37283160638696011,0.29664804465794303,0.72399999997949571,0.72399999997949571,0.46800000000688957,0.28582006290287165,0.70456590564843502,0.41178275188232705,0.36724361752065571,0.33045752085220292,0.58000000012028718,0.90000000000000002,0.69999999990047457,0.35891504612629427,0.25094339618071199,0.37220863892001588,0.90000000000000002,0.90000000000000002,0.58000000006600572,0.25132586920208405,0.73999999999999999
0.47671232876712333,0.37692307692307692,0.37206565523163043,0.29664804465794303,0.72399999997949571,0.72399999997949571,0.47052631571876691,0.28744294554618016,0.59445092478782957,0.2956141346818198,0.27193134291177801,0.21833962088894415,0.74000000006014355,0.10000000000000003,0.69999999990047457,0.35891504612629427,0.25094339618071199,0.37220863892001588,0.90000000000000002,0.90000000000000002,0.58000000006600572,0.25132586920208405,0.72451612903225815
0.4780821917808219,0.37692307692307692,0.37769640162484863,0.22871508375346017,0.70799999990773066,0.70799999990773066,0.47726315790416457,0.29377218786484521,0.83747708718458136,0.43087149178740536,0.48228761000514958,0.32246588870049586,0.25999999993985629,0.10000000000000003,0.69999999990047457,0.35891504612629427,0.25094339618071199,0.37220863892001588,0.90000000000000002,0.90000000000000002,0.58000000006600572,0.25132586920208405,0.76580645161290328
0.47945205479452058,0.37692307692307692,0.37804476431021272,0.27162011174677358,0.70799999990773066,0.70799999990773066,0.47726315790416457,0.29182472861477993,0.83747708718458136,0.43087149178740536,0.48228761000514958,0.32246588870049586,0.25999999993985629,0.10000000000000003,0.69999999990047457,0.35891504612629427,0.25094339618071199,0.37220863892001588,0.90000000000000002,0.90000000000000002,0.58000000006600572,0.25132586920208405,0.6901075268817205
0.48082191780821915,0.37692307692307692,0.37810282473791773,0.27877094968903915,0.70799999990773066,0.70799999990773066,0.47726315790416457,0.29150015210564201,0.83747708718458136,0.43087149178740536,0.48228761000514958,0.32246588870049586,0.58000000012028718,0.90000000000000002,0.69999999990047457,0.35891504612629427,0.25094339618071199,0.37220863892001588,0.90000000000000002,0.90000000000000002,0.58000000006600572,0.25132586920208405,0.73655913978494625
0.48219178082191783,0.37692307692307692,0.37148840040677505,0.29664804465794303,0.72399999997949571,0.72399999997949571,0.46884210530159359,0.28663150417571648,0.59445092478782957,0.2956141346818198,0.27193134291177801,0.20165121224096741,0.58000000012028718,0.10000000000000003,0.69999999990047457,0.35891504612629427,0.25094339618071199,0.37220863892001588,0.90000000000000002,0.90000000000000002,0.58000000006600572,0.25132586920208405,0.80537634408602155
0.48356164383561639,0.37692307692307692,0.3753935235635984,0.23139664809504978,0.7039999998257136,0.7039999998257136,0.47810526319886865,0.29527335431722701,0.83747708718458136,0.43087149178740536,0.48228761000514958,0.32246588870049586,0.25999999993985629,0.10000000000000003,0.69999999990047457,0.35891504612629427,0.25094339618071199,0.37220863892001588,0.90000000000000002,0.90000000000000002,0.58000000006600572,0.25132586920208405,0.69698924731182799
0.48493150684931507,0.37692307692307692,0.38685432013291948,0.1625698324477837,0.71599999981546136,0.71599999981546136,0.51094736848668332,0.31624911248931092,0.87067155475007785,0.88091126009492182,0.90000000000000002,0.90000000000000013,0.89999999999999991,0.90000000000000002,0.69999999990047457,0.35891504612629427,0.25094339618071199,0.37220863892001588,0.90000000000000002,0.90000000000000002,0.58000000006600572,0.25132586920208405,0.71419354838709681
0.48630136986301375,0.37692307692307692,0.37424208447340629,0.23273743020922455,0.70199999991285678,0.70199999991285678,0.47852631584622068,0.29602393744579902,0.83747708718458136,0.43087149178740536,0.48228761000514958,0.32246588870049586,0.25999999993985629,0.10000000000000003,0.69999999990047457,0.35891504612629427,0.25094339618071199,0.37220863892001588,0.90000000000000002,0.90000000000000002,0.58000000006600572,0.25132586920208405,0.67978494623655938
0.48767123287671232,0.37692307692307692,0.37309259929982264,0.23273743020922455,0.70199999991285678,0.70199999991285678,0.47684210525681253,0.29561821680937661,0.70469921672107039,0.36996932162115881,0.36735900771309266,0.22797658913454005,0.4199999998797127,0.10000000000000003,0.69999999990047457,0.35891504612629427,0.25094339618071199,0.37220863892001588,0.90000000000000002,0.90000000000000002,0.58000000006600572,0.25132586920208405,0.73139784946236563
0.489041095890411,0.37692307692307692,0.39131297138868293,0.12234636868281989,0.73999999979495712,0.73999999979495712,0.49957894735264813,0.31056902318892171,0.87067155475007785,0.88091126009492182,0.90000000000000002,0.89661765914937808,0.58000000012028718,0.90000000000000002,0.69999999990047457,0.35891504612629427,0.25094339618071199,0.37220863892001588,0.90000000000000002,0.90000000000000002,0.58000000006600572,0.25132586920208405,0.69698924731182799
0.49041095890410957,0.37692307692307692,0.38795411880712,0.15363128490671174,0.72399999997949571,0.72399999997949571,0.50757894730786712,0.31422050911196114,0.87067155475007785,0.88091126009492182,0.90000000000000002,0.90000000000000013,0.89999999999999991,0.90000000000000002,0.69999999990047457,0.35891504612629427,0.25094339618071199,0.37220863892001588,0.90000000000000002,0.90000000000000002,0.58000000006600572,0.25132586920208405,0.71419354838709681
0.49178082191780825,0.37692307692307692,0.38840185425298235,0.13575418993780783,0.73199999988722642,0.73199999988722642,0.4949473684040106,0.3077289785387271,0.87067155475007785,0.88091126009492182,0.90000000000000002,0.89661765914937808,0.58000000012028718,0.90000000000000002,0.69999999990047457,0.35891504612629427,0.25094339618071199,0.37220863892001588,0.90000000000000002,0.90000000000000002,0.58000000006600572,0.25132586920208405,0.74860215053763457
0.49315068493150682,0.37692307692307692,0.39462995325643047,0.25195530729230325,0.76400000003075652,0.76400000003075652,0.49663157899341875,0.29555735876272271,0.83747708718458136,0.43087149178740536,0.48228761000514958,0.29614051165476091,0.58000000012028718,0.90000000000000002,0.69999999990047457,0.35891504612629427,0.25094339618071199,0.37220863892001588,0.90000000000000002,0.90000000000000002,0.58000000006600572,0.25132586920208405,0.74344086021505373
0.4945205479452055,0.37692307692307692,0.36840519958016266,0.10000000000000002,0.69259259240273807,0.69259259240273807,0.47426900591745164,0.30773385206340315,0.87067155475007785,0.76965117590638388,0.90000000000000002,0.89661765914937808,0.58000000012028718,0.10000000000000003,0.69999999990047457,0.35891504612629427,0.25094339618071199,0.37220863892001588,0.90000000000000002,0.90000000000000002,0.58000000006600572,0.25132586920208405,0.65225806451612922
0.49589041095890407,0.37692307692307692,0.37284998423488719,0.10000000000000002,0.70300300285137596,0.70300300285137596,0.48084400197037858,0.30923652116311562,0.87067155475007785,0.76965117590638388,0.90000000000000002,0.89661765914937808,0.58000000012028718,0.10000000000000003,0.69999999990047457,0.35891504612629427,0.25094339618071199,0.37220863892001588,0.90000000000000002,0.90000000000000002,0.58000000006600572,0.25132586920208405,0.63677419354838727
0.49726027397260275,0.37692307692307692,0.38416790805341527,0.1625698324477837,0.71599999981546136,0.71599999981546136,0.51263157890385669,0.31787199513261943,0.87067155475007785,0.88091126009492182,0.90000000000000002,0.90000000000000013,0.89999999999999991,0.90000000000000002,0.69999999990047457,0.35891504612629427,0.25094339618071199,0.37220863892001588,0.90000000000000002,0.90000000000000002,0.58000000006600572,0.25132586920208405,0.74860215053763457
0.49863013698630143,0.37692307692307692,0.38705864815366325,0.13575418993780783,0.73199999988722642,0.73199999988722642,0.49578947369871468,0.30854041990919079,0.87067155475007785,0.88091126009492182,0.90000000000000002,0.89661765914937808,0.58000000012028718,0.90000000000000002,0.69999999990047457,0.35891504612629427,0.25094339618071199,0.37220863892001588,0.90000000000000002,0.90000000000000002,0.58000000006600572,0.25132586920208405,0.7709677419354839
0.5,0.37692307692307692,0.38526770684674982,0.15363128490671174,0.72399999997949571,0.72399999997949571,0.50926315789727516,0.31584339175526965,0.87067155475007785,0.88091126009492182,0.90000000000000002,0.90000000000000013,0.89999999999999991,0.90000000000000002,0.69999999990047457,0.35891504612629427,0.25094339618071199,0.37220863892001588,0.90000000000000002,0.90000000000000002,0.58000000006600572,0.25132586920208405,0.73139784946236563
0.50136986301369868,0.37692307692307692,0.3857154421734782,0.13575418993780783,0.73199999988722642,0.73199999988722642,0.49663157899341875,0.30935186118203561,0.87067155475007785,0.88091126009492182,0.90000000000000002,0.89661765914937808,0.58000000012028718,0.90000000000000002,0.69999999990047457,0.35891504612629427,0.25094339618071199,0.37220863892001588,0.90000000000000002,0.90000000000000002,0.58000000006600572,0.25132586920208405,0.74860215053763457
0.50273972602739725,0.37692307692307692,0.39043676112776854,0.13575418993780783,0.73999999979495712,0.73999999979495712,0.50084210529470419,0.30975758191607689,0.87067155475007785,0.88091126009492182,0.90000000000000002,0.89661765914937808,0.58000000012028718,0.90000000000000002,0.69999999990047457,0.35891504612629427,0.25094339618071199,0.37220863892001588,0.90000000000000002,0.90000000000000002,0.58000000006600572,0.25132586920208405,0.74516129032258083
0.50410958904109593,0.37692307692307692,0.3744076124589874,0.18938547484451956,0.70799999990773066,0.70799999990773066,0.48400000008956229,0.30245460997237916,0.59445092478782957,0.76474264289441463,0.66091158229304092,0.54992184651728093,0.58000000012028718,0.10000000000000003,0.69999999990047457,0.35891504612629427,0.25094339618071199,0.37220863892001588,0.90000000000000002,0.90000000000000002,0.58000000006600572,0.25132586920208405,0.78301075268817222
0.5054794520547945,0.37692307692307692,0.3843722360741591,0.13575418993780783,0.73199999988722642,0.73199999988722642,0.49747368428812277,0.3101633025524993,0.87067155475007785,0.88091126009492182,0.90000000000000002,0.89661765914937808,0.58000000012028718,0.90000000000000002,0.69999999990047457,0.35891504612629427,0.25094339618071199,0.37220863892001588,0.90000000000000002,0.90000000000000002,0.58000000006600572,0.25132586920208405,0.72623655913978502
0.50684931506849318,0.37692307692307692,0.38302903009397399,0.13575418993780783,0.73199999988722642,0.73199999988722642,0.49831578941059201,0.31097474382534412,0.87067155475007785,0.88091126009492182,0.90000000000000002,0.89661765914937808,0.58000000012028718,0.90000000000000002,0.69999999990047457,0.35891504612629427,0.25094339618071199,0.37220863892001588,0.90000000000000002,0.90000000000000002,0.58000000006600572,0.25132586920208405,0.72279569892473128
0.50821917808219175,0.37692307692307692,0.38168582411378887,0.13575418993780783,0.73199999988722642,0.73199999988722642,0.49915789470529609,0.31178618519580781,0.87067155475007785,0.76965117590638388,0.90000000000000002,0.89661765914937808,0.58000000012028718,0.10000000000000003,0.69999999990047457,0.35891504612629427,0.25094339618071199,0.37220863892001588,0.90000000000000002,0.90000000000000002,0.58000000006600572,0.25132586920208405,0.72451612903225815
0.50958904109589043,0.37692307692307692,0.3851806160860583,0.19832402238559155,0.73199999988722642,0.73199999988722642,0.49915789470529609,0.30488893398615136,0.59445092478782957,0.2956141346818198,0.27193134291177801,0.22797658913454005,0.58000000012028718,0.10000000000000003,0.69999999990047457,0.35891504612629427,0.25094339618071199,0.37220863892001588,0.90000000000000002,0.90000000000000002,0.58000000006600572,0.25132586920208405,0.70731182795698933
0.510958904109589,0.37692307692307692,0.383524218634265,0.10000000000000002,0.73999999979495712,0.73999999979495712,0.5042105263012856,0.31624911248931092,0.87067155475007785,0.76965117590638388,0.90000000000000002,0.89661765914937808,0.58000000012028718,0.10000000000000003,0.49999999999999994,0.35891504612629427,0.25094339618071199,0.37220863892001588,0.90000000000000002,0.90000000000000002,0.58000000006600572,0.25132586920208405,0.72279569892473128
0.51232876712328768,0.37692307692307692,0.42217628413657327,0.18044692741668761,0.82799999980520933,0.82799999980520933,0.55978947368493592,0.3251749669786983,0.59445092478782957,0.2956141346818198,0.27193134291177801,0.19883063608001506,0.58000000012028718,0.10000000000000003,0.69999999990047457,0.35891504612629427,0.25094339618071199,0.37220863892001588,0.90000000000000002,0.90000000000000002,0.58000000006600572,0.25132586920208405,0.35118279569892474
0.51369863013698636,0.77692307692307694,0.18952027139599098,0.26089385472013521,0.099999999999999978,0.099999999999999978,0.25157894736298214,0.18033269089258069,0.2588535243722862,0.23798431990657648,0.22676763308234416,0.24821187219687912,0.89999999999999991,0.10000000000000003,0.2999999999004746,0.27825997959631932,0.21509433952882984,0.10407497958644296,0.099999999999999978,0.099999999999999978,0.90000000000000002,0.21455509722499982,0.68150537634408626
0.51506849315068493,0.40769230769230769,0.35406803428235811,0.31452513962684697,0.41999999989747849,0.41999999989747849,0.26505263156154268,0.29150015210564201,0.44180969845590434,0.23871151002659302,0.20754363192361563,0.2760509583942134,0.58000000012028718,0.10000000000000003,0.099999999999999978,0.3600204708071712,0.15000000000000005,0.23724531376197214,0.099999999999999978,0.099999999999999978,0.18000000006600569,0.15091337654444439,0.70559139784946245
0.51643835616438361,0.40769230769230769,0.42127523062596728,0.23407821232339937,0.29999999999999999,0.29999999999999999,0.29789473684935736,0.37183284309584158,0.41514747546478892,0.22144074527248486,0.18446559927879597,0.26876447013058219,0.66000000009021531,0.10000000000000003,0.099999999999999978,0.3600204708071712,0.15000000000000005,0.23724531376197214,0.099999999999999978,0.099999999999999978,0.18000000006600569,0.15091337654444439,0.75032258064516144
0.51780821917808217,0.40769230769230769,0.38672926684903142,0.32346368716791896,0.21999999989747848,0.21999999989747848,0.25157894736298214,0.35357541328540665,0.42074654232919756,0.22144074527248486,0.18931198622509249,0.25936254974623668,0.74000000006014355,0.10000000000000003,0.099999999999999978,0.3600204708071712,0.15000000000000005,0.23724531376197214,0.099999999999999978,0.099999999999999978,0.18000000006600569,0.15091337654444439,0.7468817204301077
0.51917808219178085,0.43846153846153846,0.57428292208702358,0.22513966478232739,0.78800000001025228,0.78800000001025228,0.49115789475007715,0.54923420225604436,0.79877687048536838,0.46741279397659602,0.51652387135356648,0.44222990037725596,0.89999999999999991,0.90000000000000002,0.49999999999999994,0.58147389974605346,0.10707547167405898,0.80872045643486912,0.90000000000000002,0.90000000000000002,0.2600000001320113,0.10565704185243105,0.77956989247311848
0.52054794520547942,0.43846153846153846,0.58020620390458733,0.21620111735449543,0.79599999991798287,0.79599999991798287,0.49284210533948525,0.55532001219285609,0.79877687048536838,0.46741279397659602,0.51652387135356648,0.44222990037725596,0.89999999999999991,0.90000000000000002,0.49999999999999994,0.58147389974605346,0.10707547167405898,0.80872045643486912,0.90000000000000002,0.90000000000000002,0.2600000001320113,0.10565704185243105,0.7709677419354839
0.5219178082191781,0.43846153846153846,0.59103447664992259,0.2072625698134235,0.80399999982571357,0.80399999982571357,0.4818947368528021,0.56728877165064917,0.79877687048536838,0.46741279397659602,0.51652387135356648,0.44222990037725596,0.89999999999999991,0.90000000000000002,0.49999999999999994,0.58147389974605346,0.10707547167405898,0.80872045643486912,0.90000000000000002,0.90000000000000002,0.2600000001320113,0.10565704185243105,0.71075268817204307
0.52328767123287667,0.46923076923076923,0.36962209207708868,0.31452513962684697,0.42800000006151284,0.42800000006151284,0.23557894728030943,0.33126077691550992,0.44180969845590434,0.23871151002659302,0.25342276071894754,0.2760509583942134,0.58000000012028718,0.10000000000000003,0.099999999999999978,0.39662231324279007,0.11698113201774143,0.30537897302154443,0.099999999999999978,0.099999999999999978,0.099999999999999978,0.11744254570104276,0.74860215053763457
0.52465753424657535,0.5,0.3627123411312938,0.24301675975123133,0.25999999994873924,0.25999999994873924,0.30126315785593882,0.21238462312232853,0.450168305309812,0.26034541520265808,0.21477859505811836,0.26876447013058219,0.33999999990978452,0.90000000000000002,0.49999999999999994,0.28816786083181217,0.13113207536585927,0.1241238794003848,0.099999999999999978,0.099999999999999978,0.18000000006600569,0.1292280495496545,0.70559139784946245
0.52602739726027403,0.5,0.36273467196422082,0.24301675975123133,0.25999999994873924,0.25999999994873924,0.30631578945192833,0.21400750576563704,0.450168305309812,0.26034541520265808,0.21477859505811836,0.26876447013058219,0.33999999990978452,0.90000000000000002,0.49999999999999994,0.28816786083181217,0.13113207536585927,0.1241238794003848,0.099999999999999978,0.099999999999999978,0.18000000006600569,0.1292280495496545,0.7021505376344086
0.5273972602739726,0.5,0.3627681683923123,0.24301675975123133,0.25999999994873924,0.25999999994873924,0.31389473675979529,0.21644182977940923,0.450168305309812,0.26034541520265808,0.21477859505811836,0.25936254974623668,0.25999999993985629,0.10000000000000003,0.49999999999999994,0.28816786083181217,0.13113207536585927,0.1241238794003848,0.099999999999999978,0.099999999999999978,0.18000000006600569,0.1292280495496545,0.6901075268817205
0.52876712328767128,0.5,0.36265651375114127,0.24301675975123133,0.25999999994873924,0.25999999994873924,0.28863157895208236,0.20832741656286669,0.450168305309812,0.26034541520265808,0.21477859505811836,0.26876447013058219,0.33999999990978452,0.90000000000000002,0.49999999999999994,0.28816786083181217,0.13113207536585927,0.1241238794003848,0.099999999999999978,0.099999999999999978,0.18000000006600569,0.1292280495496545,0.66774193548387117
0.53013698630136985,0.5,0.36267884470320227,0.24301675975123133,0.25999999994873924,0.25999999994873924,0.29368421054807192,0.20995029920617519,0.450168305309812,0.26034541520265808,0.21477859505811836,0.26876447013058219,0.33999999990978452,0.90000000000000002,0.49999999999999994,0.28816786083181217,0.13113207536585927,0.1241238794003848,0.099999999999999978,0.099999999999999978,0.18000000006600569,0.1292280495496545,0.68494623655913978
0.53150684931506853,0.5,0.37927631564922681,0.23407821232339937,0.34000000005126069,0.34000000005126069,0.39894736842467876,0.23794502477884227,0.450168305309812,0.32524713102899561,0.26113082352883626,0.17234072562270222,0.099999999999999978,0.10000000000000003,0.2999999999004746,0.28816786083181217,0.13113207536585927,0.1241238794003848,0.099999999999999978,0.099999999999999978,0.18000000006600569,0.1292280495496545,0.62645161290322593
0.5328767123287671,0.5,0.36840393938079163,0.25642458100621923,0.31999999989747846,0.31999999989747846,0.37789473691825132,0.22983061156229972,0.450168305309812,0.32524713102899561,0.26113082352883626,0.17234072562270222,0.099999999999999978,0.10000000000000003,0.2999999999004746,0.28816786083181217,0.13113207536585927,0.1241238794003848,0.099999999999999978,0.099999999999999978,0.18000000006600569,0.1292280495496545,0.57483870967741946
0.53424657534246578,0.5,0.35753156299322247,0.27877094968903915,0.29999999999999999,0.29999999999999999,0.35684210523958904,0.22171619834575718,0.450168305309812,0.32524713102899561,0.26113082352883626,0.17234072562270222,0.099999999999999978,0.10000000000000003,0.2999999999004746,0.28816786083181217,0.13113207536585927,0.1241238794003848,0.099999999999999978,0.099999999999999978,0.18000000006600569,0.1292280495496545,0.61268817204301085
0.53561643835616435,0.5,0.34016925741564452,0.32346368716791896,0.25999999994873924,0.25999999994873924,0.31473684205449931,0.20548737191267208,0.450168305309812,0.32524713102899561,0.26113082352883626,0.17234072562270222,0.099999999999999978,0.10000000000000003,0.2999999999004746,0.28816786083181217,0.13113207536585927,0.1241238794003848,0.099999999999999978,0.099999999999999978,0.18000000006600569,0.1292280495496545,0.62129032258064532
0.53698630136986303,0.5,0.33578681045635217,0.32346368716791896,0.25999999994873924,0.25999999994873924,0.31473684205449931,0.20548737191267208,0.450168305309812,0.26034541520265808,0.21477859505811836,0.17234072562270222,0.099999999999999978,0.10000000000000003,0.2999999999004746,0.28816786083181217,0.13113207536585927,0.1241238794003848,0.099999999999999978,0.099999999999999978,0.18000000006600569,0.1292280495496545,0.59204301075268828
0.5383561643835616,0.5,0.33571981760016911,0.32346368716791896,0.25999999994873924,0.25999999994873924,0.29789473684935736,0.20143016535321023,0.450168305309812,0.26034541520265808,0.21477859505811836,0.25936254974623668,0.25999999993985629,0.10000000000000003,0.2999999999004746,0.28816786083181217,0.13113207536585927,0.1241238794003848,0.099999999999999978,0.099999999999999978,0.18000000006600569,0.1292280495496545,0.67978494623655938
0.53972602739726028,0.5,0.33568632117207764,0.32346368716791896,0.25999999994873924,0.25999999994873924,0.28947368424678638,0.19940156197586045,0.450168305309812,0.26034541520265808,0.21477859505811836,0.25936254974623668,0.25999999993985629,0.10000000000000003,0.2999999999004746,0.28816786083181217,0.13113207536585927,0.1241238794003848,0.099999999999999978,0.099999999999999978,0.18000000006600569,0.1292280495496545,0.62129032258064532
0.54109589041095896,0.5,0.33565282474398611,0.32346368716791896,0.25999999994873924,0.25999999994873924,0.2810526316442154,0.19737295869612953,0.450168305309812,0.26034541520265808,0.21477859505811836,0.25936254974623668,0.099999999999999978,0.10000000000000003,0.099999999999999978,0.28816786083181217,0.13113207536585927,0.1241238794003848,0.099999999999999978,0.099999999999999978,0.18000000006600569,0.1292280495496545,0.61440860215053772
0.54246575342465753,0.5,0.33569748664810811,0.32346368716791896,0.25999999994873924,0.25999999994873924,0.29368421054807192,0.19940156197586045,0.450168305309812,0.26034541520265808,0.21477859505811836,0.26876447013058219,0.33999999990978452,0.90000000000000002,0.2999999999004746,0.28816786083181217,0.13113207536585927,0.1241238794003848,0.099999999999999978,0.099999999999999978,0.18000000006600569,0.1292280495496545,0.6901075268817205
0.54383561643835621,0.5,0.33575331402826064,0.32346368716791896,0.25999999994873924,0.25999999994873924,0.30631578945192833,0.20345876863294116,0.450168305309812,0.26034541520265808,0.21477859505811836,0.25936254974623668,0.25999999993985629,0.10000000000000003,0.2999999999004746,0.28816786083181217,0.13113207536585927,0.1241238794003848,0.099999999999999978,0.099999999999999978,0.18000000006600569,0.1292280495496545,0.6161290322580647
0.54520547945205478,0.5,0.3671506153516047,0.23407821232339937,0.29999999999999999,0.29999999999999999,0.36105263154087452,0.22171619834575718,0.450168305309812,0.32524713102899561,0.26113082352883626,0.17234072562270222,0.099999999999999978,0.10000000000000003,0.2999999999004746,0.28816786083181217,0.13113207536585927,0.1241238794003848,0.099999999999999978,0.099999999999999978,0.18000000006600569,0.1292280495496545,0.62473118279569906
0.54657534246575346,0.5,0.37190431421021025,0.21173184352733948,0.29999999999999999,0.29999999999999999,0.35052631587377825,0.21765899178629533,0.450168305309812,0.32524713102899561,0.26113082352883626,0.26876447013058219,0.33999999990978452,0.90000000000000002,0.2999999999004746,0.28816786083181217,0.13113207536585927,0.1241238794003848,0.099999999999999978,0.099999999999999978,0.18000000006600569,0.1292280495496545,0.69182795698924737
0.54794520547945202,0.5,0.36904037115712829,0.21173184352733948,0.29999999999999999,0.29999999999999999,0.34631578940025792,0.21563038840894555,0.450168305309812,0.32524713102899561,0.26113082352883626,0.27887153455516578,0.4199999998797127,0.90000000000000002,0.89999999999999991,0.28816786083181217,0.13113207536585927,0.1241238794003848,0.099999999999999978,0.099999999999999978,0.18000000006600569,0.1292280495496545,0.65741935483870984
0.5493150684931507,0.5,0.37193222790028652,0.21173184352733948,0.29999999999999999,0.29999999999999999,0.35684210523958904,0.21968759506602625,0.450168305309812,0.32524713102899561,0.26113082352883626,0.26876447013058219,0.33999999990978452,0.90000000000000002,0.2999999999004746,0.28816786083181217,0.13113207536585927,0.1241238794003848,0.099999999999999978,0.099999999999999978,0.18000000006600569,0.1292280495496545,0.6660215053763443
0.55068493150684927,0.5,0.37050025637374556,0.21173184352733948,0.29999999999999999,0.29999999999999999,0.35473684217506374,0.21867329337735136,0.450168305309812,0.32524713102899561,0.26113082352883626,0.27887153455516578,0.4199999998797127,0.90000000000000002,0.89999999999999991,0.28816786083181217,0.13113207536585927,0.1241238794003848,0.099999999999999978,0.099999999999999978,0.18000000006600569,0.1292280495496545,0.66258064516129045
0.55205479452054795,0.5,0.3719601414712288,0.21173184352733948,0.29999999999999999,0.29999999999999999,0.36315789477763472,0.22171619834575718,0.450168305309812,0.32524713102899561,0.26113082352883626,0.17234072562270222,0.099999999999999978,0.10000000000000003,0.2999999999004746,0.28816786083181217,0.13113207536585927,0.1241238794003848,0.099999999999999978,0.099999999999999978,0.18000000006600569,0.1292280495496545,0.64537634408602162
0.55342465753424663,0.5,0.37187081778211878,0.21173184352733948,0.29999999999999999,0.29999999999999999,0.34210526309897243,0.21563038840894555,0.450168305309812,0.32524713102899561,0.26113082352883626,0.26876447013058219,0.33999999990978452,0.10000000000000003,0.2999999999004746,0.28816786083181217,0.13113207536585927,0.1241238794003848,0.099999999999999978,0.099999999999999978,0.18000000006600569,0.1292280495496545,0.72279569892473128
0.5547945205479452,0.5,0.37192664516227125,0.21173184352733948,0.29999999999999999,0.29999999999999999,0.35473684217506374,0.21968759506602625,0.450168305309812,0.32524713102899561,0.26113082352883626,0.25936254974623668,0.25999999993985629,0.10000000000000003,0.2999999999004746,0.28816786083181217,0.13113207536585927,0.1241238794003848,0.099999999999999978,0.099999999999999978,0.18000000006600569,0.1292280495496545,0.65397849462365609
0.55616438356164388,0.5,0.37015524325971022,0.22513966478232739,0.29200000009226929,0.29200000009226929,0.3543157895277117,0.21847043305914016,0.450168305309812,0.32524713102899561,0.26113082352883626,0.17234072562270222,0.099999999999999978,0.10000000000000003,0.2999999999004746,0.28816786083181217,0.13113207536585927,0.1241238794003848,0.099999999999999978,0.099999999999999978,0.18000000006600569,0.1292280495496545,0.65741935483870984
0.55753424657534245,0.5,0.36927875386785175,0.22513966478232739,0.29200000009226929,0.29200000009226929,0.3543157895277117,0.21847043305914016,0.450168305309812,0.32524713102899561,0.26113082352883626,0.17234072562270222,0.099999999999999978,0.10000000000000003,0.2999999999004746,0.28816786083181217,0.13113207536585927,0.1241238794003848,0.099999999999999978,0.099999999999999978,0.18000000006600569,0.1292280495496545,0.66086021505376358
0.55890410958904113,0.5,0.36840226447599328,0.22513966478232739,0.29200000009226929,0.29200000009226929,0.3543157895277117,0.21847043305914016,0.450168305309812,0.32524713102899561,0.26113082352883626,0.17234072562270222,0.099999999999999978,0.10000000000000003,0.2999999999004746,0.28816786083181217,0.13113207536585927,0.1241238794003848,0.099999999999999978,0.099999999999999978,0.18000000006600569,0.1292280495496545,0.6660215053763443
0.5602739726027397,0.5,0.36752577520326879,0.22513966478232739,0.29200000009226929,0.29200000009226929,0.3543157895277117,0.21847043305914016,0.450168305309812,0.32524713102899561,0.26113082352883626,0.17234072562270222,0.099999999999999978,0.10000000000000003,0.2999999999004746,0.28816786083181217,0.13113207536585927,0.1241238794003848,0.099999999999999978,0.099999999999999978,0.18000000006600569,0.1292280495496545,0.67118279569892492
0.56164383561643838,0.5,0.36664928581141032,0.22513966478232739,0.29200000009226929,0.29200000009226929,0.3543157895277117,0.21847043305914016,0.450168305309812,0.32524713102899561,0.26113082352883626,0.17234072562270222,0.099999999999999978,0.10000000000000003,0.2999999999004746,0.28816786083181217,0.13113207536585927,0.1241238794003848,0.099999999999999978,0.099999999999999978,0.18000000006600569,0.1292280495496545,0.66946236559139805
0.56301369863013695,0.5,0.36489630702769338,0.22513966478232739,0.29200000009226929,0.29200000009226929,0.3543157895277117,0.21847043305914016,0.450168305309812,0.32524713102899561,0.26113082352883626,0.17234072562270222,0.099999999999999978,0.10000000000000003,0.2999999999004746,0.28816786083181217,0.13113207536585927,0.1241238794003848,0.099999999999999978,0.099999999999999978,0.18000000006600569,0.1292280495496545,0.67118279569892492
0.56438356164383563,0.5,0.36314332824397638,0.22513966478232739,0.29200000009226929,0.29200000009226929,0.3543157895277117,0.21847043305914016,0.450168305309812,0.26034541520265808,0.21477859505811836,0.17234072562270222,0.099999999999999978,0.10000000000000003,0.2999999999004746,0.28816786083181217,0.13113207536585927,0.1241238794003848,0.099999999999999978,0.099999999999999978,0.18000000006600569,0.1292280495496545,0.65569892473118296
0.56575342465753431,0.5,0.36306293686421037,0.22513966478232739,0.29200000009226929,0.29200000009226929,0.33410526314375344,0.21360178512921463,0.450168305309812,0.26034541520265808,0.21477859505811836,0.25936254974623668,0.89999999999999991,0.90000000000000002,0.2999999999004746,0.28816786083181217,0.13113207536585927,0.1241238794003848,0.099999999999999978,0.099999999999999978,0.18000000006600569,0.1292280495496545,0.69526881720430111
0.56712328767123288,0.5,0.37676966770998688,0.18938547484451956,0.29999999999999999,0.29999999999999999,0.36526315784216001,0.22171619834575718,0.450168305309812,0.32524713102899561,0.26113082352883626,0.17234072562270222,0.099999999999999978,0.10000000000000003,0.2999999999004746,0.28816786083181217,0.13113207536585927,0.1241238794003848,0.099999999999999978,0.099999999999999978,0.18000000006600569,0.1292280495496545,0.62989247311827967
0.56849315068493156,0.5,0.35998573336190659,0.22513966478232739,0.26799999985646988,0.26799999985646988,0.31052631575321388,0.20264732726247744,0.450168305309812,0.32524713102899561,0.26113082352883626,0.26876447013058219,0.33999999990978452,0.90000000000000002,0.2999999999004746,0.28816786083181217,0.13113207536585927,0.1241238794003848,0.099999999999999978,0.099999999999999978,0.18000000006600569,0.1292280495496545,0.76580645161290328
0.56986301369863013,0.5,0.35694872554948581,0.22513966478232739,0.25999999994873924,0.25999999994873924,0.32399999995177436,0.20548737191267208,0.450168305309812,0.26034541520265808,0.21477859505811836,0.17234072562270222,0.099999999999999978,0.10000000000000003,0.2999999999004746,0.28816786083181217,0.13113207536585927,0.1241238794003848,0.099999999999999978,0.099999999999999978,0.18000000006600569,0.1292280495496545,0.64537634408602162
0.57123287671232881,0.77692307692307694,0.14168069914813924,0.10000000000000002,0.099999999999999978,0.099999999999999978,0.10000000000000003,0.10000000000000001,0.099999999999999978,0.14163163273116408,0.10000000000000003,0.10246095255891999,0.099999999999999978,0.10000000000000003,0.099999999999999978,0.10769703173078007,0.52169811317627668,0.19845150764319056,0.099999999999999978,0.099999999999999978,0.099999999999999978,0.52050677663541567,0.67634408602150553
0.57260273972602738,0.77692307692307694,0.13919079930381109,0.10000000000000002,0.099999999999999978,0.099999999999999978,0.10000000000000003,0.10000000000000001,0.099999999999999978,0.14163163273116408,0.10000000000000003,0.10246095255891999,0.099999999999999978,0.10000000000000003,0.099999999999999978,0.10769703173078007,0.52169811317627668,0.19845150764319056,0.099999999999999978,0.099999999999999978,0.099999999999999978,0.52050677663541567,0.58860215053763454
0.57397260273972606,0.53076923076923077,0.25563380994616902,0.10000000000000002,0.41600000007176502,0.41600000007176502,0.37200000002755773,0.22394766204131816,0.44180969845590434,0.49850017041473377,0.3958603779418064,0.27851191110529572,0.89999999999999991,0.90000000000000002,0.2999999999004746,0.10769703173078007,0.52169811317627668,0.19845150764319056,0.099999999999999978,0.099999999999999978,0.099999999999999978,0.52050677663541567,0.65913978494623671
0.57534246575342463,0.53076923076923077,0.2539335322283775,0.10000000000000002,0.4256000000635633,0.4256000000635633,0.37301052634675558,0.22248706765257861,0.44180969845590434,0.49850017041473377,0.3958603779418064,0.27851191110529572,0.89999999999999991,0.90000000000000002,0.2999999999004746,0.10769703173078007,0.52169811317627668,0.19845150764319056,0.099999999999999978,0.099999999999999978,0.099999999999999978,0.52050677663541567,0.66430107526881743
0.57671232876712331,0.53076923076923077,0.25708431622010497,0.10000000000000002,0.40079999991388193,0.40079999991388193,0.36661052638258046,0.22463738712323628,0.44180969845590434,0.49850017041473377,0.3958603779418064,0.27851191110529572,0.89999999999999991,0.90000000000000002,0.2999999999004746,0.10769703173078007,0.52169811317627668,0.19845150764319056,0.099999999999999978,0.099999999999999978,0.099999999999999978,0.52050677663541567,0.66086021505376358
0.57808219178082187,0.53076923076923077,0.26695950439848182,0.10000000000000002,0.34399999987697422,0.34399999987697422,0.36610526313686409,0.24707373968405971,0.33304115977150844,0.48122940566062561,0.30171354400064276,0.22844668516136546,0.82000000003007179,0.90000000000000002,0.2999999999004746,0.10769703173078007,0.52169811317627668,0.19845150764319056,0.099999999999999978,0.099999999999999978,0.099999999999999978,0.52050677663541567,0.69182795698924737
0.57945205479452055,0.53076923076923077,0.24590198642283953,0.10000000000000002,0.43199999988722637,0.43199999988722637,0.36610526313686409,0.21583324882477561,0.44180969845590434,0.49850017041473377,0.3958603779418064,0.27851191110529572,0.82000000003007179,0.90000000000000002,0.2999999999004746,0.10769703173078007,0.52169811317627668,0.19845150764319056,0.099999999999999978,0.099999999999999978,0.099999999999999978,0.52050677663541567,0.66946236559139805
0.58082191780821923,0.53076923076923077,0.26913576613786439,0.10000000000000002,0.33679999988312548,0.33679999988312548,0.35852631582899719,0.24378740233380047,0.33304115977150844,0.48122940566062561,0.30171354400064276,0.22844668516136546,0.82000000003007179,0.90000000000000002,0.2999999999004746,0.10769703173078007,0.52169811317627668,0.19845150764319056,0.099999999999999978,0.099999999999999978,0.099999999999999978,0.52050677663541567,0.76064516129032267
0.5821917808219178,0.53076923076923077,0.26552362491958992,0.10000000000000002,0.34799999995899139,0.34799999995899139,0.3694736841434455,0.24565371735896241,0.33304115977150844,0.48122940566062561,0.30171354400064276,0.22844668516136546,0.82000000003007179,0.90000000000000002,0.2999999999004746,0.10769703173078007,0.52169811317627668,0.19845150764319056,0.099999999999999978,0.099999999999999978,0.099999999999999978,0.52050677663541567,0.66430107526881743
0.58356164383561648,0.53076923076923077,0.25894046384985225,0.10000000000000002,0.32800000006151286,0.32800000006151286,0.34926315793172213,0.23977076783798085,0.33304115977150844,0.48122940566062561,0.30171354400064276,0.22844668516136546,0.82000000003007179,0.90000000000000002,0.2999999999004746,0.10769703173078007,0.52169811317627668,0.19845150764319056,0.099999999999999978,0.099999999999999978,0.099999999999999978,0.52050677663541567,0.68494623655913978
0.58493150684931505,0.53076923076923077,0.25606870501120249,0.10000000000000002,0.33599999996924357,0.33599999996924357,0.35599999994488496,0.23693072318778624,0.33304115977150844,0.48122940566062561,0.30171354400064276,0.22844668516136546,0.82000000003007179,0.90000000000000002,0.2999999999004746,0.10769703173078007,0.52169811317627668,0.19845150764319056,0.099999999999999978,0.099999999999999978,0.099999999999999978,0.52050677663541567,0.6660215053763443
0.58630136986301373,0.53076923076923077,0.25693570383182884,0.10000000000000002,0.32399999997949569,0.32399999997949569,0.34505263163043665,0.23794502477884227,0.33304115977150844,0.48122940566062561,0.30171354400064276,0.22844668516136546,0.82000000003007179,0.90000000000000002,0.2999999999004746,0.10769703173078007,0.52169811317627668,0.19845150764319056,0.099999999999999978,0.099999999999999978,0.099999999999999978,0.52050677663541567,0.7021505376344086
0.5876712328767123,0.53076923076923077,0.25750458449009439,0.10000000000000002,0.33199999988722634,0.33199999988722634,0.35263157893830355,0.23835074551288354,0.33304115977150844,0.48122940566062561,0.30171354400064276,0.22844668516136546,0.82000000003007179,0.90000000000000002,0.2999999999004746,0.10769703173078007,0.52169811317627668,0.19845150764319056,0.099999999999999978,0.099999999999999978,0.099999999999999978,0.52050677663541567,0.66430107526881743
0.58904109589041098,0.53076923076923077,0.25092142342035667,0.10000000000000002,0.31199999998974781,0.31199999998974781,0.33242105255434534,0.23246779589428312,0.33304115977150844,0.48122940566062561,0.30171354400064276,0.22844668516136546,0.82000000003007179,0.90000000000000002,0.2999999999004746,0.10769703173078007,0.52169811317627668,0.19845150764319056,0.099999999999999978,0.099999999999999978,0.099999999999999978,0.52050677663541567,0.69870967741935486
0.59041095890410955,0.53076923076923077,0.24804966458170696,0.10000000000000002,0.31999999989747846,0.31999999989747846,0.339157894739743,0.22962775124408852,0.33304115977150844,0.48122940566062561,0.30171354400064276,0.22844668516136546,0.82000000003007179,0.90000000000000002,0.2999999999004746,0.10769703173078007,0.52169811317627668,0.19845150764319056,0.099999999999999978,0.099999999999999978,0.099999999999999978,0.52050677663541567,0.66258064516129045
0.59178082191780823,0.53076923076923077,0.24948554394146483,0.10000000000000002,0.31600000007176499,0.31600000007176499,0.33578947373316159,0.23104777356918582,0.33304115977150844,0.48122940566062561,0.30171354400064276,0.22844668516136546,0.82000000003007179,0.90000000000000002,0.2999999999004746,0.10769703173078007,0.52169811317627668,0.19845150764319056,0.099999999999999978,0.099999999999999978,0.099999999999999978,0.52050677663541567,0.66946236559139805
0.59315068493150691,0.53076923076923077,0.24290238299086112,0.10000000000000002,0.29599999991798281,0.29599999991798281,0.31557894734920339,0.2251648239505854,0.33304115977150844,0.48122940566062561,0.30171354400064276,0.22844668516136546,0.82000000003007179,0.90000000000000002,0.2999999999004746,0.10769703173078007,0.52169811317627668,0.19845150764319056,0.099999999999999978,0.099999999999999978,0.099999999999999978,0.52050677663541567,0.6780645161290324
0.59452054794520548,0.53076923076923077,0.23976261257932391,0.10000000000000002,0.30340340328282006,0.30340340328282006,0.32169537956107047,0.22208171250122125,0.33304115977150844,0.48122940566062561,0.30171354400064276,0.22844668516136546,0.82000000003007179,0.90000000000000002,0.2999999999004746,0.10769703173078007,0.52169811317627668,0.19845150764319056,0.099999999999999978,0.099999999999999978,0.099999999999999978,0.52050677663541567,0.67118279569892492
0.59589041095890416,0.53076923076923077,0.25673528364430193,0.10000000000000002,0.29999999999999999,0.29999999999999999,0.31052631575321388,0.23997362815619205,0.31809698375294587,0.42250880570535748,0.28877830662564508,0.27169551871632752,0.89999999999999991,0.90000000000000002,0.2999999999004746,0.10769703173078007,0.52169811317627668,0.19845150764319056,0.099999999999999978,0.099999999999999978,0.099999999999999978,0.52050677663541567,0.71935483870967754
0.59726027397260273,0.53076923076923077,0.250231397430554,0.10000000000000002,0.29999999999999999,0.29999999999999999,0.31894736835578485,0.22374480172310696,0.33304115977150844,0.48122940566062561,0.30171354400064276,0.22844668516136546,0.82000000003007179,0.90000000000000002,0.2999999999004746,0.10769703173078007,0.52169811317627668,0.19845150764319056,0.099999999999999978,0.099999999999999978,0.099999999999999978,0.52050677663541567,0.7589247311827958
0.59863013698630141,0.53076923076923077,0.23108819926004887,0.10000000000000002,0.3799999998462178,0.3799999998462178,0.31894736835578485,0.19534435541639861,0.44180969845590434,0.49850017041473377,0.3958603779418064,0.27851191110529572,0.82000000003007179,0.90000000000000002,0.2999999999004746,0.10769703173078007,0.52169811317627668,0.19845150764319056,0.099999999999999978,0.099999999999999978,0.099999999999999978,0.52050677663541567,0.7778494623655916
0.59999999999999998,0.53076923076923077,0.24640275770114578,0.10000000000000002,0.31600000007176499,0.31600000007176499,0.31894736835578485,0.21806471242271774,0.44180969845590434,0.49850017041473377,0.3958603779418064,0.27851191110529572,0.82000000003007179,0.90000000000000002,0.2999999999004746,0.10769703173078007,0.52169811317627668,0.19845150764319056,0.099999999999999978,0.099999999999999978,0.099999999999999978,0.52050677663541567,0.77440860215053764
0.60136986301369866,0.53076923076923077,0.24257411809087154,0.10000000000000002,0.33199999988722634,0.33199999988722634,0.31894736835578485,0.21238462312232853,0.44180969845590434,0.49850017041473377,0.3958603779418064,0.27851191110529572,0.82000000003007179,0.90000000000000002,0.2999999999004746,0.10769703173078007,0.52169811317627668,0.19845150764319056,0.099999999999999978,0.099999999999999978,0.099999999999999978,0.52050677663541567,0.78645161290322596
0.60273972602739723,0.53076923076923077,0.23874547848059732,0.10000000000000002,0.34799999995899139,0.34799999995899139,0.31894736835578485,0.20670453391955818,0.44180969845590434,0.49850017041473377,0.3958603779418064,0.27851191110529572,0.82000000003007179,0.90000000000000002,0.2999999999004746,0.10769703173078007,0.52169811317627668,0.19845150764319056,0.099999999999999978,0.099999999999999978,0.099999999999999978,0.52050677663541567,0.78817204301075283
0.60410958904109591,0.53076923076923077,0.23491683887032308,0.10000000000000002,0.36400000003075644,0.36400000003075644,0.31894736835578485,0.20102444461916893,0.44180969845590434,0.49850017041473377,0.3958603779418064,0.27851191110529572,0.82000000003007179,0.90000000000000002,0.2999999999004746,0.10769703173078007,0.52169811317627668,0.19845150764319056,0.099999999999999978,0.099999999999999978,0.099999999999999978,0.52050677663541567,0.78301075268817222
0.60547945205479448,0.53076923076923077,0.2545105636769972,0.10000000000000002,0.29999999999999999,0.29999999999999999,0.31894736835578485,0.22171619834575718,0.44180969845590434,0.48122940566062561,0.3958603779418064,0.28534005575038029,0.82000000003007179,0.90000000000000002,0.49999999999999994,0.10769703173078007,0.52169811317627668,0.19845150764319056,0.099999999999999978,0.099999999999999978,0.099999999999999978,0.52050677663541567,0.70559139784946245
0.60684931506849316,0.53076923076923077,0.24143300708387777,0.10000000000000002,0.29999999999999999,0.29999999999999999,0.31052631575321388,0.22171619834575718,0.42074654232919756,0.48122940566062561,0.37762873224328325,0.26182350245731895,0.82000000003007179,0.90000000000000002,0.2999999999004746,0.10769703173078007,0.52169811317627668,0.19845150764319056,0.099999999999999978,0.099999999999999978,0.099999999999999978,0.52050677663541567,0.6350537634408604
0.60821917808219172,0.53076923076923077,0.2450952811966047,0.10000000000000002,0.29999999999999999,0.29999999999999999,0.31052631575321388,0.23185921493964951,0.31809698375294587,0.42250880570535748,0.28877830662564508,0.25171643803273536,0.89999999999999991,0.90000000000000002,0.2999999999004746,0.10769703173078007,0.52169811317627668,0.19845150764319056,0.099999999999999978,0.099999999999999978,0.099999999999999978,0.52050677663541567,0.68494623655913978
0.6095890410958904,0.53076923076923077,0.24797038972571717,0.10000000000000002,0.29999999999999999,0.29999999999999999,0.31052631575321388,0.23997362815619205,0.31809698375294587,0.42250880570535748,0.28877830662564508,0.27169551871632752,0.89999999999999991,0.90000000000000002,0.2999999999004746,0.10769703173078007,0.52169811317627668,0.19845150764319056,0.099999999999999978,0.099999999999999978,0.099999999999999978,0.52050677663541567,0.66430107526881743
0.61095890410958897,0.53076923076923077,0.24146650351196927,0.10000000000000002,0.29999999999999999,0.29999999999999999,0.31894736835578485,0.22374480172310696,0.33304115977150844,0.48122940566062561,0.30171354400064276,0.22844668516136546,0.82000000003007179,0.90000000000000002,0.2999999999004746,0.10769703173078007,0.52169811317627668,0.19845150764319056,0.099999999999999978,0.099999999999999978,0.099999999999999978,0.52050677663541567,0.70043010752688173
0.61232876712328765,0.53076923076923077,0.23189490448628369,0.10000000000000002,0.34000000005126069,0.34000000005126069,0.31894736835578485,0.20954457856975278,0.44180969845590434,0.49850017041473377,0.3958603779418064,0.27851191110529572,0.82000000003007179,0.90000000000000002,0.2999999999004746,0.10769703173078007,0.52169811317627668,0.19845150764319056,0.099999999999999978,0.099999999999999978,0.099999999999999978,0.52050677663541567,0.65741935483870984
0.61369863013698633,0.53076923076923077,0.24645746855752204,0.10000000000000002,0.29999999999999999,0.29999999999999999,0.31052631575321388,0.23591642149911135,0.31809698375294587,0.42250880570535748,0.28877830662564508,0.26628941455999783,0.89999999999999991,0.90000000000000002,0.2999999999004746,0.10769703173078007,0.52169811317627668,0.19845150764319056,0.099999999999999978,0.099999999999999978,0.099999999999999978,0.52050677663541567,0.67118279569892492
0.6150684931506849,0.53076923076923077,0.23649228668046224,0.10000000000000002,0.29999999999999999,0.29999999999999999,0.31052631575321388,0.20751597519240297,0.31809698375294587,0.45395977720350356,0.28877830662564508,0.17480167818162221,0.89999999999999991,0.90000000000000002,0.2999999999004746,0.10769703173078007,0.52169811317627668,0.19845150764319056,0.099999999999999978,0.099999999999999978,0.099999999999999978,0.52050677663541567,0.69526881720430111
0.61643835616438358,0.53076923076923077,0.2344266748061592,0.10000000000000002,0.29999999999999999,0.29999999999999999,0.31052631575321388,0.20345876863294116,0.36092984511452864,0.48850130656264867,0.32585316602637771,0.17480167818162221,0.89999999999999991,0.90000000000000002,0.2999999999004746,0.10769703173078007,0.52169811317627668,0.19845150764319056,0.099999999999999978,0.099999999999999978,0.099999999999999978,0.52050677663541567,0.62301075268817219
0.61780821917808215,0.53076923076923077,0.24324181324774721,0.10000000000000002,0.29999999999999999,0.29999999999999999,0.31052631575321388,0.2278020082825688,0.31809698375294587,0.47759345520961405,0.28877830662564508,0.23855374958594905,0.89999999999999991,0.90000000000000002,0.49999999999999994,0.10769703173078007,0.52169811317627668,0.19845150764319056,0.099999999999999978,0.099999999999999978,0.099999999999999978,0.52050677663541567,0.68838709677419352
0.61917808219178083,0.53076923076923077,0.2369662609116025,0.10000000000000002,0.32399999997949569,0.32399999997949569,0.313052631637326,0.21806471242271774,0.44180969845590434,0.49850017041473377,0.3958603779418064,0.27851191110529572,0.82000000003007179,0.90000000000000002,0.49999999999999994,0.10769703173078007,0.52169811317627668,0.19845150764319056,0.099999999999999978,0.099999999999999978,0.099999999999999978,0.52050677663541567,0.68838709677419352
0.6205479452054794,0.53076923076923077,0.2390581116903174,0.10000000000000002,0.31600000007176499,0.31600000007176499,0.31221052634262197,0.22131047770933476,0.44180969845590434,0.49850017041473377,0.3958603779418064,0.27851191110529572,0.82000000003007179,0.90000000000000002,0.49999999999999994,0.10769703173078007,0.52169811317627668,0.19845150764319056,0.099999999999999978,0.099999999999999978,0.099999999999999978,0.52050677663541567,0.69354838709677424
0.62191780821917808,0.53076923076923077,0.24114996246903231,0.10000000000000002,0.30799999990773064,0.30799999990773064,0.3113684210479179,0.22455624299595178,0.44180969845590434,0.49850017041473377,0.3958603779418064,0.27851191110529572,0.82000000003007179,0.90000000000000002,0.49999999999999994,0.10769703173078007,0.52169811317627668,0.19845150764319056,0.099999999999999978,0.099999999999999978,0.099999999999999978,0.52050677663541567,0.69354838709677424
0.62328767123287665,0.53076923076923077,0.22232330534146411,0.10000000000000002,0.3799999998462178,0.3799999998462178,0.31894736835578485,0.19534435541639861,0.44180969845590434,0.49850017041473377,0.3958603779418064,0.27851191110529572,0.82000000003007179,0.90000000000000002,0.2999999999004746,0.10769703173078007,0.52169811317627668,0.19845150764319056,0.099999999999999978,0.099999999999999978,0.099999999999999978,0.52050677663541567,0.65053763440860235
0.62465753424657533,0.53076923076923077,0.24083007173563262,0.10000000000000002,0.29999999999999999,0.29999999999999999,0.30631578945192833,0.22273050003443207,0.42074654232919756,0.51449835245881304,0.39182172218027489,0.31595975982922181,0.82000000003007179,0.90000000000000002,0.2999999999004746,0.10769703173078007,0.52169811317627668,0.19845150764319056,0.099999999999999978,0.099999999999999978,0.099999999999999978,0.52050677663541567,0.7589247311827958
0.62602739726027401,0.53076923076923077,0.22647267319710424,0.10000000000000002,0.35999999994873921,0.35999999994873921,0.30631578945192833,0.20143016535321023,0.44180969845590434,0.53176911706384999,0.41005336804109155,0.33264816832503624,0.82000000003007179,0.90000000000000002,0.2999999999004746,0.10769703173078007,0.52169811317627668,0.19845150764319056,0.099999999999999978,0.099999999999999978,0.099999999999999978,0.52050677663541567,0.72967741935483876
0.62739726027397258,0.53076923076923077,0.23125847270994701,0.10000000000000002,0.34000000005126069,0.34000000005126069,0.30631578945192833,0.20853027688107789,0.44180969845590434,0.53176911706384999,0.41005336804109155,0.33264816832503624,0.82000000003007179,0.90000000000000002,0.2999999999004746,0.10769703173078007,0.52169811317627668,0.19845150764319056,0.099999999999999978,0.099999999999999978,0.099999999999999978,0.52050677663541567,0.75548387096774205
0.62876712328767126,0.53076923076923077,0.23604427222278981,0.10000000000000002,0.31999999989747846,0.31999999989747846,0.30631578945192833,0.21563038840894555,0.44180969845590434,0.53176911706384999,0.41005336804109155,0.33264816832503624,0.82000000003007179,0.90000000000000002,0.2999999999004746,0.10769703173078007,0.52169811317627668,0.19845150764319056,0.099999999999999978,0.099999999999999978,0.099999999999999978,0.52050677663541567,0.76408602150537641
0.63013698630136983,0.53076923076923077,0.22168687356512745,0.10000000000000002,0.3799999998462178,0.3799999998462178,0.30631578945192833,0.19433005372772369,0.44180969845590434,0.53176911706384999,0.41005336804109155,0.33264816832503624,0.82000000003007179,0.90000000000000002,0.2999999999004746,0.10769703173078007,0.52169811317627668,0.19845150764319056,0.099999999999999978,0.099999999999999978,0.099999999999999978,0.52050677663541567,0.73827956989247312
0.63150684931506851,0.53076923076923077,0.23102678914188107,0.10000000000000002,0.25999999994873924,0.25999999994873924,0.23473684215784019,0.18925854547958698,0.42074654232919756,0.45395977720350356,0.37762873224328325,0.26182350245731895,0.74000000006014355,0.10000000000000003,0.2999999999004746,0.10769703173078007,0.52169811317627668,0.19845150764319056,0.099999999999999978,0.099999999999999978,0.099999999999999978,0.52050677663541567,0.69698924731182799
0.63287671232876708,0.53076923076923077,0.20008448078807906,0.10000000000000002,0.3799999998462178,0.3799999998462178,0.15894736839023177,0.12840044630670838,0.70469921672107039,0.69193273488557505,0.62340977932635577,0.35584270584428707,0.099999999999999978,0.10000000000000003,0.49999999999999994,0.10769703173078007,0.52169811317627668,0.19845150764319056,0.099999999999999978,0.099999999999999978,0.099999999999999978,0.52050677663541567,0.71935483870967754
0.63424657534246576,0.53076923076923077,0.21101268443666671,0.10000000000000002,0.21999999989747848,0.21999999989747848,0.20105263157532144,0.17302971904650186,0.42074654232919756,0.45395977720350356,0.37762873224328325,0.26182350245731895,0.74000000006014355,0.10000000000000003,0.2999999999004746,0.10769703173078007,0.52169811317627668,0.19845150764319056,0.099999999999999978,0.099999999999999978,0.099999999999999978,0.52050677663541567,0.66774193548387117
0.63561643835616433,0.53076923076923077,0.19629659512957595,0.10000000000000002,0.21999999989747848,0.21999999989747848,0.20105263157532144,0.16491530582995928,0.42074654232919756,0.45395977720350356,0.37762873224328325,0.26182350245731895,0.74000000006014355,0.10000000000000003,0.2999999999004746,0.10769703173078007,0.52169811317627668,0.19845150764319056,0.099999999999999978,0.099999999999999978,0.099999999999999978,0.52050677663541567,0.69698924731182799
0.63698630136986301,0.53076923076923077,0.19358896862178701,0.10000000000000002,0.24399999987697418,0.24399999987697418,0.22126315795927964,0.16653818847326782,0.42074654232919756,0.45395977720350356,0.37762873224328325,0.26182350245731895,0.74000000006014355,0.10000000000000003,0.2999999999004746,0.10769703173078007,0.52169811317627668,0.19845150764319056,0.099999999999999978,0.099999999999999978,0.099999999999999978,0.52050677663541567,0.54903225806451617
0.63835616438356158,0.53076923076923077,0.17628249030522761,0.10000000000000002,0.18000000010252143,0.18000000010252143,0.16736842099280269,0.14868647929925533,0.42074654232919756,0.45395977720350356,0.37762873224328325,0.26182350245731895,0.74000000006014355,0.10000000000000003,0.2999999999004746,0.10769703173078007,0.52169811317627668,0.19845150764319056,0.099999999999999978,0.099999999999999978,0.099999999999999978,0.52050677663541567,0.60580645161290336
0.63972602739726026,0.53076923076923077,0.14155229617378845,0.10000000000000002,0.14000000005126068,0.14000000005126068,0.13368421058251878,0.12434323964962768,0.42074654232919756,0.45395977720350356,0.37762873224328325,0.26182350245731895,0.74000000006014355,0.10000000000000003,0.2999999999004746,0.10769703173078007,0.52169811317627668,0.19845150764319056,0.099999999999999978,0.099999999999999978,0.099999999999999978,0.52050677663541567,0.51462365591397863
0.64109589041095894,0.59230769230769231,0.49993373296766541,0.10000000000000002,0.90000000000000013,0.90000000000000013,0.64568421047228863,0.34748960334859502,0.83747708718458136,0.42141802067440387,0.44997836439977823,0.31282892030273768,0.4199999998797127,0.90000000000000002,0.49999999999999994,0.38741044018735415,0.16415094334811789,0.89999999999999991,0.90000000000000002,0.90000000000000002,0.41999999993399434,0.16458456096805485,0.7589247311827958
0.6424657534246575,0.56153846153846154,0.38872230324827017,0.23407821232339937,0.29999999999999999,0.29999999999999999,0.27684210534292997,0.28460290089598556,0.42074654232919756,0.19417111681536278,0.19752776575186884,0.27887153455516578,0.4199999998797127,0.90000000000000002,0.89999999999999991,0.32354145347905322,0.12877358485033555,0.15476772619827903,0.099999999999999978,0.099999999999999978,0.099999999999999978,0.1292280495496545,0.6660215053763443
0.64383561643835618,0.56153846153846154,0.39155274975412668,0.18938547484451956,0.34000000005126069,0.34000000005126069,0.25157894736298214,0.27445988430209317,0.38341943010133106,0.19417111681536278,0.16521852014649746,0.27887153455516578,0.58000000012028718,0.10000000000000003,0.69999999990047457,0.32354145347905322,0.12877358485033555,0.15476772619827903,0.099999999999999978,0.099999999999999978,0.099999999999999978,0.1292280495496545,0.7778494623655916
0.64520547945205475,0.56153846153846154,0.40442318689792772,0.19832402238559155,0.32399999997949569,0.32399999997949569,0.3096842104585098,0.29839740331529846,0.42074654232919756,0.19417111681536278,0.19752776575186884,0.26876447013058219,0.33999999990978452,0.10000000000000003,0.2999999999004746,0.32354145347905322,0.12877358485033555,0.15476772619827903,0.099999999999999978,0.099999999999999978,0.099999999999999978,0.1292280495496545,0.74516129032258083
0.64657534246575343,0.90000000000000002,0.4107551248761131,0.10000000000000002,0.90000000000000013,0.90000000000000013,0.40989473691136191,0.24930520337962073,0.70469921672107039,0.36051585035908612,0.33504976194542774,0.16662905900328734,0.58000000012028718,0.10000000000000003,0.2999999999004746,0.4012487205741051,0.24858490566518829,0.49185004067911253,0.90000000000000002,0.90000000000000002,0.7399999998679887,0.24896876848333566,0.55763440860215063
0.647945205479452,0.90000000000000002,0.42279875900830477,0.10000000000000002,0.90000000000000013,0.90000000000000013,0.45536842110303311,0.27121411901547615,0.70469921672107039,0.36051585035908612,0.33504976194542774,0.16662905900328734,0.58000000012028718,0.10000000000000003,0.2999999999004746,0.4012487205741051,0.24858490566518829,0.49185004067911253,0.90000000000000002,0.90000000000000002,0.7399999998679887,0.24896876848333566,0.63333333333333353
0.64931506849315068,0.90000000000000002,0.42681330375874671,0.10000000000000002,0.90000000000000013,0.90000000000000013,0.47052631571876691,0.27851709095917393,0.70469921672107039,0.36051585035908612,0.33504976194542774,0.16662905900328734,0.58000000012028718,0.10000000000000003,0.2999999999004746,0.4012487205741051,0.24858490566518829,0.49185004067911253,0.90000000000000002,0.90000000000000002,0.7399999998679887,0.24896876848333566,0.5851612903225808
0.65068493150684925,0.59230769230769231,0.38976711205428438,0.17150837987561565,0.80799999990773075,0.80799999990773075,0.4949473684040106,0.29434019675583661,0.70469921672107039,0.43214407449743431,0.43509303330816496,0.3533817531332048,0.89999999999999991,0.90000000000000002,0.49999999999999994,0.4012487205741051,0.24858490566518829,0.49185004067911253,0.90000000000000002,0.90000000000000002,0.7399999998679887,0.24896876848333566,0.70043010752688173
0.65205479452054793,0.59230769230769231,0.38631419043842841,0.17150837987561565,0.80000000000000004,0.80000000000000004,0.49326315798683729,0.29434019675583661,0.70469921672107039,0.43214407449743431,0.43509303330816496,0.3533817531332048,0.89999999999999991,0.90000000000000002,0.49999999999999994,0.4012487205741051,0.24858490566518829,0.49185004067911253,0.90000000000000002,0.90000000000000002,0.7399999998679887,0.24896876848333566,0.6780645161290324
0.65342465753424661,0.59230769230769231,0.38864833199935162,0.17150837987561565,0.80799999990773075,0.80799999990773075,0.4949473684040106,0.29434019675583661,0.70469921672107039,0.43214407449743431,0.43509303330816496,0.3533817531332048,0.89999999999999991,0.90000000000000002,0.49999999999999994,0.4012487205741051,0.24858490566518829,0.49185004067911253,0.90000000000000002,0.90000000000000002,0.7399999998679887,0.24896876848333566,0.69182795698924737
0.65479452054794518,0.59230769230769231,0.39098247344114084,0.17150837987561565,0.81599999981546145,0.81599999981546145,0.49663157899341875,0.29434019675583661,0.70469921672107039,0.43214407449743431,0.43509303330816496,0.3533817531332048,0.89999999999999991,0.90000000000000002,0.49999999999999994,0.4012487205741051,0.24858490566518829,0.49185004067911253,0.90000000000000002,0.90000000000000002,0.7399999998679887,0.24896876848333566,0.68150537634408626
0.65616438356164386,0.59230769230769231,0.39681782710518088,0.17150837987561565,0.83599999996924357,0.83599999996924357,0.50084210529470419,0.29434019675583661,0.70469921672107039,0.43214407449743431,0.43509303330816496,0.3533817531332048,0.099999999999999978,0.10000000000000003,0.49999999999999994,0.4012487205741051,0.24858490566518829,0.49185004067911253,0.90000000000000002,0.90000000000000002,0.7399999998679887,0.24896876848333566,0.65913978494623671
0.65753424657534243,0.59230769230769231,0.40298217143349191,0.27162011174677358,0.70799999990773066,0.70799999990773066,0.55002105271417934,0.3268789937492913,0.83747708718458136,0.43087149178740536,0.48228761000514958,0.32246588870049586,0.4199999998797127,0.10000000000000003,0.69999999990047457,0.4012487205741051,0.24858490566518829,0.49185004067911253,0.90000000000000002,0.90000000000000002,0.7399999998679887,0.24896876848333566,0.66774193548387117
0.65890410958904111,0.59230769230769231,0.40713840593418277,0.27162011174677358,0.70799999990773066,0.70799999990773066,0.56214736837231949,0.3327213713042495,0.83747708718458136,0.43087149178740536,0.48228761000514958,0.32246588870049586,0.4199999998797127,0.10000000000000003,0.69999999990047457,0.4012487205741051,0.24858490566518829,0.49185004067911253,0.90000000000000002,0.90000000000000002,0.7399999998679887,0.24896876848333566,0.66774193548387117
0.66027397260273968,0.59230769230769231,0.41129464043487363,0.27162011174677358,0.70799999990773066,0.70799999990773066,0.57427368420269431,0.33856374885920765,0.83747708718458136,0.43087149178740536,0.48228761000514958,0.32246588870049586,0.4199999998797127,0.10000000000000003,0.69999999990047457,0.4012487205741051,0.24858490566518829,0.49185004067911253,0.90000000000000002,0.90000000000000002,0.7399999998679887,0.24896876848333566,0.65741935483870984
0.66164383561643836,0.59230769230769231,0.43963070483183586,0.10000000000000002,0.85999999994873932,0.85999999994873932,0.58673684208205701,0.33572370420901304,0.83747708718458136,0.47795705026962232,0.55051781341147144,0.60027383085802311,0.58000000012028718,0.10000000000000003,0.49999999999999994,0.4012487205741051,0.24858490566518829,0.49185004067911253,0.90000000000000002,0.90000000000000002,0.7399999998679887,0.24896876848333566,0.83462365591397858
0.66301369863013693,0.59230769230769231,0.43100817079220705,0.10000000000000002,0.85999999994873932,0.85999999994873932,0.58336842107547549,0.33694086621589914,0.70469921672107039,0.41705488010337582,0.4355892111194144,0.45407396955857282,0.099999999999999978,0.10000000000000003,0.2999999999004746,0.4012487205741051,0.24858490566518829,0.49185004067911253,0.90000000000000002,0.90000000000000002,0.7399999998679887,0.24896876848333566,0.82602150537634422
0.66438356164383561,0.59230769230769231,0.42266756472451339,0.10000000000000002,0.85999999994873932,0.85999999994873932,0.55810526309552777,0.32476924634227589,0.70469921672107039,0.36287921824913993,0.35639694219057394,0.17626602724888324,0.74000000006014355,0.10000000000000003,0.2999999999004746,0.4012487205741051,0.24858490566518829,0.49185004067911253,0.90000000000000002,0.90000000000000002,0.7399999998679887,0.24896876848333566,0.81225806451612925
0.66575342465753418,0.59230769230769231,0.43656857475791344,0.10000000000000002,0.85999999994873932,0.85999999994873932,0.60021052628061744,0.34505527943244169,0.70469921672107039,0.41705488010337582,0.4355892111194144,0.45407396955857282,0.74000000006014355,0.10000000000000003,0.2999999999004746,0.4012487205741051,0.24858490566518829,0.49185004067911253,0.90000000000000002,0.90000000000000002,0.7399999998679887,0.24896876848333566,0.81053763440860238
0.66712328767123286,0.59230769230769231,0.4765666375498474,0.10000000000000002,0.90000000000000013,0.90000000000000013,0.60526315787660701,0.33531798357259063,0.83747708718458136,0.42141802067440387,0.44997836439977823,0.31282892030273768,0.58000000012028718,0.90000000000000002,0.49999999999999994,0.4012487205741051,0.24858490566518829,0.49185004067911253,0.90000000000000002,0.90000000000000002,0.7399999998679887,0.24896876848333566,0.7709677419354839
0.66849315068493154,0.59230769230769231,0.48231406317949777,0.10000000000000002,0.90000000000000013,0.90000000000000013,0.61368421047917798,0.33734658685232155,0.83747708718458136,0.42141802067440387,0.44997836439977823,0.31282892030273768,0.58000000012028718,0.90000000000000002,0.49999999999999994,0.4012487205741051,0.24858490566518829,0.49185004067911253,0.90000000000000002,0.90000000000000002,0.7399999998679887,0.24896876848333566,0.78129032258064535
0.66986301369863011,0.59230769230769231,0.54466483845180835,0.10000000000000002,0.90000000000000013,0.90000000000000013,0.63052631585655483,0.40023328940254993,0.89999999999999991,0.55122145202893658,0.50409635085775006,0.43975484495883388,0.49999999984964089,0.90000000000000002,0.49999999999999994,0.4012487205741051,0.24858490566518829,0.49185004067911253,0.90000000000000002,0.90000000000000002,0.7399999998679887,0.24896876848333566,0.7468817204301077
0.67123287671232879,0.59230769230769231,0.48806148880914813,0.10000000000000002,0.90000000000000013,0.90000000000000013,0.62210526325398385,0.33937519013205247,0.83747708718458136,0.42141802067440387,0.44997836439977823,0.31282892030273768,0.58000000012028718,0.90000000000000002,0.49999999999999994,0.4012487205741051,0.24858490566518829,0.49185004067911253,0.90000000000000002,0.90000000000000002,0.7399999998679887,0.24896876848333566,0.78129032258064535
0.67260273972602735,0.59230769230769231,0.49380891443879849,0.10000000000000002,0.90000000000000013,0.90000000000000013,0.63052631585655483,0.34140379350940231,0.83747708718458136,0.42141802067440387,0.44997836439977823,0.31282892030273768,0.58000000012028718,0.90000000000000002,0.49999999999999994,0.4012487205741051,0.24858490566518829,0.49185004067911253,0.90000000000000002,0.90000000000000002,0.7399999998679887,0.24896876848333566,0.76236559139784954
0.67397260273972603,0.59230769230769231,0.49955634006844885,0.10000000000000002,0.90000000000000013,0.90000000000000013,0.63894736845912581,0.34343239678913318,0.83747708718458136,0.42141802067440387,0.44997836439977823,0.31282892030273768,0.4199999998797127,0.10000000000000003,0.49999999999999994,0.4012487205741051,0.24858490566518829,0.49185004067911253,0.90000000000000002,0.90000000000000002,0.7399999998679887,0.24896876848333566,0.79849462365591406
0.6753424657534246,0.59230769230769231,0.45451064745797737,0.14469273747887978,0.85999999994873932,0.85999999994873932,0.58421052637017956,0.33024647532445389,0.83747708718458136,0.49304624466368085,0.55002163576251539,0.49958161458481742,0.74000000006014355,0.90000000000000002,0.49999999999999994,0.4012487205741051,0.24858490566518829,0.49185004067911253,0.90000000000000002,0.90000000000000002,0.7399999998679887,0.24896876848333566,0.76064516129032267
0.67671232876712328,0.59230769230769231,0.44883998450582019,0.14469273747887978,0.85999999994873932,0.85999999994873932,0.58000000006889407,0.329232173635779,0.83747708718458136,0.49304624466368085,0.55002163576251539,0.49958161458481742,0.74000000006014355,0.90000000000000002,0.49999999999999994,0.4012487205741051,0.24858490566518829,0.49185004067911253,0.90000000000000002,0.90000000000000002,0.7399999998679887,0.24896876848333566,0.7468817204301077
0.67808219178082185,0.59230769230769231,0.44316932143452908,0.14469273747887978,0.85999999994873932,0.85999999994873932,0.57578947376760858,0.32821787194710411,0.83747708718458136,0.49304624466368085,0.55002163576251539,0.49958161458481742,0.74000000006014355,0.90000000000000002,0.49999999999999994,0.4012487205741051,0.24858490566518829,0.49185004067911253,0.90000000000000002,0.90000000000000002,0.7399999998679887,0.24896876848333566,0.73999999999999999
0.67945205479452053,0.59230769230769231,0.48841320106584096,0.13575418993780783,0.86799999985647003,0.86799999985647003,0.58673684208205701,0.36736991580233846,0.89999999999999991,0.62284967616728482,0.60413962205819371,0.62650753908875134,0.49999999984964089,0.90000000000000002,0.49999999999999994,0.4012487205741051,0.24858490566518829,0.49185004067911253,0.90000000000000002,0.90000000000000002,0.7399999998679887,0.24896876848333566,0.79849462365591406
0.68082191780821921,0.59230769230769231,0.45445119137555201,0.13575418993780783,0.86799999985647003,0.86799999985647003,0.58168421048606744,0.33085505627908751,0.83747708718458136,0.49304624466368085,0.55002163576251539,0.49958161458481742,0.74000000006014355,0.90000000000000002,0.49999999999999994,0.4012487205741051,0.24858490566518829,0.49185004067911253,0.90000000000000002,0.90000000000000002,0.7399999998679887,0.24896876848333566,0.79849462365591406
0.68219178082191778,0.59230769230769231,0.41545087493556448,0.27162011174677358,0.70799999990773066,0.70799999990773066,0.58640000003306925,0.34440612631654699,0.83747708718458136,0.43087149178740536,0.48228761000514958,0.32246588870049586,0.4199999998797127,0.10000000000000003,0.69999999990047457,0.4012487205741051,0.24858490566518829,0.49185004067911253,0.90000000000000002,0.90000000000000002,0.7399999998679887,0.24896876848333566,0.64709677419354861
0.68356164383561646,0.59230769230769231,0.45892966128574592,0.10000000000000002,0.90000000000000013,0.90000000000000013,0.59178947367804646,0.33694086621589914,0.70469921672107039,0.36051585035908612,0.33504976194542774,0.16662905900328734,0.58000000012028718,0.10000000000000003,0.2999999999004746,0.4012487205741051,0.24858490566518829,0.49185004067911253,0.90000000000000002,0.90000000000000002,0.7399999998679887,0.24896876848333566,0.78473118279569909
0.68493150684931503,0.59230769230769231,0.46026784290893791,0.10000000000000002,0.90000000000000013,0.90000000000000013,0.59684210527403603,0.33937519013205247,0.70469921672107039,0.36051585035908612,0.33504976194542774,0.16662905900328734,0.58000000012028718,0.10000000000000003,0.2999999999004746,0.4012487205741051,0.24858490566518829,0.49185004067911253,0.90000000000000002,0.90000000000000002,0.7399999998679887,0.24896876848333566,0.76752688172043015
0.68630136986301371,0.59230769230769231,0.46160602441299586,0.10000000000000002,0.90000000000000013,0.90000000000000013,0.60189473687002559,0.34180951414582472,0.70469921672107039,0.36051585035908612,0.33504976194542774,0.16662905900328734,0.58000000012028718,0.10000000000000003,0.2999999999004746,0.4012487205741051,0.24858490566518829,0.49185004067911253,0.90000000000000002,0.90000000000000002,0.7399999998679887,0.24896876848333566,0.7778494623655916
0.68767123287671228,0.59230769230769231,0.4231524253007401,0.15363128490671174,0.74399999987697429,0.74399999987697429,0.61073684211994861,0.36026980417685195,0.83747708718458136,0.90000000000000013,0.87126784954870606,0.6444111459310744,0.74000000006014355,0.90000000000000002,0.69999999990047457,0.4012487205741051,0.24858490566518829,0.49185004067911253,0.90000000000000002,0.90000000000000002,0.7399999998679887,0.24896876848333566,0.64537634408602162
0.68904109589041096,0.59230769230769231,0.42279680509169637,0.14469273747887978,0.74399999987697429,0.74399999987697429,0.61073684211994861,0.36108124554731558,0.83747708718458136,0.90000000000000013,0.87126784954870606,0.6444111459310744,0.74000000006014355,0.90000000000000002,0.69999999990047457,0.4012487205741051,0.24858490566518829,0.49185004067911253,0.90000000000000002,0.90000000000000002,0.7399999998679887,0.24896876848333566,0.66258064516129045
0.69041095890410953,0.59230769230769231,0.42244118488265264,0.13575418993780783,0.74399999987697429,0.74399999987697429,0.61073684211994861,0.3618926868201604,0.83747708718458136,0.90000000000000013,0.87126784954870606,0.6444111459310744,0.74000000006014355,0.90000000000000002,0.69999999990047457,0.4012487205741051,0.24858490566518829,0.49185004067911253,0.90000000000000002,0.90000000000000002,0.7399999998679887,0.24896876848333566,0.68494623655913978
0.69178082191780821,0.59230769230769231,0.42208556467360892,0.12681564239673587,0.74399999987697429,0.74399999987697429,0.61073684211994861,0.36270412819062414,0.83747708718458136,0.90000000000000013,0.87126784954870606,0.6444111459310744,0.74000000006014355,0.90000000000000002,0.69999999990047457,0.4012487205741051,0.24858490566518829,0.49185004067911253,0.90000000000000002,0.90000000000000002,0.7399999998679887,0.24896876848333566,0.72967741935483876
0.69315068493150678,0.59230769230769231,0.42155213436004335,0.11340782125498794,0.74399999987697429,0.74399999987697429,0.61073684211994861,0.36392129019751018,0.83747708718458136,0.90000000000000013,0.87126784954870606,0.6444111459310744,0.74000000006014355,0.90000000000000002,0.69999999990047457,0.4012487205741051,0.24858490566518829,0.49185004067911253,0.90000000000000002,0.90000000000000002,0.7399999998679887,0.24896876848333566,0.72451612903225815
0.69452054794520546,0.59230769230769231,0.42101870404647779,0.10000000000000002,0.74399999987697429,0.74399999987697429,0.61073684211994861,0.36513845210677742,0.83747708718458136,0.90000000000000013,0.87126784954870606,0.6444111459310744,0.74000000006014355,0.90000000000000002,0.69999999990047457,0.4012487205741051,0.24858490566518829,0.49185004067911253,0.90000000000000002,0.90000000000000002,0.7399999998679887,0.24896876848333566,0.71591397849462368
0.69589041095890414,0.59230769230769231,0.41960710943625534,0.27162011174677358,0.70799999990773066,0.70799999990773066,0.59852631586344418,0.35024850387150519,0.83747708718458136,0.42378138841538643,0.47132554448263092,0.32246588870049586,0.4199999998797127,0.10000000000000003,0.49999999999999994,0.4012487205741051,0.24858490566518829,0.49185004067911253,0.90000000000000002,0.90000000000000002,0.7399999998679887,0.24896876848333566,0.63333333333333353
0.69726027397260271,0.59230769230769231,0.41652990593395156,0.25195530729230325,0.70000000000000007,0.70000000000000007,0.60526315787660701,0.35682117857202367,0.59445092478782957,0.28852403130980087,0.26096927738925935,0.22797658913454005,0.74000000006014355,0.10000000000000003,0.2999999999004746,0.4012487205741051,0.24858490566518829,0.49185004067911253,0.90000000000000002,0.90000000000000002,0.7399999998679887,0.24896876848333566,0.70731182795698933
0.69863013698630139,0.59230769230769231,0.45582119452203712,0.10000000000000002,0.73999999979495712,0.73999999979495712,0.66589473685624689,0.38400446287184598,0.44180969845590434,0.57621861143554254,0.52878984570980614,0.42770863453771735,0.89999999999999991,0.10000000000000003,0.49999999999999994,0.52878198566881751,0.15424528300443541,0.46772616127872774,0.90000000000000002,0.90000000000000002,0.90000000000000002,0.15468473782187669,0.64709677419354861
0.69999999999999996,0.90000000000000002,0.46560214616372764,0.10000000000000002,0.90000000000000013,0.90000000000000013,0.47052631571876691,0.25417385130954623,0.70469921672107039,0.3514259743060929,0.31681811624690459,0.14311250571022599,0.74000000006014355,0.10000000000000003,0.099999999999999978,0.52878198566881751,0.15424528300443541,0.46772616127872774,0.90000000000000002,0.90000000000000002,0.90000000000000002,0.15468473782187669,0.58688172043010767
0.70136986301369864,0.62307692307692308,0.4934111446232633,0.10000000000000002,0.73999999979495712,0.73999999979495712,0.75263157893830368,0.39617608274546923,0.44180969845590434,0.57621861143554254,0.52878984570980614,0.42770863453771735,0.89999999999999991,0.90000000000000002,0.69999999990047457,0.52878198566881751,0.15424528300443541,0.46772616127872774,0.90000000000000002,0.90000000000000002,0.90000000000000002,0.15468473782187669,0.77612903225806473
0.7027397260273972,0.62307692307692308,0.49664587423828443,0.10000000000000002,0.722222222022875,0.722222222022875,0.73625731000799721,0.38851247026860231,0.44180969845590434,0.57621861143554254,0.52878984570980614,0.42770863453771735,0.89999999999999991,0.90000000000000002,0.69999999990047457,0.52878198566881751,0.15424528300443541,0.46772616127872774,0.90000000000000002,0.90000000000000002,0.90000000000000002,0.15468473782187669,0.87075268817204332
0.70410958904109588,0.62307692307692308,0.49772520295251838,0.10000000000000002,0.73999999979495712,0.73999999979495712,0.74842105263701808,0.3941474794657383,0.44180969845590434,0.57621861143554254,0.52878984570980614,0.42770863453771735,0.89999999999999991,0.90000000000000002,0.69999999990047457,0.52878198566881751,0.15424528300443541,0.46772616127872774,0.90000000000000002,0.90000000000000002,0.90000000000000002,0.15468473782187669,0.84322580645161316
0.70547945205479445,0.62307692307692308,0.49775869938060985,0.10000000000000002,0.73999999979495712,0.73999999979495712,0.75684210523958917,0.39617608274546923,0.44180969845590434,0.57621861143554254,0.52878984570980614,0.42770863453771735,0.89999999999999991,0.90000000000000002,0.69999999990047457,0.52878198566881751,0.15424528300443541,0.46772616127872774,0.90000000000000002,0.90000000000000002,0.90000000000000002,0.15468473782187669,0.89483870967741952
0.70684931506849313,0.62307692307692308,0.49777544759465558,0.10000000000000002,0.73999999979495712,0.73999999979495712,0.76105263154087455,0.39719038443414412,0.44180969845590434,0.57621861143554254,0.52878984570980614,0.42770863453771735,0.89999999999999991,0.90000000000000002,0.69999999990047457,0.52878198566881751,0.15424528300443541,0.46772616127872774,0.90000000000000002,0.90000000000000002,0.90000000000000002,0.15468473782187669,0.76408602150537641
0.70821917808219181,0.62307692307692308,0.49763420447774392,0.10000000000000002,0.73999999979495712,0.73999999979495712,0.70631578945192852,0.38441018360588725,0.44180969845590434,0.57621861143554254,0.53155920967911841,0.42770863453771735,0.89999999999999991,0.10000000000000003,0.69999999990047457,0.52878198566881751,0.15424528300443541,0.46772616127872774,0.90000000000000002,0.90000000000000002,0.90000000000000002,0.15468473782187669,0.81913978494623674
0.70958904109589038,0.62307692307692308,0.49755772093119482,0.10000000000000002,0.73999999979495712,0.73999999979495712,0.70631578945192852,0.38400446287184598,0.44180969845590434,0.57621861143554254,0.52878984570980614,0.42770863453771735,0.89999999999999991,0.10000000000000003,0.49999999999999994,0.52878198566881751,0.15424528300443541,0.46772616127872774,0.90000000000000002,0.90000000000000002,0.90000000000000002,0.15468473782187669,0.80881720430107551
0.71095890410958906,0.62307692307692308,0.5020895060430447,0.10000000000000002,0.73999999979495712,0.73999999979495712,0.75684210523958917,0.39516178105679434,0.44180969845590434,0.57621861143554254,0.52878984570980614,0.42770863453771735,0.89999999999999991,0.90000000000000002,0.69999999990047457,0.52878198566881751,0.15424528300443541,0.46772616127872774,0.90000000000000002,0.90000000000000002,0.90000000000000002,0.15468473782187669,0.86903225806451623
0.71232876712328763,0.62307692307692308,0.50210625425709043,0.10000000000000002,0.73999999979495712,0.73999999979495712,0.76105263154087455,0.39617608274546923,0.44180969845590434,0.57621861143554254,0.52878984570980614,0.42770863453771735,0.89999999999999991,0.90000000000000002,0.69999999990047457,0.52878198566881751,0.15424528300443541,0.46772616127872774,0.90000000000000002,0.90000000000000002,0.90000000000000002,0.15468473782187669,0.90000000000000013
0.71369863013698631,0.62307692307692308,0.50642031270547949,0.10000000000000002,0.73999999979495712,0.73999999979495712,0.75684210523958917,0.3941474794657383,0.44180969845590434,0.57621861143554254,0.52878984570980614,0.42770863453771735,0.89999999999999991,0.90000000000000002,0.69999999990047457,0.52878198566881751,0.15424528300443541,0.46772616127872774,0.90000000000000002,0.90000000000000002,0.90000000000000002,0.15468473782187669,0.87419354838709706
0.71506849315068488,0.62307692307692308,0.50645380913357096,0.10000000000000002,0.73999999979495712,0.73999999979495712,0.76526315784216004,0.39617608274546923,0.44180969845590434,0.57621861143554254,0.52878984570980614,0.42770863453771735,0.89999999999999991,0.90000000000000002,0.69999999990047457,0.52878198566881751,0.15424528300443541,0.46772616127872774,0.90000000000000002,0.90000000000000002,0.90000000000000002,0.15468473782187669,0.86903225806451623
0.71643835616438356,0.62307692307692308,0.51146989644062535,0.10000000000000002,0.73999999979495712,0.73999999979495712,0.71978947365048895,0.38400446287184598,0.44180969845590434,0.57621861143554254,0.52878984570980614,0.42770863453771735,0.89999999999999991,0.10000000000000003,0.49999999999999994,0.52878198566881751,0.15424528300443541,0.46772616127872774,0.90000000000000002,0.90000000000000002,0.90000000000000002,0.15468473782187669,0.76924731182795703
0.71780821917808213,0.62307692307692308,0.558805068588764,0.10000000000000002,0.76799999985646994,0.76799999985646994,0.80315789472596433,0.39211887608838852,0.44180969845590434,0.10000000000000003,0.19635078601622308,0.183148233032915,0.89999999999999991,0.90000000000000002,0.49999999999999994,0.52878198566881751,0.15424528300443541,0.46772616127872774,0.90000000000000002,0.90000000000000002,0.90000000000000002,0.15468473782187669,0.60924731182795711
0.71917808219178081,0.62307692307692308,0.53929424745948651,0.10000000000000002,0.73999999979495712,0.73999999979495712,0.74673684221984482,0.38400446287184598,0.44180969845590434,0.57621861143554254,0.52878984570980614,0.42770863453771735,0.89999999999999991,0.10000000000000003,0.49999999999999994,0.52878198566881751,0.15424528300443541,0.46772616127872774,0.90000000000000002,0.90000000000000002,0.90000000000000002,0.15468473782187669,0.73483870967741938
0.72054794520547949,0.62307692307692308,0.57093132726740825,0.10000000000000002,0.76799999985646994,0.76799999985646994,0.80315789472596433,0.38927883153581277,0.44180969845590434,0.10000000000000003,0.19635078601622308,0.183148233032915,0.89999999999999991,0.90000000000000002,0.49999999999999994,0.52878198566881751,0.15424528300443541,0.46772616127872774,0.90000000000000002,0.90000000000000002,0.90000000000000002,0.15468473782187669,0.68838709677419352
0.72191780821917806,0.62307692307692308,0.57439597250204888,0.10000000000000002,0.76799999985646994,0.76799999985646994,0.80315789472596433,0.38846739016534909,0.44180969845590434,0.10000000000000003,0.19635078601622308,0.183148233032915,0.89999999999999991,0.90000000000000002,0.49999999999999994,0.52878198566881751,0.15424528300443541,0.46772616127872774,0.90000000000000002,0.90000000000000002,0.90000000000000002,0.15468473782187669,0.69354838709677424
0.72328767123287674,0.62307692307692308,0.54572276665046149,0.10000000000000002,0.70000000000000007,0.70000000000000007,0.73157894743187613,0.36371842987929903,0.44180969845590434,0.10000000000000003,0.12884754080602462,0.10576337715497647,0.89999999999999991,0.10000000000000003,0.099999999999999978,0.52878198566881751,0.15424528300443541,0.46772616127872774,0.90000000000000002,0.90000000000000002,0.90000000000000002,0.15468473782187669,0.55591397849462376
0.72465753424657531,0.62307692307692308,0.58132526309046417,0.10000000000000002,0.76799999985646994,0.76799999985646994,0.80315789472596433,0.38684450752204058,0.44180969845590434,0.10000000000000003,0.19635078601622308,0.183148233032915,0.89999999999999991,0.90000000000000002,0.49999999999999994,0.52878198566881751,0.15424528300443541,0.46772616127872774,0.90000000000000002,0.90000000000000002,0.90000000000000002,0.15468473782187669,0.75204301075268831
0.72602739726027399,0.62307692307692308,0.57861959061841772,0.10000000000000002,0.76400000003075652,0.76400000003075652,0.79894736842467884,0.38562734551515448,0.44180969845590434,0.10000000000000003,0.19635078601622308,0.183148233032915,0.89999999999999991,0.90000000000000002,0.49999999999999994,0.52878198566881751,0.15424528300443541,0.46772616127872774,0.90000000000000002,0.90000000000000002,0.90000000000000002,0.15468473782187669,0.69526881720430111
0.72739726027397256,0.62307692307692308,0.60796942393622477,0.10000000000000002,0.76799999985646994,0.76799999985646994,0.80315789472596433,0.40875342325551489,0.44180969845590434,0.10799909102203964,0.16873792012320951,0.18795261437229208,0.89999999999999991,0.90000000000000002,0.2999999999004746,0.52878198566881751,0.15424528300443541,0.46772616127872774,0.90000000000000002,0.90000000000000002,0.90000000000000002,0.15468473782187669,0.74172043010752686
0.72876712328767124,0.62307692307692308,0.58478990844423884,0.10000000000000002,0.76799999985646994,0.76799999985646994,0.80315789472596433,0.38603306624919576,0.44180969845590434,0.10000000000000003,0.19635078601622308,0.183148233032915,0.89999999999999991,0.90000000000000002,0.49999999999999994,0.52878198566881751,0.15424528300443541,0.46772616127872774,0.90000000000000002,0.90000000000000002,0.90000000000000002,0.15468473782187669,0.72279569892473128
0.73013698630136981,0.62307692307692308,0.59153301488067633,0.10000000000000002,0.77999999984621793,0.77999999984621793,0.81578947380205569,0.39252459682242979,0.44180969845590434,0.57621861143554254,0.52878984570980614,0.42770863453771735,0.89999999999999991,0.90000000000000002,0.69999999990047457,0.52878198566881751,0.15424528300443541,0.46772616127872774,0.90000000000000002,0.90000000000000002,0.90000000000000002,0.15468473782187669,0.76064516129032267
0.73150684931506849,0.62307692307692308,0.59065652548881786,0.10000000000000002,0.77999999984621793,0.77999999984621793,0.81578947380205569,0.39252459682242979,0.44180969845590434,0.57621861143554254,0.52878984570980614,0.42770863453771735,0.89999999999999991,0.90000000000000002,0.69999999990047457,0.52878198566881751,0.15424528300443541,0.46772616127872774,0.90000000000000002,0.90000000000000002,0.90000000000000002,0.15468473782187669,0.76064516129032267
0.73287671232876705,0.62307692307692308,0.58978003609695939,0.10000000000000002,0.77999999984621793,0.77999999984621793,0.81578947380205569,0.39252459682242979,0.44180969845590434,0.57621861143554254,0.52878984570980614,0.42770863453771735,0.89999999999999991,0.90000000000000002,0.69999999990047457,0.52878198566881751,0.15424528300443541,0.46772616127872774,0.90000000000000002,0.90000000000000002,0.90000000000000002,0.15468473782187669,0.76580645161290328
0.73424657534246573,0.62307692307692308,0.58890354670510092,0.10000000000000002,0.77999999984621793,0.77999999984621793,0.81578947380205569,0.39252459682242979,0.44180969845590434,0.57621861143554254,0.52878984570980614,0.42770863453771735,0.89999999999999991,0.90000000000000002,0.69999999990047457,0.52878198566881751,0.15424528300443541,0.46772616127872774,0.90000000000000002,0.90000000000000002,0.90000000000000002,0.15468473782187669,0.7709677419354839
0.73561643835616441,0.62307692307692308,0.58802705731324245,0.10000000000000002,0.77999999984621793,0.77999999984621793,0.81578947380205569,0.39252459682242979,0.44180969845590434,0.57621861143554254,0.52878984570980614,0.42770863453771735,0.89999999999999991,0.90000000000000002,0.69999999990047457,0.52878198566881751,0.15424528300443541,0.46772616127872774,0.90000000000000002,0.90000000000000002,0.90000000000000002,0.15468473782187669,0.76924731182795703
0.73698630136986298,0.62307692307692308,0.57277949160919461,0.10000000000000002,0.73999999979495712,0.73999999979495712,0.77368421061696591,0.37589004965530343,0.44180969845590434,0.10000000000000003,0.12884754080602462,0.10576337715497647,0.89999999999999991,0.10000000000000003,0.099999999999999978,0.52878198566881751,0.15424528300443541,0.46772616127872774,0.90000000000000002,0.90000000000000002,0.90000000000000002,0.15468473782187669,0.64021505376344101
0.73835616438356166,0.62307692307692308,0.5882545537980135,0.10000000000000002,0.76799999985646994,0.76799999985646994,0.80315789472596433,0.38522162487873207,0.44180969845590434,0.10000000000000003,0.19635078601622308,0.183148233032915,0.89999999999999991,0.90000000000000002,0.49999999999999994,0.52878198566881751,0.15424528300443541,0.46772616127872774,0.90000000000000002,0.90000000000000002,0.90000000000000002,0.15468473782187669,0.7090322580645162
0.73972602739726023,0.62307692307692308,0.63807484935132519,0.10000000000000002,0.84222222217665721,0.84222222217665721,0.8812865496955159,0.40789690187941685,0.44180969845590434,0.10000000000000003,0.19635078601622308,0.183148233032915,0.89999999999999991,0.90000000000000002,0.49999999999999994,0.52878198566881751,0.15424528300443541,0.46772616127872774,0.90000000000000002,0.90000000000000002,0.90000000000000002,0.15468473782187669,0.7090322580645162
0.74109589041095891,0.62307692307692308,0.57819083655328751,0.10000000000000002,0.74799999995899147,0.74799999995899147,0.78210526321953688,0.37832437366907562,0.44180969845590434,0.10000000000000003,0.12884754080602462,0.10576337715497647,0.89999999999999991,0.10000000000000003,0.099999999999999978,0.52878198566881751,0.15424528300443541,0.46772616127872774,0.90000000000000002,0.90000000000000002,0.90000000000000002,0.15468473782187669,0.68322580645161313
0.74246575342465748,0.62307692307692308,0.58360218161651456,0.10000000000000002,0.75599999986672217,0.75599999986672217,0.79052631582210786,0.38075869758522896,0.44180969845590434,0.10000000000000003,0.12884754080602462,0.10576337715497647,0.89999999999999991,0.10000000000000003,0.099999999999999978,0.52878198566881751,0.15424528300443541,0.46772616127872774,0.90000000000000002,0.90000000000000002,0.90000000000000002,0.15468473782187669,0.75720430107526893
0.74383561643835616,0.62307692307692308,0.58901352656060757,0.10000000000000002,0.76400000003075652,0.76400000003075652,0.79894736842467884,0.38319302159900115,0.44180969845590434,0.10000000000000003,0.12884754080602462,0.10576337715497647,0.89999999999999991,0.10000000000000003,0.099999999999999978,0.52878198566881751,0.15424528300443541,0.46772616127872774,0.90000000000000002,0.90000000000000002,0.90000000000000002,0.15468473782187669,0.71247311827956994
0.74520547945205473,0.62307692307692308,0.59442487150470058,0.10000000000000002,0.77199999993848722,0.77199999993848722,0.80736842102724982,0.38562734551515448,0.44180969845590434,0.10000000000000003,0.12884754080602462,0.10576337715497647,0.89999999999999991,0.10000000000000003,0.099999999999999978,0.52878198566881751,0.15424528300443541,0.46772616127872774,0.90000000000000002,0.90000000000000002,0.90000000000000002,0.15468473782187669,0.7021505376344086
0.74657534246575341,0.62307692307692308,0.65394966636625973,0.10000000000000002,0.85999999994873932,0.85999999994873932,0.90000000000000024,0.41240490917855432,0.44180969845590434,0.10000000000000003,0.12884754080602462,0.10576337715497647,0.89999999999999991,0.10000000000000003,0.099999999999999978,0.52878198566881751,0.15424528300443541,0.46772616127872774,0.90000000000000002,0.90000000000000002,0.90000000000000002,0.15468473782187669,0.37526881720430116
0.74794520547945209,0.65384615384615385,0.37915907827004053,0.18938547484451956,0.34000000005126069,0.34000000005126069,0.25157894736298214,0.25011664465246553,0.38341943010133106,0.22871264617450793,0.1570027404574276,0.27887153455516578,0.58000000012028718,0.10000000000000003,0.69999999990047457,0.30839303994657685,0.13018867918514734,0.14661776687739167,0.099999999999999978,0.099999999999999978,0.099999999999999978,0.13064230998090354,0.75720430107526893
0.74931506849315066,0.65384615384615385,0.39691217538955204,0.1625698324477837,0.29999999999999999,0.29999999999999999,0.31052631575321388,0.27689420831586542,0.36092984511452864,0.22871264617450793,0.13753642000818694,0.17234072562270222,0.89999999999999991,0.90000000000000002,0.2999999999004746,0.30839303994657685,0.13018867918514734,0.14661776687739167,0.099999999999999978,0.099999999999999978,0.099999999999999978,0.13064230998090354,0.64881720430107548
0.75068493150684934,0.59230769230769231,0.64454145532225082,0.10000000000000002,0.78800000001025228,0.78800000001025228,0.73354385961395085,0.56441491699622892,0.59798366932105329,0.73292807633626023,0.66396942166229878,0.47785612703527425,0.89999999999999991,0.90000000000000002,0.69999999990047457,0.90000000000000013,0.10188679236142392,0.64490627546144563,0.90000000000000002,0.90000000000000002,0.81999999993399431,0.10094284028749939,0.73139784946236563
0.75205479452054791,0.68461538461538463,0.80925794708630527,0.10000000000000002,0.71999999989747854,0.71999999989747854,0.69528421053911571,0.71150218070150262,0.59798366932105329,0.73292807633626023,0.66396942166229878,0.47785612703527425,0.89999999999999991,0.90000000000000002,0.69999999990047457,0.90000000000000013,0.10188679236142392,0.64490627546144563,0.90000000000000002,0.90000000000000002,0.81999999993399431,0.10094284028749939,0.81569892473118299
0.75342465753424659,0.68461538461538463,0.82823762694254621,0.10000000000000002,0.72399999997949571,0.72399999997949571,0.70126315785593896,0.72643270109803604,0.59798366932105329,0.73292807633626023,0.66396942166229878,0.47785612703527425,0.89999999999999991,0.90000000000000002,0.69999999990047457,0.90000000000000013,0.10188679236142392,0.64490627546144563,0.90000000000000002,0.90000000000000002,0.81999999993399431,0.10094284028749939,0.70387096774193547
0.75479452054794516,0.7153846153846154,0.25526702426109482,0.31452513962684697,0.70799999990773066,0.70799999990773066,0.26505263156154268,0.18925854547958698,0.44180969845590434,0.23871151002659302,0.20754363192361563,0.27957667844324152,0.58000000012028718,0.10000000000000003,0.099999999999999978,0.15875127951881834,0.30707547167405902,0.38166259160200405,0.90000000000000002,0.90000000000000002,0.18000000006600569,0.30742486745520975,0.80365591397849467
0.75616438356164384,0.74615384615384617,0.34849869788817367,0.32346368716791896,0.3799999998462178,0.3799999998462178,0.23052631585655473,0.27040267774263138,0.44180969845590434,0.368878536441134,0.32197605656671663,0.2760509583942134,0.58000000012028718,0.10000000000000003,0.099999999999999978,0.33758444218769368,0.13160377351995914,0.2030154848510474,0.099999999999999978,0.099999999999999978,0.099999999999999978,0.13252799055590228,0.78473118279569909
0.75753424657534241,0.74615384615384617,0.40304201827541214,0.18938547484451956,0.34000000005126069,0.34000000005126069,0.25157894736298214,0.32314636369896738,0.38341943010133106,0.28088853534776947,0.27143516510052856,0.27887153455516578,0.58000000012028718,0.10000000000000003,0.69999999990047457,0.33758444218769368,0.13160377351995914,0.2030154848510474,0.099999999999999978,0.099999999999999978,0.099999999999999978,0.13252799055590228,0.79333333333333345
0.75890410958904109,0.77692307692307694,0.21956543431067191,0.10000000000000002,0.29999999999999999,0.29999999999999999,0.31052631575321388,0.20143016535321023,0.099999999999999978,0.17490057938028034,0.11419299009928524,0.15659720993082285,0.099999999999999978,0.10000000000000003,0.099999999999999978,0.14421699080905137,0.18349056600887076,0.16422167888026717,0.099999999999999978,0.099999999999999978,0.099999999999999978,0.18108426638159825,0.60236559139784962
0.76027397260273966,0.80769230769230771,0.36045914921202471,0.31452513962684697,0.41999999989747849,0.41999999989747849,0.23473684215784019,0.3061060958954186,0.44180969845590434,0.23871151002659302,0.20754363192361563,0.2760509583942134,0.58000000012028718,0.10000000000000003,0.2999999999004746,0.37303991819228233,0.12500000000000006,0.25289323542719377,0.099999999999999978,0.099999999999999978,0.099999999999999978,0.12451384798472281,0.7589247311827958
0.76164383561643834,0.2846153846153846,0.40916237059004007,0.10000000000000002,0.90000000000000013,0.90000000000000013,0.62547368426056527,0.33410082156570453,0.70469921672107039,0.36051585035908612,0.42390018756306597,0.25365088312682177,0.74000000006014355,0.90000000000000002,0.49999999999999994,0.22106448315231012,0.28632075467849433,0.38329258352538204,0.90000000000000002,0.90000000000000002,0.2600000001320113,0.28621096047673472,0.74344086021505373
0.76301369863013702,0.83846153846153848,0.4304253332293364,0.10000000000000002,0.90000000000000013,0.90000000000000013,0.60526315787660701,0.31503195048242483,0.70469921672107039,0.35797068508809943,0.42390018756306597,0.25365088312682177,0.74000000006014355,0.90000000000000002,0.49999999999999994,0.22106448315231012,0.28632075467849433,0.38329258352538204,0.90000000000000002,0.90000000000000002,0.2600000001320113,0.28621096047673472,0.64021505376344101
0.76438356164383559,0.83846153846153848,0.42696068787556174,0.10000000000000002,0.90000000000000013,0.90000000000000013,0.60526315787660701,0.31584339175526965,0.70469921672107039,0.35797068508809943,0.42390018756306597,0.25365088312682177,0.74000000006014355,0.90000000000000002,0.49999999999999994,0.22106448315231012,0.28632075467849433,0.38329258352538204,0.90000000000000002,0.90000000000000002,0.2600000001320113,0.28621096047673472,0.64021505376344101
0.76575342465753427,0.83846153846153848,0.42349604264092111,0.10000000000000002,0.90000000000000013,0.90000000000000013,0.60526315787660701,0.31665483312573334,0.70469921672107039,0.35797068508809943,0.42390018756306597,0.25365088312682177,0.74000000006014355,0.90000000000000002,0.49999999999999994,0.22106448315231012,0.28632075467849433,0.38329258352538204,0.90000000000000002,0.90000000000000002,0.2600000001320113,0.28621096047673472,0.10000000000000003
0.76712328767123283,0.83846153846153848,0.42003139728714645,0.10000000000000002,0.90000000000000013,0.90000000000000013,0.60526315787660701,0.31746627439857816,0.70469921672107039,0.35797068508809943,0.42390018756306597,0.25365088312682177,0.74000000006014355,0.90000000000000002,0.49999999999999994,0.22106448315231012,0.28632075467849433,0.38329258352538204,0.90000000000000002,0.90000000000000002,0.2600000001320113,0.28621096047673472,0.68322580645161313
0.76849315068493151,0.83846153846153848,0.41656675205250582,0.10000000000000002,0.90000000000000013,0.90000000000000013,0.60526315787660701,0.31827771576904185,0.70469921672107039,0.35797068508809943,0.42390018756306597,0.25365088312682177,0.74000000006014355,0.90000000000000002,0.49999999999999994,0.22106448315231012,0.28632075467849433,0.38329258352538204,0.90000000000000002,0.90000000000000002,0.2600000001320113,0.28621096047673472,0.67978494623655938
0.76986301369863008,0.83846153846153848,0.41310210669873121,0.10000000000000002,0.90000000000000013,0.90000000000000013,0.60526315787660701,0.31908915704188667,0.70469921672107039,0.35797068508809943,0.42390018756306597,0.25365088312682177,0.74000000006014355,0.90000000000000002,0.49999999999999994,0.22106448315231012,0.28632075467849433,0.38329258352538204,0.90000000000000002,0.90000000000000002,0.2600000001320113,0.28621096047673472,0.67462365591397866
0.77123287671232876,0.83846153846153848,0.30448609046493175,0.10000000000000002,0.75599999986672217,0.75599999986672217,0.339157894739743,0.2115731818494837,0.70469921672107039,0.44105215316949464,0.42793884316230391,0.25365088312682177,0.89999999999999991,0.90000000000000002,0.49999999999999994,0.22106448315231012,0.28632075467849433,0.38329258352538204,0.90000000000000002,0.90000000000000002,0.2600000001320113,0.28621096047673472,0.77440860215053764
0.77260273972602733,0.83846153846153848,0.40620072980039218,0.10000000000000002,0.85199999978470498,0.85199999978470498,0.5909473683833425,0.35458971497408154,0.79877687048536838,0.45232359958253748,0.51702004900252252,0.54292211680262392,0.099999999999999978,0.90000000000000002,0.49999999999999994,0.22106448315231012,0.28632075467849433,0.38329258352538204,0.90000000000000002,0.90000000000000002,0.2600000001320113,0.28621096047673472,0.73139784946236563
0.77397260273972601,0.2846153846153846,0.41069483140085555,0.10000000000000002,0.89199999983596578,0.89199999983596578,0.5909473683833425,0.34850390503726991,0.79877687048536838,0.39814793772830159,0.50533102560846754,0.34249903037087293,0.89999999999999991,0.90000000000000002,0.49999999999999994,0.22106448315231012,0.28632075467849433,0.38329258352538204,0.90000000000000002,0.90000000000000002,0.2600000001320113,0.28621096047673472,0.69182795698924737
0.77534246575342469,0.83846153846153848,0.41191019278771202,0.10000000000000002,0.90000000000000013,0.90000000000000013,0.59263157897275054,0.34850390503726991,0.79877687048536838,0.39578456983824783,0.50533102560846754,0.34249903037087293,0.74000000006014355,0.90000000000000002,0.49999999999999994,0.22106448315231012,0.28632075467849433,0.38329258352538204,0.90000000000000002,0.90000000000000002,0.2600000001320113,0.28621096047673472,0.68494623655913978
0.77671232876712326,0.83846153846153848,0.35975125848440004,0.10000000000000002,0.81999999989747863,0.81999999989747863,0.52105263167866245,0.29515163802868144,0.70469921672107039,0.44105215316949464,0.4355892111194144,0.45407396955857282,0.74000000006014355,0.90000000000000002,0.49999999999999994,0.22106448315231012,0.28632075467849433,0.38329258352538204,0.90000000000000002,0.90000000000000002,0.2600000001320113,0.28621096047673472,0.73999999999999999
0.77808219178082194,0.83846153846153848,0.38733778493529186,0.10000000000000002,0.90000000000000013,0.90000000000000013,0.59263157897275054,0.32010345873056156,0.70469921672107039,0.36051585035908612,0.42390018756306597,0.25365088312682177,0.74000000006014355,0.90000000000000002,0.49999999999999994,0.22106448315231012,0.28632075467849433,0.38329258352538204,0.90000000000000002,0.90000000000000002,0.2600000001320113,0.28621096047673472,0.66086021505376358
0.77945205479452051,0.83846153846153848,0.3845408347383929,0.10000000000000002,0.90000000000000013,0.90000000000000013,0.59263157897275054,0.32010345873056156,0.48433594392722418,0.15653902959521854,0.23316024815287367,0.20969690553162162,0.74000000006014355,0.90000000000000002,0.49999999999999994,0.22106448315231012,0.28632075467849433,0.38329258352538204,0.90000000000000002,0.90000000000000002,0.2600000001320113,0.28621096047673472,0.65569892473118296
0.78082191780821919,0.83846153846153848,0.35415735809060211,0.10000000000000002,0.81999999989747863,0.81999999989747863,0.52105263167866245,0.29515163802868144,0.48433594392722418,0.23707533225655583,0.24484927154692865,0.41011999196337262,0.89999999999999991,0.90000000000000002,0.49999999999999994,0.22106448315231012,0.28632075467849433,0.38329258352538204,0.90000000000000002,0.90000000000000002,0.2600000001320113,0.28621096047673472,0.69698924731182799
0.78219178082191776,0.83846153846153848,0.38179412906449717,0.10000000000000002,0.87600000002050438,0.87600000002050438,0.58000000006889407,0.32071203978281404,0.48433594392722418,0.21307805933950816,0.24484927154692865,0.41011999196337262,0.74000000006014355,0.90000000000000002,0.49999999999999994,0.22106448315231012,0.28632075467849433,0.38329258352538204,0.90000000000000002,0.90000000000000002,0.2600000001320113,0.28621096047673472,0.63677419354838727
0.78356164383561644,0.83846153846153848,0.37076934420311985,0.10893854742783197,0.85199999978470498,0.85199999978470498,0.53957894730097766,0.30813469927276838,0.59445092478782957,0.34269969316403676,0.34016154631809981,0.50578453144422952,0.099999999999999978,0.90000000000000002,0.49999999999999994,0.22106448315231012,0.28632075467849433,0.38329258352538204,0.90000000000000002,0.90000000000000002,0.2600000001320113,0.28621096047673472,0.66946236559139805
0.78493150684931501,0.83846153846153848,0.39813892062504697,0.10000000000000002,0.87913043475586405,0.87913043475586405,0.60526315787660701,0.33425958177654069,0.48433594392722418,0.21307805933950816,0.24484927154692865,0.41011999196337262,0.74000000006014355,0.90000000000000002,0.49999999999999994,0.22106448315231012,0.28632075467849433,0.38329258352538204,0.90000000000000002,0.90000000000000002,0.2600000001320113,0.28621096047673472,0.63677419354838727
0.78630136986301369,0.83846153846153848,0.29329828955820192,0.10000000000000002,0.75599999986672217,0.75599999986672217,0.339157894739743,0.2115731818494837,0.70469921672107039,0.44105215316949464,0.42793884316230391,0.25365088312682177,0.89999999999999991,0.90000000000000002,0.49999999999999994,0.22106448315231012,0.28632075467849433,0.38329258352538204,0.90000000000000002,0.90000000000000002,0.2600000001320113,0.28621096047673472,0.77612903225806473
0.78767123287671226,0.83846153846153848,0.34728110345376473,0.16703910616169967,0.81599999981546145,0.81599999981546145,0.44526315791105398,0.28277715793446584,0.79877687048536838,0.46741279397659602,0.51652387135356648,0.44222990037725596,0.89999999999999991,0.90000000000000002,0.49999999999999994,0.22106448315231012,0.28632075467849433,0.38329258352538204,0.90000000000000002,0.90000000000000002,0.2600000001320113,0.28621096047673472,0.68838709677419352
0.78904109589041094,0.83846153846153848,0.32998858192267644,0.16703910616169967,0.81599999981546145,0.81599999981546145,0.44273684219917658,0.26451972812403091,0.59445092478782957,0.35778888755809529,0.33966536850685036,0.40509231501886162,0.89999999999999991,0.90000000000000002,0.49999999999999994,0.22106448315231012,0.28632075467849433,0.38329258352538204,0.90000000000000002,0.90000000000000002,0.2600000001320113,0.28621096047673472,0.70043010752688173
0.79041095890410962,0.83846153846153848,0.287704389164404,0.10000000000000002,0.75599999986672217,0.75599999986672217,0.339157894739743,0.2115731818494837,0.70469921672107039,0.44105215316949464,0.42793884316230391,0.25365088312682177,0.89999999999999991,0.90000000000000002,0.49999999999999994,0.22106448315231012,0.28632075467849433,0.38329258352538204,0.90000000000000002,0.90000000000000002,0.2600000001320113,0.28621096047673472,0.78473118279569909
0.79178082191780819,0.83846153846153848,0.28211048877060602,0.10000000000000002,0.75599999986672217,0.75599999986672217,0.339157894739743,0.2115731818494837,0.70469921672107039,0.44105215316949464,0.42793884316230391,0.25365088312682177,0.25999999993985629,0.90000000000000002,0.49999999999999994,0.22106448315231012,0.28632075467849433,0.38329258352538204,0.90000000000000002,0.90000000000000002,0.2600000001320113,0.28621096047673472,0.72795698924731189
0.79315068493150687,0.83846153846153848,0.20648341150331345,0.10000000000000002,0.60399999982571351,0.60399999982571351,0.206105263171311,0.15112080331302752,0.48433594392722418,0.23707533225655583,0.23719890375211164,0.16216314674844612,0.25999999993985629,0.10000000000000003,0.49999999999999994,0.22106448315231012,0.28632075467849433,0.38329258352538204,0.90000000000000002,0.90000000000000002,0.2600000001320113,0.28621096047673472,0.57139784946236571
0.79452054794520544,0.83846153846153848,0.27651658837680815,0.10000000000000002,0.75599999986672217,0.75599999986672217,0.339157894739743,0.2115731818494837,0.48433594392722418,0.23707533225655583,0.23719890375211164,0.20969690553162162,0.25999999993985629,0.90000000000000002,0.49999999999999994,0.22106448315231012,0.28632075467849433,0.38329258352538204,0.90000000000000002,0.90000000000000002,0.2600000001320113,0.28621096047673472,0.6780645161290324
0.79589041095890412,0.86923076923076925,0.26859412916010222,0.31452513962684697,0.70799999990773066,0.70799999990773066,0.27347368416411366,0.1933157520390488,0.44180969845590434,0.23871151002659302,0.20754363192361563,0.27957667844324152,0.17999999996992816,0.10000000000000003,0.099999999999999978,0.21963152518500187,0.1797169810310475,0.29331703332135195,0.90000000000000002,0.90000000000000002,0.18000000006600569,0.18108426638159825,0.81569892473118299
0.79726027397260268,0.86923076923076925,0.26854946725598017,0.31452513962684697,0.70799999990773066,0.70799999990773066,0.26505263156154268,0.18925854547958698,0.44180969845590434,0.23871151002659302,0.20754363192361563,0.27957667844324152,0.099999999999999978,0.10000000000000003,0.099999999999999978,0.21963152518500187,0.1797169810310475,0.29331703332135195,0.90000000000000002,0.90000000000000002,0.18000000006600569,0.18108426638159825,0.7898924731182797
0.79863013698630136,0.86923076923076925,0.28515252105915395,0.31452513962684697,0.70799999990773066,0.70799999990773066,0.26505263156154268,0.18925854547958698,0.44180969845590434,0.23871151002659302,0.20754363192361563,0.2760509583942134,0.099999999999999978,0.10000000000000003,0.099999999999999978,0.21963152518500187,0.1797169810310475,0.29331703332135195,0.90000000000000002,0.90000000000000002,0.18000000006600569,0.18108426638159825,0.73139784946236563
0.79999999999999993,0.86923076923076925,0.30653886207753989,0.18938547484451956,0.81999999989747863,0.81999999989747863,0.30210526315064284,0.20143016535321023,0.44180969845590434,0.23871151002659302,0.20754363192361563,0.27887153455516578,0.58000000012028718,0.10000000000000003,0.69999999990047457,0.21963152518500187,0.1797169810310475,0.29331703332135195,0.90000000000000002,0.90000000000000002,0.18000000006600569,0.18108426638159825,0.65569892473118296
0.80136986301369861,0.90000000000000002,0.26299352950451277,0.10000000000000002,0.5479999999589914,0.5479999999589914,0.28526315794550089,0.18601278019296993,0.70469921672107039,0.69193273488557505,0.62340977932635577,0.35584270584428707,0.89999999999999991,0.90000000000000002,0.49999999999999994,0.30311156604239908,0.17028301884146488,0.60660146696407791,0.90000000000000002,0.90000000000000002,0.2600000001320113,0.17071302296423554,0.89139784946236578
0.80273972602739729,0.90000000000000002,0.32376271584764682,0.10000000000000002,0.64399999987697432,0.64399999987697432,0.33747368415033491,0.20548737191267208,0.83747708718458136,0.75283490505182171,0.73833838178070632,0.50204256714373741,0.89999999999999991,0.90000000000000002,0.89999999999999991,0.30311156604239908,0.17028301884146488,0.60660146696407791,0.90000000000000002,0.90000000000000002,0.2600000001320113,0.17071302296423554,0.83634408602150545
0.80410958904109586,0.90000000000000002,0.32491722549735763,0.10000000000000002,0.64399999987697432,0.64399999987697432,0.34084210532915116,0.20711025455598059,0.83747708718458136,0.75283490505182171,0.73833838178070632,0.50204256714373741,0.89999999999999991,0.90000000000000002,0.69999999990047457,0.30311156604239908,0.17028301884146488,0.60660146696407791,0.90000000000000002,0.90000000000000002,0.2600000001320113,0.17071302296423554,0.80881720430107551
0.80547945205479454,0.90000000000000002,0.33631828685330928,0.10000000000000002,0.73999999979495712,0.73999999979495712,0.38673684216817433,0.23196064504994568,0.70469921672107039,0.44105215316949464,0.42793884316230391,0.25365088312682177,0.89999999999999991,0.90000000000000002,0.49999999999999994,0.30311156604239908,0.17028301884146488,0.60660146696407791,0.90000000000000002,0.90000000000000002,0.2600000001320113,0.17071302296423554,0.79677419354838719
0.80684931506849311,0.90000000000000002,0.33292552480610338,0.10000000000000002,0.72999999997436971,0.72999999997436971,0.37582315781749598,0.22730297190953114,0.70469921672107039,0.44105215316949464,0.42793884316230391,0.25365088312682177,0.89999999999999991,0.90000000000000002,0.49999999999999994,0.30311156604239908,0.17028301884146488,0.60660146696407791,0.90000000000000002,0.90000000000000002,0.2600000001320113,0.17071302296423554,0.79161290322580657
0.80821917808219179,0.90000000000000002,0.32757795693433805,0.10000000000000002,0.72399999997949571,0.72399999997949571,0.36021052624617045,0.22090475707291235,0.70469921672107039,0.69193273488557505,0.62340977932635577,0.35584270584428707,0.89999999999999991,0.90000000000000002,0.49999999999999994,0.30311156604239908,0.17028301884146488,0.60660146696407791,0.90000000000000002,0.90000000000000002,0.2600000001320113,0.17071302296423554,0.82774193548387109
0.80958904109589036,0.90000000000000002,0.32946704284942269,0.10000000000000002,0.71999999989747854,0.71999999989747854,0.36526315784216001,0.22273050003443207,0.70469921672107039,0.44105215316949464,0.42793884316230391,0.25365088312682177,0.89999999999999991,0.90000000000000002,0.49999999999999994,0.30311156604239908,0.17028301884146488,0.60660146696407791,0.90000000000000002,0.90000000000000002,0.2600000001320113,0.17071302296423554,0.79333333333333345
0.81095890410958904,0.90000000000000002,0.29955206932330775,0.10000000000000002,0.65599999986672208,0.65599999986672208,0.3113684210479179,0.20325590831472995,0.87067155475007785,0.44105215316949464,0.57159959623024204,0.65205725764457578,0.89999999999999991,0.90000000000000002,0.49999999999999994,0.30311156604239908,0.17028301884146488,0.60660146696407791,0.90000000000000002,0.90000000000000002,0.2600000001320113,0.17071302296423554,0.80709677419354842
0.81232876712328761,0.90000000000000002,0.32182048247156747,0.10000000000000002,0.7039999998257136,0.7039999998257136,0.35178947364359947,0.21786185210450654,0.87067155475007785,0.44105215316949464,0.57159959623024204,0.65205725764457578,0.89999999999999991,0.90000000000000002,0.49999999999999994,0.30311156604239908,0.17028301884146488,0.60660146696407791,0.90000000000000002,0.90000000000000002,0.2600000001320113,0.17071302296423554,0.80021505376344093
0.81369863013698629,0.90000000000000002,0.32613176068997718,0.10000000000000002,0.70999999982058748,0.70999999982058748,0.35473684217506374,0.21816614263063278,0.70469921672107039,0.44105215316949464,0.42793884316230391,0.25365088312682177,0.89999999999999991,0.90000000000000002,0.49999999999999994,0.30311156604239908,0.17028301884146488,0.60660146696407791,0.90000000000000002,0.90000000000000002,0.2600000001320113,0.17071302296423554,0.72967741935483876
0.81506849315068497,0.2846153846153846,0.43123706293169833,0.14469273747887978,0.85999999994873932,0.85999999994873932,0.60357894745943375,0.32395780506943106,0.70469921672107039,0.43214407449743431,0.43509303330816496,0.3533817531332048,0.89999999999999991,0.90000000000000002,0.49999999999999994,0.30311156604239908,0.17028301884146488,0.60660146696407791,0.90000000000000002,0.90000000000000002,0.2600000001320113,0.17071302296423554,0.75720430107526893
0.81643835616438354,0.90000000000000002,0.32272935164860717,0.10000000000000002,0.70000000000000007,0.70000000000000007,0.34421052633573257,0.21360178512921463,0.70469921672107039,0.44105215316949464,0.42793884316230391,0.25365088312682177,0.89999999999999991,0.90000000000000002,0.49999999999999994,0.30311156604239908,0.17028301884146488,0.60660146696407791,0.90000000000000002,0.90000000000000002,0.2600000001320113,0.17071302296423554,0.60752688172043023
0.81780821917808222,0.90000000000000002,0.31933813048045828,0.10000000000000002,0.6899999999231089,0.6899999999231089,0.3336842104964014,0.20903742772541534,0.70469921672107039,0.44105215316949464,0.42793884316230391,0.25365088312682177,0.89999999999999991,0.90000000000000002,0.49999999999999994,0.30311156604239908,0.17028301884146488,0.60660146696407791,0.90000000000000002,0.90000000000000002,0.2600000001320113,0.17071302296423554,0.58172043010752694
0.81917808219178079,0.2846153846153846,0.4194747986286877,0.17150837987561565,0.83599999996924357,0.83599999996924357,0.5715789474663231,0.31138046455938539,0.70469921672107039,0.43214407449743431,0.43509303330816496,0.3533817531332048,0.89999999999999991,0.90000000000000002,0.49999999999999994,0.30311156604239908,0.17028301884146488,0.60660146696407791,0.90000000000000002,0.90000000000000002,0.2600000001320113,0.17071302296423554,0.75548387096774205
0.82054794520547947,0.2846153846153846,0.4229472597680301,0.1625698324477837,0.84399999987697427,0.84399999987697427,0.58000000006889407,0.31462622984600241,0.70469921672107039,0.43214407449743431,0.43509303330816496,0.3533817531332048,0.89999999999999991,0.90000000000000002,0.49999999999999994,0.30311156604239908,0.17028301884146488,0.60660146696407791,0.90000000000000002,0.90000000000000002,0.2600000001320113,0.17071302296423554,0.7589247311827958
0.82191780821917804,0.2846153846153846,0.42641972090737246,0.15363128490671174,0.85199999978470498,0.85199999978470498,0.58842105267146505,0.31787199513261943,0.70469921672107039,0.43214407449743431,0.43509303330816496,0.3533817531332048,0.89999999999999991,0.90000000000000002,0.49999999999999994,0.30311156604239908,0.17028301884146488,0.60660146696407791,0.90000000000000002,0.90000000000000002,0.2600000001320113,0.17071302296423554,0.76408602150537641
0.82328767123287672,0.90000000000000002,0.31564752892529968,0.10000000000000002,0.67889447235923317,0.67889447235923317,0.32343295418149948,0.2045903011205106,0.70469921672107039,0.44105215316949464,0.42793884316230391,0.25365088312682177,0.89999999999999991,0.90000000000000002,0.49999999999999994,0.30311156604239908,0.17028301884146488,0.60660146696407791,0.90000000000000002,0.90000000000000002,0.2600000001320113,0.17071302296423554,0.61956989247311844
0.82465753424657529,0.90000000000000002,0.3159357215582223,0.10000000000000002,0.67999999984621784,0.67999999984621784,0.32315789465707029,0.20447307022399716,0.70469921672107039,0.44105215316949464,0.42793884316230391,0.25365088312682177,0.89999999999999991,0.90000000000000002,0.49999999999999994,0.30311156604239908,0.17028301884146488,0.60660146696407791,0.90000000000000002,0.90000000000000002,0.2600000001320113,0.17071302296423554,0.61956989247311844
0.82602739726027397,0.16153846153846155,0.31736379895195554,0.10000000000000002,0.68163771706752907,0.68163771706752907,0.32776544340360525,0.20641358281735489,0.70469921672107039,0.44105215316949464,0.42793884316230391,0.25365088312682177,0.89999999999999991,0.90000000000000002,0.49999999999999994,0.30311156604239908,0.17028301884146488,0.60660146696407791,0.90000000000000002,0.90000000000000002,0.2600000001320113,0.17071302296423554,0.69182795698924737
0.82739726027397253,0.90000000000000002,0.41118499546501946,0.18938547484451956,0.81999999989747863,0.81999999989747863,0.54800000007578353,0.30204888933595675,0.70469921672107039,0.43214407449743431,0.43509303330816496,0.3533817531332048,0.89999999999999991,0.90000000000000002,0.49999999999999994,0.30311156604239908,0.17028301884146488,0.60660146696407791,0.90000000000000002,0.90000000000000002,0.2600000001320113,0.17071302296423554,0.73827956989247312
0.82876712328767121,0.2846153846153846,0.4285473011617314,0.14469273747887978,0.85999999994873932,0.85999999994873932,0.5901052632608732,0.31827771576904185,0.70469921672107039,0.43214407449743431,0.43509303330816496,0.3533817531332048,0.89999999999999991,0.90000000000000002,0.49999999999999994,0.30311156604239908,0.17028301884146488,0.60660146696407791,0.90000000000000002,0.90000000000000002,0.2600000001320113,0.17071302296423554,0.74172043010752686
0.83013698630136989,0.90000000000000002,0.41678503697785474,0.17150837987561565,0.83599999996924357,0.83599999996924357,0.55810526309552777,0.30570037525899618,0.70469921672107039,0.43214407449743431,0.43509303330816496,0.3533817531332048,0.89999999999999991,0.90000000000000002,0.49999999999999994,0.30311156604239908,0.17028301884146488,0.60660146696407791,0.90000000000000002,0.90000000000000002,0.2600000001320113,0.17071302296423554,0.72451612903225815
0.83150684931506846,0.2846153846153846,0.43067488153522432,0.13575418993780783,0.86799999985647003,0.86799999985647003,0.59178947367804646,0.31868343640546426,0.70469921672107039,0.43214407449743431,0.43509303330816496,0.3533817531332048,0.89999999999999991,0.90000000000000002,0.49999999999999994,0.30311156604239908,0.17028301884146488,0.60660146696407791,0.90000000000000002,0.90000000000000002,0.2600000001320113,0.17071302296423554,0.72279569892473128
0.83287671232876714,0.90000000000000002,0.42591671646237972,0.17150837987561565,0.83599999996924357,0.83599999996924357,0.55136842108236495,0.30204888933595675,0.70469921672107039,0.49704579017470069,0.48144526177888286,0.3533817531332048,0.89999999999999991,0.90000000000000002,0.49999999999999994,0.30311156604239908,0.17028301884146488,0.60660146696407791,0.90000000000000002,0.90000000000000002,0.2600000001320113,0.17071302296423554,0.7709677419354839
0.83424657534246571,0.90000000000000002,0.42245207122773909,0.17150837987561565,0.83599999996924357,0.83599999996924357,0.55136842108236495,0.30286033060880158,0.70469921672107039,0.49704579017470069,0.48144526177888286,0.3533817531332048,0.89999999999999991,0.90000000000000002,0.49999999999999994,0.30311156604239908,0.17028301884146488,0.60660146696407791,0.90000000000000002,0.90000000000000002,0.2600000001320113,0.17071302296423554,0.75548387096774205
0.83561643835616439,0.90000000000000002,0.4259245323670815,0.1625698324477837,0.84399999987697427,0.84399999987697427,0.55978947368493592,0.3061060958954186,0.70469921672107039,0.49704579017470069,0.48144526177888286,0.3533817531332048,0.099999999999999978,0.10000000000000003,0.49999999999999994,0.30311156604239908,0.17028301884146488,0.60660146696407791,0.90000000000000002,0.90000000000000002,0.2600000001320113,0.17071302296423554,0.78301075268817222
0.83698630136986296,0.90000000000000002,0.42329506419150603,0.1625698324477837,0.84399999987697427,0.84399999987697427,0.55978947368493592,0.3061060958954186,0.70469921672107039,0.49704579017470069,0.48144526177888286,0.3533817531332048,0.099999999999999978,0.10000000000000003,0.49999999999999994,0.30311156604239908,0.17028301884146488,0.60660146696407791,0.90000000000000002,0.90000000000000002,0.2600000001320113,0.17071302296423554,0.7898924731182797
0.83835616438356164,0.90000000000000002,0.42154208540778909,0.1625698324477837,0.84399999987697427,0.84399999987697427,0.55978947368493592,0.3061060958954186,0.70469921672107039,0.49704579017470069,0.48144526177888286,0.3533817531332048,0.099999999999999978,0.10000000000000003,0.49999999999999994,0.30311156604239908,0.17028301884146488,0.60660146696407791,0.90000000000000002,0.90000000000000002,0.2600000001320113,0.17071302296423554,0.7778494623655916
0.83972602739726021,0.90000000000000002,0.42066559601593062,0.1625698324477837,0.84399999987697427,0.84399999987697427,0.55978947368493592,0.3061060958954186,0.70469921672107039,0.49704579017470069,0.48144526177888286,0.3533817531332048,0.099999999999999978,0.10000000000000003,0.49999999999999994,0.30311156604239908,0.17028301884146488,0.60660146696407791,0.90000000000000002,0.90000000000000002,0.2600000001320113,0.17071302296423554,0.76236559139784954
0.84109589041095889,0.90000000000000002,0.42238507837155609,0.15363128490671174,0.85199999978470498,0.85199999978470498,0.5682105262875069,0.30935186118203561,0.70469921672107039,0.43214407449743431,0.43509303330816496,0.3533817531332048,0.89999999999999991,0.90000000000000002,0.49999999999999994,0.30311156604239908,0.17028301884146488,0.60660146696407791,0.90000000000000002,0.90000000000000002,0.2600000001320113,0.17071302296423554,0.73483870967741938
0.84246575342465757,0.90000000000000002,0.34223040307570857,0.10000000000000002,0.70799999990773066,0.70799999990773066,0.34926315793172213,0.21197890248590612,0.83747708718458136,0.50195432333574119,0.54286744561665445,0.39985074442627211,0.89999999999999991,0.90000000000000002,0.89999999999999991,0.30311156604239908,0.17028301884146488,0.60660146696407791,0.90000000000000002,0.90000000000000002,0.2600000001320113,0.17071302296423554,0.77268817204301077
0.84383561643835614,0.90000000000000002,0.37051030520686579,0.10000000000000002,0.75599999986672217,0.75599999986672217,0.40652631573254572,0.23875646614930596,0.83747708718458136,0.50195432333574119,0.54286744561665445,0.39985074442627211,0.89999999999999991,0.90000000000000002,0.69999999990047457,0.30311156604239908,0.17028301884146488,0.60660146696407791,0.90000000000000002,0.90000000000000002,0.2600000001320113,0.17071302296423554,0.76924731182795703
0.84520547945205482,0.90000000000000002,0.41756773634723021,0.1625698324477837,0.84399999987697427,0.84399999987697427,0.5530526316717731,0.30326605134284285,0.70469921672107039,0.43214407449743431,0.43509303330816496,0.3533817531332048,0.89999999999999991,0.90000000000000002,0.49999999999999994,0.30311156604239908,0.17028301884146488,0.60660146696407791,0.90000000000000002,0.90000000000000002,0.2600000001320113,0.17071302296423554,0.73999999999999999
0.84657534246575339,0.90000000000000002,0.42104019748657262,0.15363128490671174,0.85199999978470498,0.85199999978470498,0.56147368427434396,0.30651181662945987,0.70469921672107039,0.43214407449743431,0.43509303330816496,0.3533817531332048,0.89999999999999991,0.90000000000000002,0.49999999999999994,0.30311156604239908,0.17028301884146488,0.60660146696407791,0.90000000000000002,0.90000000000000002,0.2600000001320113,0.17071302296423554,0.73655913978494625
0.84794520547945207,0.90000000000000002,0.42451265862591497,0.14469273747887978,0.85999999994873932,0.85999999994873932,0.56989473687691505,0.30975758191607689,0.70469921672107039,0.43214407449743431,0.43509303330816496,0.3533817531332048,0.89999999999999991,0.90000000000000002,0.49999999999999994,0.30311156604239908,0.17028301884146488,0.60660146696407791,0.90000000000000002,0.90000000000000002,0.2600000001320113,0.17071302296423554,0.72623655913978502
0.84931506849315064,0.90000000000000002,0.42798511976525738,0.13575418993780783,0.86799999985647003,0.86799999985647003,0.57831578947948603,0.3130033472026939,0.70469921672107039,0.43214407449743431,0.43509303330816496,0.3533817531332048,0.89999999999999991,0.90000000000000002,0.49999999999999994,0.30311156604239908,0.17028301884146488,0.60660146696407791,0.90000000000000002,0.90000000000000002,0.2600000001320113,0.17071302296423554,0.7090322580645162
0.85068493150684932,0.90000000000000002,0.39191562760598403,0.22513966478232739,0.78800000001025228,0.78800000001025228,0.4873684210961437,0.27770564958871019,0.70469921672107039,0.43214407449743431,0.43509303330816496,0.3533817531332048,0.89999999999999991,0.90000000000000002,0.49999999999999994,0.30311156604239908,0.17028301884146488,0.60660146696407791,0.90000000000000002,0.90000000000000002,0.2600000001320113,0.17071302296423554,0.76408602150537641
0.85205479452054789,0.90000000000000002,0.45104795613994514,0.10000000000000002,0.90000000000000013,0.90000000000000013,0.60526315787660701,0.32314636369896738,0.70469921672107039,0.49704579017470069,0.48144526177888286,0.28252418049187455,0.74000000006014355,0.10000000000000003,0.49999999999999994,0.30311156604239908,0.17028301884146488,0.60660146696407791,0.90000000000000002,0.90000000000000002,0.2600000001320113,0.17071302296423554,0.6780645161290324
0.85342465753424657,0.90000000000000002,0.39886054988466879,0.2072625698134235,0.80399999982571357,0.80399999982571357,0.5042105263012856,0.28419718025956314,0.70469921672107039,0.43214407449743431,0.43509303330816496,0.3533817531332048,0.89999999999999991,0.90000000000000002,0.49999999999999994,0.30311156604239908,0.17028301884146488,0.60660146696407791,0.90000000000000002,0.90000000000000002,0.2600000001320113,0.17071302296423554,0.7778494623655916
0.85479452054794514,0.90000000000000002,0.4492949773562282,0.10000000000000002,0.90000000000000013,0.90000000000000013,0.60526315787660701,0.32314636369896738,0.70469921672107039,0.49704579017470069,0.48144526177888286,0.28252418049187455,0.74000000006014355,0.10000000000000003,0.49999999999999994,0.30311156604239908,0.17028301884146488,0.60660146696407791,0.90000000000000002,0.90000000000000002,0.2600000001320113,0.17071302296423554,0.69182795698924737
0.85616438356164382,0.90000000000000002,0.40580547216335355,0.18938547484451956,0.81999999989747863,0.81999999989747863,0.52105263167866245,0.29068871083279718,0.70469921672107039,0.43214407449743431,0.43509303330816496,0.3533817531332048,0.89999999999999991,0.90000000000000002,0.49999999999999994,0.30311156604239908,0.17028301884146488,0.60660146696407791,0.90000000000000002,0.90000000000000002,0.2600000001320113,0.17071302296423554,0.76064516129032267
0.8575342465753425,0.90000000000000002,0.44666550918065279,0.10000000000000002,0.90000000000000013,0.90000000000000013,0.60526315787660701,0.32314636369896738,0.70469921672107039,0.49704579017470069,0.48144526177888286,0.28252418049187455,0.74000000006014355,0.10000000000000003,0.49999999999999994,0.30311156604239908,0.17028301884146488,0.60660146696407791,0.90000000000000002,0.90000000000000002,0.2600000001320113,0.17071302296423554,0.69870967741935486
0.85890410958904106,0.90000000000000002,0.41622285558138072,0.1625698324477837,0.84399999987697427,0.84399999987697427,0.54631578948637538,0.30042600669264824,0.70469921672107039,0.43214407449743431,0.43509303330816496,0.3533817531332048,0.89999999999999991,0.90000000000000002,0.49999999999999994,0.30311156604239908,0.17028301884146488,0.60660146696407791,0.90000000000000002,0.90000000000000002,0.2600000001320113,0.17071302296423554,0.73999999999999999
0.86027397260273974,0.90000000000000002,0.44491253039693585,0.10000000000000002,0.90000000000000013,0.90000000000000013,0.60526315787660701,0.32314636369896738,0.70469921672107039,0.49704579017470069,0.48144526177888286,0.28252418049187455,0.74000000006014355,0.10000000000000003,0.49999999999999994,0.30311156604239908,0.17028301884146488,0.60660146696407791,0.90000000000000002,0.90000000000000002,0.2600000001320113,0.17071302296423554,0.68494623655913978
0.86164383561643831,0.90000000000000002,0.44228306222136043,0.10000000000000002,0.90000000000000013,0.90000000000000013,0.60526315787660701,0.32314636369896738,0.70469921672107039,0.49704579017470069,0.48144526177888286,0.28252418049187455,0.74000000006014355,0.10000000000000003,0.49999999999999994,0.30311156604239908,0.17028301884146488,0.60660146696407791,0.90000000000000002,0.90000000000000002,0.2600000001320113,0.17071302296423554,0.67978494623655938
0.86301369863013699,0.90000000000000002,0.38250369469692025,0.24569832397958091,0.76959999994053763,0.76959999994053763,0.44105263160976849,0.26253169690794226,0.70469921672107039,0.43214407449743431,0.43509303330816496,0.3533817531332048,0.89999999999999991,0.90000000000000002,0.49999999999999994,0.30311156604239908,0.17028301884146488,0.60660146696407791,0.90000000000000002,0.90000000000000002,0.2600000001320113,0.17071302296423554,0.81397849462365612
0.86438356164383556,0.90000000000000002,0.38990996157394886,0.18947494984634308,0.8199199198624505,0.8199199198624505,0.44560876671238553,0.26330358145105548,0.70469921672107039,0.43214407449743431,0.43509303330816496,0.3533817531332048,0.74000000006014355,0.90000000000000002,0.49999999999999994,0.30311156604239908,0.17028301884146488,0.60660146696407791,0.90000000000000002,0.90000000000000002,0.2600000001320113,0.17071302296423554,0.7589247311827958
0.86575342465753424,0.90000000000000002,0.40311571039338662,0.18938547484451956,0.81999999989747863,0.81999999989747863,0.50757894730786712,0.28500862153240797,0.70469921672107039,0.43214407449743431,0.43509303330816496,0.3533817531332048,0.89999999999999991,0.90000000000000002,0.49999999999999994,0.30311156604239908,0.17028301884146488,0.60660146696407791,0.90000000000000002,0.90000000000000002,0.2600000001320113,0.17071302296423554,0.74344086021505373
0.86712328767123281,0.90000000000000002,0.37788119024124006,0.22513966478232739,0.78800000001025228,0.78800000001025228,0.4199999999311062,0.25214524793219645,0.70469921672107039,0.43214407449743431,0.43509303330816496,0.3533817531332048,0.82000000003007179,0.90000000000000002,0.49999999999999994,0.30311156604239908,0.17028301884146488,0.60660146696407791,0.90000000000000002,0.90000000000000002,0.2600000001320113,0.17071302296423554,0.79161290322580657
0.86849315068493149,0.90000000000000002,0.37803024926285345,0.23407821232339937,0.77999999984621793,0.77999999984621793,0.4199999999311062,0.25255096866623772,0.70469921672107039,0.43214407449743431,0.43509303330816496,0.3533817531332048,0.82000000003007179,0.90000000000000002,0.49999999999999994,0.30311156604239908,0.17028301884146488,0.60660146696407791,0.90000000000000002,0.90000000000000002,0.2600000001320113,0.17071302296423554,0.82086021505376361
0.86986301369863017,0.90000000000000002,0.40042594874255372,0.18938547484451956,0.81999999989747863,0.81999999989747863,0.49410526310930653,0.2793285322320187,0.70469921672107039,0.43214407449743431,0.43509303330816496,0.3533817531332048,0.89999999999999991,0.90000000000000002,0.49999999999999994,0.30311156604239908,0.17028301884146488,0.60660146696407791,0.90000000000000002,0.90000000000000002,0.2600000001320113,0.17071302296423554,0.73827956989247312
0.87123287671232874,0.90000000000000002,0.40737087102123848,0.17150837987561565,0.83599999996924357,0.83599999996924357,0.51094736848668332,0.28582006290287165,0.70469921672107039,0.43214407449743431,0.43509303330816496,0.3533817531332048,0.89999999999999991,0.90000000000000002,0.49999999999999994,0.30311156604239908,0.17028301884146488,0.60660146696407791,0.90000000000000002,0.90000000000000002,0.2600000001320113,0.17071302296423554,0.71763440860215066
0.87260273972602742,0.90000000000000002,0.41431579329992324,0.15363128490671174,0.85199999978470498,0.85199999978470498,0.52778947369182527,0.29231159347610569,0.70469921672107039,0.43214407449743431,0.43509303330816496,0.3533817531332048,0.89999999999999991,0.90000000000000002,0.49999999999999994,0.30311156604239908,0.17028301884146488,0.60660146696407791,0.90000000000000002,0.90000000000000002,0.2600000001320113,0.17071302296423554,0.68494623655913978
0.87397260273972599,0.90000000000000002,0.36407731980165176,0.27877094968903915,0.73999999979495712,0.73999999979495712,0.34000000003444708,0.22374480172310696,0.70469921672107039,0.43214407449743431,0.43509303330816496,0.3533817531332048,0.099999999999999978,0.10000000000000003,0.2999999999004746,0.30311156604239908,0.17028301884146488,0.60660146696407791,0.90000000000000002,0.90000000000000002,0.2600000001320113,0.17071302296423554,0.76752688172043015
0.87534246575342467,0.90000000000000002,0.39908106785757025,0.18938547484451956,0.81999999989747863,0.81999999989747863,0.4873684210961437,0.27648848767944301,0.70469921672107039,0.43214407449743431,0.43509303330816496,0.3533817531332048,0.89999999999999991,0.90000000000000002,0.49999999999999994,0.30311156604239908,0.17028301884146488,0.60660146696407791,0.90000000000000002,0.90000000000000002,0.2600000001320113,0.17071302296423554,0.75032258064516144
0.87671232876712324,0.90000000000000002,0.40468110925127154,0.17150837987561565,0.83599999996924357,0.83599999996924357,0.49747368428812277,0.28013997360248244,0.70469921672107039,0.43214407449743431,0.43509303330816496,0.3533817531332048,0.89999999999999991,0.90000000000000002,0.49999999999999994,0.30311156604239908,0.17028301884146488,0.60660146696407791,0.90000000000000002,0.90000000000000002,0.2600000001320113,0.17071302296423554,0.68838709677419352
0.87808219178082192,0.90000000000000002,0.39532991656993655,0.18938547484451956,0.81999999989747863,0.81999999989747863,0.42741052638671412,0.25352469819365153,0.83747708718458136,0.49304624466368085,0.55002163576251539,0.49958161458481742,0.89999999999999991,0.90000000000000002,0.69999999990047457,0.30311156604239908,0.17028301884146488,0.60660146696407791,0.90000000000000002,0.90000000000000002,0.2600000001320113,0.17071302296423554,0.75548387096774205
0.87945205479452049,0.90000000000000002,0.38401940729369,0.18938547484451956,0.81999999989747863,0.81999999989747863,0.42673684211650387,0.25336240993908254,0.70469921672107039,0.43214407449743431,0.43509303330816496,0.3533817531332048,0.25999999993985629,0.90000000000000002,0.49999999999999994,0.30311156604239908,0.17028301884146488,0.60660146696407791,0.90000000000000002,0.90000000000000002,0.2600000001320113,0.17071302296423554,0.73311827956989251
0.88082191780821917,0.90000000000000002,0.39269938774442731,0.19206703907286915,0.81759999989952903,0.81759999989952903,0.42555789477281214,0.25356527025729375,0.83747708718458136,0.49304624466368085,0.55002163576251539,0.49958161458481742,0.89999999999999991,0.90000000000000002,0.69999999990047457,0.30311156604239908,0.17028301884146488,0.60660146696407791,0.90000000000000002,0.90000000000000002,0.2600000001320113,0.17071302296423554,0.75720430107526893
0.88219178082191774,0.90000000000000002,0.40893626987912335,0.15363128490671174,0.85199999978470498,0.85199999978470498,0.50084210529470419,0.28095141497294612,0.70469921672107039,0.43214407449743431,0.43509303330816496,0.3533817531332048,0.89999999999999991,0.90000000000000002,0.49999999999999994,0.30311156604239908,0.17028301884146488,0.60660146696407791,0.90000000000000002,0.90000000000000002,0.2600000001320113,0.17071302296423554,0.64365591397849475
0.88356164383561642,0.90000000000000002,0.39235666367092087,0.18938547484451956,0.81999999989747863,0.81999999989747863,0.45368421051362495,0.26228826452608878,0.70469921672107039,0.43214407449743431,0.43509303330816496,0.3533817531332048,0.89999999999999991,0.90000000000000002,0.49999999999999994,0.30311156604239908,0.17028301884146488,0.60660146696407791,0.90000000000000002,0.90000000000000002,0.2600000001320113,0.17071302296423554,0.71935483870967754
0.8849315068493151,0.90000000000000002,0.40284916023718326,0.18125952260651598,0.82727272708632471,0.82727272708632471,0.4980861244398222,0.28073011278987592,0.70469921672107039,0.43214407449743431,0.43509303330816496,0.3533817531332048,0.89999999999999991,0.90000000000000002,0.49999999999999994,0.30311156604239908,0.17028301884146488,0.60660146696407791,0.90000000000000002,0.90000000000000002,0.2600000001320113,0.17071302296423554,0.79849462365591406
0.88630136986301367,0.90000000000000002,0.38226944319564932,0.2018994413567243,0.80879999982161266,0.80879999982161266,0.3873263158400202,0.23997362815619205,0.70469921672107039,0.43214407449743431,0.43509303330816496,0.3533817531332048,0.25999999993985629,0.10000000000000003,0.49999999999999994,0.30311156604239908,0.17028301884146488,0.60660146696407791,0.90000000000000002,0.90000000000000002,0.2600000001320113,0.17071302296423554,0.71763440860215066
0.88767123287671235,0.90000000000000002,0.38899423826092755,0.182234636902254,0.8263999999774454,0.8263999999774454,0.40787368427296611,0.24674916317492179,0.70469921672107039,0.43214407449743431,0.43509303330816496,0.3533817531332048,0.25999999993985629,0.10000000000000003,0.49999999999999994,0.30311156604239908,0.17028301884146488,0.60660146696407791,0.90000000000000002,0.90000000000000002,0.2600000001320113,0.17071302296423554,0.71075268817204307
0.88904109589041092,0.90000000000000002,0.39172804768015196,0.17418994410396524,0.83359999997129408,0.83359999997129408,0.41646315790003097,0.24954863576147418,0.70469921672107039,0.43214407449743431,0.43509303330816496,0.3533817531332048,0.25999999993985629,0.10000000000000003,0.49999999999999994,0.30311156604239908,0.17028301884146488,0.60660146696407791,0.90000000000000002,0.90000000000000002,0.2600000001320113,0.17071302296423554,0.69870967741935486
0.8904109589041096,0.90000000000000002,0.39732747505725674,0.15810055862062772,0.84799999995899145,0.84799999995899145,0.43364210532639541,0.25526929702788675,0.70469921672107039,0.43214407449743431,0.43509303330816496,0.3533817531332048,0.25999999993985629,0.10000000000000003,0.49999999999999994,0.30311156604239908,0.17028301884146488,0.60660146696407791,0.90000000000000002,0.90000000000000002,0.2600000001320113,0.17071302296423554,0.64365591397849475
0.89178082191780816,0.90000000000000002,0.40019510268645397,0.15005586593557896,0.85519999995284024,0.85519999995284024,0.44273684219917658,0.25831220199629257,0.70469921672107039,0.43214407449743431,0.43509303330816496,0.3533817531332048,0.25999999993985629,0.10000000000000003,0.49999999999999994,0.30311156604239908,0.17028301884146488,0.60660146696407791,0.90000000000000002,0.90000000000000002,0.2600000001320113,0.17071302296423554,0.61096774193548398
0.89315068493150684,0.90000000000000002,0.39424641947644451,0.16703910616169967,0.8399999997949571,0.8399999997949571,0.42421052640462653,0.25214524793219645,0.70469921672107039,0.43214407449743431,0.43509303330816496,0.3533817531332048,0.25999999993985629,0.90000000000000002,0.49999999999999994,0.30311156604239908,0.17028301884146488,0.60660146696407791,0.90000000000000002,0.90000000000000002,0.2600000001320113,0.17071302296423554,0.68322580645161313
0.89452054794520541,0.90000000000000002,0.28217301541255002,0.10000000000000002,0.61999999989747856,0.61999999989747856,0.20947368417789247,0.15274368595633603,0.70469921672107039,0.44105215316949464,0.42793884316230391,0.20611712434364632,0.25999999993985629,0.10000000000000003,0.49999999999999994,0.30311156604239908,0.17028301884146488,0.60660146696407791,0.90000000000000002,0.90000000000000002,0.2600000001320113,0.17071302296423554,0.58172043010752694
0.89589041095890409,0.90000000000000002,0.39113851085548984,0.17150837987561565,0.83599999996924357,0.83599999996924357,0.40652631573254572,0.24605943809300371,0.70469921672107039,0.43214407449743431,0.43509303330816496,0.3533817531332048,0.25999999993985629,0.90000000000000002,0.49999999999999994,0.30311156604239908,0.17028301884146488,0.60660146696407791,0.90000000000000002,0.90000000000000002,0.2600000001320113,0.17071302296423554,0.6780645161290324
0.89726027397260277,0.90000000000000002,0.39110501442739831,0.17150837987561565,0.83599999996924357,0.83599999996924357,0.39810526312997468,0.2440308347156539,0.70469921672107039,0.43214407449743431,0.43509303330816496,0.3533817531332048,0.25999999993985629,0.90000000000000002,0.49999999999999994,0.30311156604239908,0.17028301884146488,0.60660146696407791,0.90000000000000002,0.90000000000000002,0.2600000001320113,0.17071302296423554,0.6660215053763443
0.89863013698630134,0.90000000000000002,0.39105811947572378,0.17150837987561565,0.83599999996924357,0.83599999996924357,0.38631578952082229,0.24119079016307815,0.70469921672107039,0.43214407449743431,0.43509303330816496,0.3533817531332048,0.099999999999999978,0.10000000000000003,0.2999999999004746,0.30311156604239908,0.17028301884146488,0.60660146696407791,0.90000000000000002,0.90000000000000002,0.2600000001320113,0.17071302296423554,0.64021505376344101
0.90000000000000002,0.90000000000000002,0.38769954614423896,0.18044692741668761,0.82799999980520933,0.82799999980520933,0.40652631573254572,0.24484227608611758,0.70469921672107039,0.43214407449743431,0.43509303330816496,0.3533817531332048,0.25999999993985629,0.90000000000000002,0.49999999999999994,0.30311156604239908,0.17028301884146488,0.60660146696407791,0.90000000000000002,0.90000000000000002,0.2600000001320113,0.17071302296423554,0.68150537634408626
